noBtg,idBarcode,jenis,panjang,pangkal,ujung,rata2,volume,grCm,grPersen
A105,1702A10WIKI0000000000216963,KR,13.9,74,62,68,5.05,0,0
A277,1702A10WIKI0000000000216763,MR,15.6,64,52,58,3.9,12,5.4
A294,1702A10WIKI0000000000218961,BNS,11.2,105,91,98,8,20,5.3
A515,1702A10WIKI0000000000219217,MR,13.8,59,50,54,3.16,0,0
A595,1702A10WIKI0000000000217359,MRS,16.7,64,51,57,4.26,0,0
A784,1702A10WIKI0000000000217286,MR,20,56,40,48,3.62,0,0
A833,1702A10WIKI0000000000218867,MR,20.3,83,74,78,9.7,0,0
A849,1702A10WIKI0000000000218634,BNS,21.9,61,45,53,4.83,0,0
A899,1702A10WIKI0000000000218771,MR,15,58,45,51,3.06,0,0
A907,1702A10WIKI0000000000218715,MR,14,56,45,50,2.75,0,0
A929,1702A10WIKI0000000000218663,MR,10.2,64,48,56,2.51,0,0
A964,1702A10WIKI0000000000219283,BNS,10.6,68,60,64,3.17,15,7
A1007,1702A10WIKI0000000000219351,MR,14.9,54,36,45,2.37,0,0
A1011,1702A10WIKI0000000000217083,KR,11.9,88,69,78,5.69,0,0
A1064,1702A10WIKI0000000000219510,MB,11.5,84,70,77,5.16,13,3.6
A1066,1702A10WIKI0000000000214051,MR,11.3,75,63,69,3.97,15,6
A1082,1702A10WIKI0000000000219512,MR,14.9,56,41,48,2.7,0,0
A1089,1702A10WIKI0000000000219367,MB,16.9,74,57,65,5.61,0,0
A1119,1702A10WIKI0000000000220706,BNS,14.5,130,112,121,16.67,0,0
A1120,1702A10WIKI0000000000258500,BNS,11.6,110,95,102,9.48,0,0
A1697,1702A10WIKI0000000000220256,MR,13.6,95,76,85,7.72,0,0
A1802,1702A10WIKI0000000000216273,MB,13,56,44,50,2.55,0,0
A1888,1702A10WIKI0000000000215158,BNS,10.6,142,120,131,13.33,30,6.7
A1969,1702A10WIKI0000000000215084,MR,14.6,60,50,55,3.14,15,9.5
A1981,1702A10WIKI0000000000215211,MR,16.2,61,50,55,3.85,0,0
A2023,1702A10WIKI0000000000215363,MR,14.6,53,53,53,3.22,0,0
A2059,1702A10WIKI0000000000215199,MR,13,109,80,94,9.02,0,0
A2164,1702A10WIKI0000000000222738,KR,13,80,62,71,5.15,0,0
A2193,1702A10WIKI0000000000222963,MR,17.9,64,59,61,5.23,0,0
A2322,1702A10WIKI0000000000218281,MR,10.3,80,67,73,4.31,0,0
A2347,1702A10WIKI0000000000218379,MR,10.7,66,54,60,3.03,0,0
A2349,1702A10WIKI0000000000218475,MR,15.1,60,50,55,3.59,0,0
A2350,1702A10WIKI0000000000215071,MR,9.1,59,53,56,1.95,18,13.2
A2363,1702A10WIKI0000000000220047,MR,8.3,75,65,70,3.19,0,0
A2506,1702A10WIKI0000000000220101,KR,13.9,59,50,54,3.18,0,0
A2516,1702A10WIKI0000000000220167,MR,13.8,61,53,57,3.52,0,0
A2543,1702A10WIKI0000000000215078,MR,12.6,69,59,64,3.9,11,3.8
A2626,1702A10WIKI0000000000215622,MR,13.2,74,59,66,4.52,0,0
A2682,1702A10WIKI0000000000215758,MR,13.2,62,50,56,3.25,0,0
A2800,1702A10WIKI0000000000215525,MB,13.9,57,47,52,2.95,0,0
A2801,1702A10WIKI0000000000221403,MB,14,77,67,72,5.7,0,0
A2812,1702A10WIKI0000000000221444,MR,19.2,71,59,65,6.37,0,0
A2825,1702A10WIKI0000000000215611,MR,18.8,68,53,60,5.32,0,0
A2934,1702A10WIKI0000000000220000,BNS,12.3,72,64,68,4.19,15,6.2
A2953,1702A10WIKI0000000000215394,MR,16,61,52,56,2.86,26,27.4
A2994,1702A10WIKI0000000000218349,KR,11.6,65,43,54,2.66,0,0
A3017,1702A10WIKI0000000000215492,MR,19.3,59,44,51,3.24,19,17.7
A3018,1702A10WIKI0000000000215481,MR,13.5,56,43,49,2.55,0,0
A3045,1702A10WIKI0000000000215550,KR,14.2,59,40,49,2.68,0,0
A3066,1702A10WIKI0000000000215538,MR,11,67,58,62,3.32,0,0
A3140,1702A10WIKI0000000000221357,MB,13.8,71,63,67,4.87,0,0
A3185,1702A10WIKI0000000000215796,KR,8.1,85,75,80,3.86,16,5.1
A3214,1702A10WIKI0000000000215723,KR,8.9,63,53,58,2.35,0,0
A3225,1702A10WIKI0000000000221429,MB,13.6,74,60,67,4.79,0,0
A3228,1702A10WIKI0000000000215749,MB,12,75,63,69,4.49,0,0
A3339,1702A10WIKI0000000000215808,MR,11.6,61,56,58,3.06,0,0
A3341,1702A10WIKI0000000000215943,MR,15.8,66,51,58,4.17,0,0
A3343,1702A10WIKI0000000000215506,MR,14.9,58,55,56,3.67,0,0
A3344,1702A10WIKI0000000000215580,MR,15.9,73,59,66,5.44,0,0
A3345,1702A10WIKI0000000000215863,MR,17.6,57,48,52,3.74,0,0
A3360,1702A10WIKI0000000000215645,MR,16,83,69,76,7.26,0,0
A3365,1702A10WIKI0000000000215809,MR,17.6,77,55,66,6.02,0,0
A3367,1702A10WIKI0000000000215934,MR,14.7,68,56,62,4.44,0,0
A3505,1702A10WIKI0000000000214726,MR,19.2,65,51,58,5.07,0,0
A3517,1702A10WIKI0000000000215693,KR,13.2,72,55,63,3.98,10,3.2
A3525,1702A10WIKI0000000000214819,MB,10.8,65,48,56,2.66,0,0
A3534,1702A10WIKI0000000000214723,MR,8.6,55,48,51,1.67,10,4.9
A3582,1702A10WIKI0000000000214860,MR,19.7,60,45,52,4.18,0,0
A3583,1702A10WIKI0000000000214793,MR,9,106,95,100,7.07,0,0
A3586,1702A10WIKI0000000000215850,MR,20,76,59,67,7.05,0,0
A3591,1702A10WIKI0000000000214820,MR,15.6,63,49,56,3.22,20,16.2
A3593,1702A10WIKI0000000000221697,MR,11.9,70,63,66,3.64,19,10.5
A3609,1702A10WIKI0000000000221585,MR,15.8,70,58,64,4.45,20,12.4
A3615,1702A10WIKI0000000000221696,MR,18.1,72,52,62,5.11,14,6.5
A3617,1702A10WIKI0000000000221855,MR,12.9,65,59,62,3.89,0,0
A3619,1702A10WIKI0000000000221730,MR,13.1,60,49,54,3,0,0
A3620,1702A10WIKI0000000000221648,MR,12.1,81,76,78,5.39,18,6.8
A3621,1702A10WIKI0000000000221756,MR,12.2,77,69,73,5.11,0,0
A3622,1702A10WIKI0000000000221602,MR,17.2,60,50,55,3.7,15,9.5
A3623,1702A10WIKI0000000000221679,MR,20.2,69,50,59,5.52,0,0
A3625,1702A10WIKI0000000000221805,MR,17.5,62,50,56,4.31,0,0
A3626,1702A10WIKI0000000000221605,MR,19.5,77,61,69,7.29,0,0
A3745,1702A10WIKI0000000000222219,MR,20.8,73,56,64,6.69,0,0
A3793,1702A10WIKI0000000000222628,MR,17.1,59,49,54,3.92,0,0
A3797,1702A10WIKI0000000000222033,MB,20.9,71,56,63,6.52,0,0
A3802,1702A10WIKI0000000000221999,MR,19.1,66,53,59,5.22,0,0
A3803,1702A10WIKI0000000000221737,MRS,21.4,73,58,65,7.1,0,0
A3830,1702A10WIKI0000000000222097,MR,14.1,90,75,82,7.45,0,0
A3845,1702A10WIKI0000000000221606,KR,17.9,82,67,74,7.7,0,0
A3927,1702A10WIKI0000000000214510,KR,14.1,77,61,69,5.27,0,0
A3943,1702A10WIKI0000000000213725,RC,16.2,67,56,61,4.73,0,0
A3954,1702A10WIKI0000000000213938,MR,19.6,64,57,60,5.54,0,0
A3996,1702A10WIKI0000000000214425,MR,11.9,63,51,57,3.04,0,0
A3998,1702A10WIKI0000000000214398,MR,10.9,66,55,60,3.08,0,0
A4052,1702A10WIKI0000000000214397,MR,10.6,66,54,60,2.53,21,15.6
A4085,1702A10WIKI0000000000214367,MR,16.8,62,45,53,3.71,0,0
A4097,1702A10WIKI0000000000214419,MR,19.9,58,45,51,4.07,0,0
A4102,1702A10WIKI0000000000214448,MR,17.5,67,47,57,4.47,0,0
A4136,1702A10WIKI0000000000213850,MR,20,69,51,60,5.65,0,0
A4188,1702A10WIKI0000000000214136,MR,16.9,83,64,73,6.79,13,4
A4251,1702A10WIKI0000000000214372,MR,10.8,69,63,66,3.69,0,0
A4266,1702A10WIKI0000000000214246,MB,17.2,68,54,61,5.03,0,0
A4276,1702A10WIKI0000000000214328,MR,15.2,79,58,68,5.52,0,0
A4277,1702A10WIKI0000000000214222,MR,16.2,64,50,57,4.13,0,0
A4294,1702A10WIKI0000000000214158,MR,16.9,61,48,54,3.63,12,6.3
A4296,1702A10WIKI0000000000214302,MR,13.2,67,54,60,3.73,0,0
A4318,1702A10WIKI0000000000214300,MR,13.9,75,68,71,5.5,0,0
A4319,1702A10WIKI0000000000214283,MR,22.6,86,70,78,10.8,0,0
A4320,1702A10WIKI0000000000214157,MR,16.7,115,94,104,14.19,0,0
A4322,1702A10WIKI0000000000214238,MR,17.4,79,57,68,6.32,0,0
A4323,1702A10WIKI0000000000214241,MR,19.6,89,70,79,9.61,0,0
A4343,1702A10WIKI0000000000214269,MR,16.5,84,63,73,6.24,20,9.6
A4345,1702A10WIKI0000000000222650,MR,17,75,64,69,6.36,0,0
A4347,1702A10WIKI0000000000213872,MR,13.3,66,47,56,2.79,19,14.7
A4349,1702A10WIKI0000000000214291,MR,16.6,69,58,63,5.17,0,0
A4350,1702A10WIKI0000000000253547,MR,15.7,51,42,46,2.61,0,0
A4351,1702A10WIKI0000000000253381,MR,14.9,78,66,72,6.07,0,0
A4352,1702A10WIKI0000000000253223,MR,17.5,82,59,70,6.73,0,0
A4364,1702A10WIKI0000000000253308,MR,21.2,62,49,55,5.04,0,0
A4382,1702A10WIKI0000000000253005,MB,18.1,55,44,49,3.41,0,0
A4383,1702A10WIKI0000000000253526,MR,16.6,60,48,54,3.8,0,0
A4388,1702A10WIKI0000000000253502,KR,13.2,74,65,69,4.35,21,11.8
A4418,1702A10WIKI0000000000258953,BNS,16.5,59,49,54,3.61,10,4.4
A4419,1702A10WIKI0000000000258937,MR,17.5,67,52,59,4.78,0,0
A4420,1702A10WIKI0000000000258976,MR,17,67,55,61,4.97,0,0
A4421,1702A10WIKI0000000000253532,MR,15.8,69,53,61,4.62,0,0
A4432,1702A10WIKI0000000000253481,MR,17.7,67,48,57,4.52,0,0
A4436,1702A10WIKI0000000000253016,MR,16.6,59,51,55,3.94,0,0
A4442,1702A10WIKI0000000000253257,MR,16.7,60,40,50,2.95,14,10
A4443,1702A10WIKI0000000000253065,BNS,15.7,106,80,93,10.31,15,3.3
A4449,1702A10WIKI0000000000253342,MB,17.7,67,50,58,3.82,22,18.3
A4469,1702A10WIKI0000000000253194,MR,20,72,53,62,6.04,0,0
A4477,1702A10WIKI0000000000253319,MR,17.4,58,45,51,3.55,0,0
A4479,1702A10WIKI0000000000253220,MR,18,56,42,49,3.39,0,0
A4480,1702A10WIKI0000000000253512,MR,18.9,63,50,56,4.66,0,0
A4482,1702A10WIKI0000000000253533,MR,19.3,65,50,57,4.15,20,15.7
A4483,1702A10WIKI0000000000253365,MR,15.3,70,53,61,4.21,13,5.8
A4497,1702A10WIKI0000000000253521,MR,10.6,60,53,56,2.61,0,0
A4498,1702A10WIKI0000000000253224,MR,15.4,60,50,55,3.66,0,0
A4512,1702A10WIKI0000000000252900,MR,15.9,55,40,47,2.76,0,0
A4518,1702A10WIKI0000000000252859,MR,18.4,59,42,50,3.61,0,0
A4522,1702A10WIKI0000000000252940,MR,15.3,58,49,53,3.38,0,0
A4524,1702A10WIKI0000000000252616,MR,20.5,64,47,55,4.87,0,0
A4525,1702A10WIKI0000000000253018,MR,21.2,62,47,54,4.86,0,0
A4526,1702A10WIKI0000000000252601,MR,19.7,67,47,57,5.03,0,0
A4549,1702A10WIKI0000000000258407,BNS,14.6,54,44,49,2.75,0,0
A4550,1702A10WIKI0000000000259000,BNS,21.5,73,53,63,6.22,15,7.2
A4551,1702A10WIKI0000000000258516,BNS,21.3,61,47,54,4.33,16,11.2
A4552,1702A10WIKI0000000000258828,MR,19.9,67,46,56,4.9,0,0
A4553,1702A10WIKI0000000000258297,MR,14.1,90,73,81,7.27,0,0
A4554,1702A10WIKI0000000000258897,MR,9.2,73,66,69,3.44,0,0
A4555,1702A10WIKI0000000000258340,MB,13.9,52,42,47,2.41,0,0
A4556,1702A10WIKI0000000000258694,MB,14.6,62,47,54,3.34,0,0
A4557,1702A10WIKI0000000000258387,MR,16.9,60,47,53,3.4,14,8.9
A4558,1702A10WIKI0000000000259057,MR,13.1,77,64,70,5.04,0,0
A4559,1702A10WIKI0000000000258903,MR,12.9,55,51,53,2.85,0,0
A4560,1702A10WIKI0000000000258666,MB,16.8,67,55,61,4.91,0,0
A4561,1702A10WIKI0000000000258647,KR,14,65,53,59,3.83,0,0
A4562,1702A10WIKI0000000000222709,MR,15,59,48,53,3.31,0,0
A4563,1702A10WIKI0000000000259100,MR,16.9,82,57,69,6.32,0,0
A4564,1702A10WIKI0000000000258803,MB,17,74,55,64,5.47,0,0
A4565,1702A10WIKI0000000000258442,MR,15.2,66,50,58,4.02,0,0
A4566,1702A10WIKI0000000000258735,MR,15.5,56,41,48,2.8,0,0
A4567,1702A10WIKI0000000000258585,KR,12.5,72,63,67,4.41,0,0
A4569,1702A10WIKI0000000000259096,MB,14.2,58,52,55,2.91,18,13.6
A4570,1702A10WIKI0000000000258911,MR,15.8,62,44,53,3.49,0,0
A4571,1702A10WIKI0000000000258476,MB,18.1,50,41,45,2.7,10,6.3
A4572,1702A10WIKI0000000000258753,MR,12.9,56,45,50,2.53,0,0
A4573,1702A10WIKI0000000000258782,MB,17.7,52,42,47,3.07,0,0
A4574,1702A10WIKI0000000000258985,MR,19.4,74,51,62,5.86,0,0
A4575,1702A10WIKI0000000000258446,KR,13.9,54,47,50,2.73,0,0
A4576,1702A10WIKI0000000000258420,KR,19.7,70,55,62,5.95,0,0
A4577,1702A10WIKI0000000000259076,KR,19.3,84,57,70,7.43,0,0
A4578,1702A10WIKI0000000000258438,MB,16.5,56,47,51,3.37,0,0
A4579,1702A10WIKI0000000000258292,KR,17.3,57,47,52,3.67,0,0
A4580,1702A10WIKI0000000000258498,KR,16.9,54,42,48,3.06,0,0
A4581,1702A10WIKI0000000000258333,MB,19,74,48,61,5.55,0,0
A4582,1702A10WIKI0000000000258879,MR,17.4,64,48,56,4.29,0,0
A4583,1702A10WIKI0000000000258950,MR,18,71,58,64,5.79,0,0
A4584,1702A10WIKI0000000000258368,KR,16.3,72,55,63,5.08,0,0
A4585,1702A10WIKI0000000000258955,KR,18.5,52,40,46,3.07,0,0
A4586,1702A10WIKI0000000000258543,KR,13.5,60,43,51,2.76,0,0
A4587,1702A10WIKI0000000000259088,KR,19.5,75,50,62,5.89,0,0
A4588,1702A10WIKI0000000000258459,MR,18.5,75,50,62,5.59,0,0
A4589,1702A10WIKI0000000000258352,MB,13.6,60,49,54,2.77,16,11.2
A4590,1702A10WIKI0000000000258472,MR,11.9,60,43,51,2.43,0,0
A4591,1702A10WIKI0000000000258696,MB,17.4,55,44,49,3.07,11,6.4
A4592,1702A10WIKI0000000000258479,MR,17.4,65,53,59,4.76,0,0
A4593,1702A10WIKI0000000000258815,KR,18.6,69,60,64,5.98,0,0
A4594,1702A10WIKI0000000000258634,MR,18.3,72,46,59,5,0,0
A4595,1702A10WIKI0000000000259034,MR,13.9,82,48,65,4.61,0,0
A4596,1702A10WIKI0000000000258231,KR,18.4,66,50,58,4.86,0,0
A4597,1702A10WIKI0000000000258639,KR,16.7,62,48,55,3.97,0,0
A4598,1702A10WIKI0000000000258783,MR,18,56,42,49,3.39,0,0
A4599,1702A10WIKI0000000000258784,KR,15.5,68,53,60,4.38,0,0
A4600,1702A10WIKI0000000000259016,KR,15.9,56,40,48,2.88,0,0
A4601,1702A10WIKI0000000000258816,KR,14.5,64,49,56,3.57,0,0
A4602,1702A10WIKI0000000000258956,KR,21,71,45,58,5.55,0,0
A4603,1702A10WIKI0000000000258487,KR,16.9,57,42,49,3.19,0,0
A4606,1702A10WIKI0000000000258652,MR,16.8,59,41,50,3.3,0,0
A4617,1702A10WIKI0000000000258996,MR,18.4,64,49,56,4.53,0,0
A4627,1702A10WIKI0000000000252600,MR,13.7,64,48,56,3.24,10,4.1
A4651,1702A10WIKI0000000000258248,MR,13.5,70,56,63,4.21,0,0
A4660,1702A10WIKI0000000000258977,MR,17.8,69,54,61,5.2,0,0
A4679,1702A10WIKI0000000000258499,MR,10.9,58,50,54,2.5,0,0
A4682,1702A10WIKI0000000000258494,MR,10.9,73,67,70,4.09,10,2.6
A4689,1702A10WIKI0000000000258436,MR,12.2,95,83,89,7.59,0,0
A4704,1702A10WIKI0000000000258941,MR,18,60,55,57,4.59,0,0
A4705,1702A10WIKI0000000000258714,MR,11.3,63,51,57,2.88,0,0
A4708,1702A10WIKI0000000000258804,MR,13.4,56,50,53,2.96,0,0
A4711,1702A10WIKI0000000000258526,MB,12.8,65,53,59,3.31,12,5.3
A4712,1702A10WIKI0000000000258861,MR,16.1,63,61,62,4.86,0,0
A4714,1702A10WIKI0000000000258312,MR,14.3,70,56,63,4.46,0,0
A4715,1702A10WIKI0000000000258951,MR,17.3,70,48,59,4.73,0,0
A4717,1702A10WIKI0000000000258663,MR,16.3,58,43,50,3.2,0,0
A4720,1702A10WIKI0000000000258765,MR,11.7,65,48,56,2.54,17,11.7
A4726,1702A10WIKI0000000000259055,MR,16,79,65,72,6.29,12,3.5
A4727,1702A10WIKI0000000000258280,MR,13.7,90,73,81,6.75,15,4.4
A4730,1702A10WIKI0000000000252993,MR,15.3,50,41,45,2.43,0,0
A4734,1702A10WIKI0000000000252739,MR,16.6,54,40,47,2.88,0,0
A4751,1702A10WIKI0000000000258908,MB,20.5,67,52,59,5.6,0,0
A4752,1702A10WIKI0000000000258555,KR,20,63,46,54,4.58,0,0
A4753,1702A10WIKI0000000000258423,KR,15.8,67,50,58,4.17,0,0
A4754,1702A10WIKI0000000000258728,KR,9.8,66,59,62,2.96,0,0
A4755,1702A10WIKI0000000000258984,KR,13.4,88,66,77,6.24,0,0
A4756,1702A10WIKI0000000000258822,MR,21.2,76,64,70,8.16,0,0
A4757,1702A10WIKI0000000000258695,MR,14.6,63,50,56,3.6,0,0
A4758,1702A10WIKI0000000000259046,MB,15.6,55,42,48,2.82,0,0
A4759,1702A10WIKI0000000000258886,MR,18.9,76,53,64,6.08,0,0
A4760,1702A10WIKI0000000000258684,KR,16.1,59,47,53,3.28,13,7.7
A4761,1702A10WIKI0000000000258483,MR,20.2,67,43,55,4.8,0,0
A4762,1702A10WIKI0000000000258485,MR,18,75,56,65,5.97,0,0
A4763,1702A10WIKI0000000000258982,MB,9.6,66,57,61,2.53,17,9.9
A4764,1702A10WIKI0000000000258467,MB,12.2,52,46,49,2.18,10,5.3
A4765,1702A10WIKI0000000000258449,MB,16,65,52,58,3.91,14,7.4
A4766,1702A10WIKI0000000000258364,KR,18.4,73,57,65,6.11,0,0
A4767,1702A10WIKI0000000000258427,MB,17.6,71,54,62,5.1,11,4
A4768,1702A10WIKI0000000000258642,KR,13.5,50,40,45,2.15,0,0
A4769,1702A10WIKI0000000000259083,MR,15.5,74,56,65,5.14,0,0
A4780,1702A10WIKI0000000000257354,MR,21.4,78,61,69,8,0,0
A4782,1702A10WIKI0000000000258058,KR,16.3,53,45,49,3.07,0,0
A4783,1702A10WIKI0000000000257887,MR,17.5,75,60,67,6.17,0,0
A4786,1702A10WIKI0000000000258151,MR,17.3,63,49,56,4.26,0,0
A4793,1702A10WIKI0000000000258040,KR,12.6,69,53,61,3.68,0,0
A4795,1702A10WIKI0000000000257387,MR,11.9,68,58,63,3.71,0,0
A4796,1702A10WIKI0000000000257628,MR,12.6,58,50,54,2.89,0,0
A4797,1702A10WIKI0000000000257456,KR,11,54,46,50,2.16,0,0
A4799,1702A10WIKI0000000000258739,MR,20.7,73,46,59,5.66,0,0
A4800,1702A10WIKI0000000000259022,MR,20.5,87,68,77,9.55,0,0
A4801,1702A10WIKI0000000000258919,MR,17.6,62,43,52,3.34,15,10.6
A4806,1702A10WIKI0000000000258860,MR,21.8,70,49,59,5.96,0,0
A4808,1702A10WIKI0000000000258416,MR,15.2,65,50,57,3.88,0,0
A4809,1702A10WIKI0000000000258595,MR,14.6,55,46,50,2.58,14,10
A4811,1702A10WIKI0000000000258926,MR,15.8,56,43,49,2.98,0,0
A4817,1702A10WIKI0000000000258432,BNS,21.6,60,49,54,4.95,0,0
A4822,1702A10WIKI0000000000258579,MR,19.1,55,46,50,3.75,0,0
A4823,1702A10WIKI0000000000258986,MR,20.3,60,45,52,4.31,0,0
A4837,1702A10WIKI0000000000258345,MR,17.7,62,47,54,4.05,0,0
A4839,1702A10WIKI0000000000258806,MR,15.2,64,52,58,4.02,0,0
A4840,1702A10WIKI0000000000258537,MR,19.6,71,48,59,5.36,0,0
A4844,1702A10WIKI0000000000258276,MR,18.5,85,59,72,7.53,0,0
A4846,1702A10WIKI0000000000258906,MR,16.2,56,44,50,3.18,0,0
A4847,1702A10WIKI0000000000258902,MR,15.1,58,49,53,3.33,0,0
A4850,1702A10WIKI0000000000258226,MR,15,52,40,46,2.49,0,0
A4852,1702A10WIKI0000000000258575,MR,17,67,52,59,4.1,18,11.8
A4855,1702A10WIKI0000000000258779,KR,16.9,65,52,58,3.85,19,13.7
A4861,1702A10WIKI0000000000258834,MR,15.4,54,43,48,2.79,0,0
A4862,1702A10WIKI0000000000258429,MR,15.8,62,53,57,4.03,0,0
A4863,1702A10WIKI0000000000258843,MRS,17.8,54,41,47,3.09,0,0
A4867,1702A10WIKI0000000000258789,MR,17.3,61,40,50,3.22,10,5.1
A4870,1702A10WIKI0000000000258202,KR,14,66,41,53,3.09,0,0
A4871,1702A10WIKI0000000000258891,MR,18.8,58,43,50,3.69,0,0
A4872,1702A10WIKI0000000000258679,MR,18.4,63,50,56,4.53,0,0
A4874,1702A10WIKI0000000000258232,MR,18.8,67,50,58,4.97,0,0
A4876,1702A10WIKI0000000000258693,MR,11.3,61,51,56,2.46,17,11.7
A4882,1702A10WIKI0000000000258531,MR,19.5,75,53,64,6.27,0,0
A4883,1702A10WIKI0000000000258308,MR,18.7,72,52,62,5.46,10,3.3
A4885,1702A10WIKI0000000000259039,MR,11,86,76,81,5.67,0,0
A4886,1702A10WIKI0000000000258764,MR,12.4,78,70,74,5.33,0,0
A4887,1702A10WIKI0000000000258788,MR,13.1,74,58,66,3.96,20,11.7
A4890,1702A10WIKI0000000000257575,KR,18.9,89,67,78,9.03,0,0
A4892,1702A10WIKI0000000000258845,MRS,12.8,79,73,76,5.81,0,0
A4896,1702A10WIKI0000000000258452,MRS,11.4,89,80,84,6.32,0,0
A4898,1702A10WIKI0000000000258552,MR,16.8,80,69,74,6.62,19,8.4
A4899,1702A10WIKI0000000000257711,KR,16.3,90,73,81,8.4,0,0
A4901,1702A10WIKI0000000000258332,MR,15.7,72,60,66,5.37,0,0
A4903,1702A10WIKI0000000000258419,MR,13.5,62,50,56,3.33,0,0
A4907,1702A10WIKI0000000000258430,MR,19.7,77,54,65,6.54,0,0
A4911,1702A10WIKI0000000000258412,MR,18.9,86,69,77,8.8,0,0
A4913,1702A10WIKI0000000000258344,MR,20.7,92,68,80,10.4,0,0
A4918,1702A10WIKI0000000000258251,MRS,18.3,65,50,57,4.45,11,4.7
A4920,1702A10WIKI0000000000258823,MR,18.5,59,43,51,3.78,0,0
A4922,1702A10WIKI0000000000258301,MR,19.7,63,45,54,4.51,0,0
A4926,1702A10WIKI0000000000258239,MR,16.3,57,40,48,2.95,0,0
A4930,1702A10WIKI0000000000258335,MR,9.1,55,50,52,1.93,0,0
A4931,1702A10WIKI0000000000259043,MR,15.8,66,47,56,3.54,15,9.1
A4936,1702A10WIKI0000000000258882,MB,21.3,83,63,73,8.91,0,0
A4941,1702A10WIKI0000000000258572,MR,15.1,50,41,45,2.22,11,7.6
A4943,1702A10WIKI0000000000258773,MB,18.5,60,48,54,4.24,0,0
A4944,1702A10WIKI0000000000258649,MB,17.8,50,48,49,3.36,0,0
A4946,1702A10WIKI0000000000258462,MB,14.3,81,69,75,6.32,0,0
A4947,1702A10WIKI0000000000258512,BNS,17.6,64,41,52,3.74,0,0
A4948,1702A10WIKI0000000000259010,KR,16.3,62,52,57,4.16,0,0
A4949,1702A10WIKI0000000000258367,KR,13.6,58,49,53,3,0,0
A4950,1702A10WIKI0000000000258726,KR,15.8,55,42,48,2.86,0,0
A4953,1702A10WIKI0000000000258910,KR,14.3,51,40,45,2.27,0,0
A4954,1702A10WIKI0000000000258221,MR,16.2,70,57,63,5.05,0,0
A4955,1702A10WIKI0000000000258657,KR,12.8,64,40,52,2.72,0,0
A4956,1702A10WIKI0000000000258565,KR,9.2,67,65,66,3.15,0,0
A4957,1702A10WIKI0000000000258759,KR,9.1,56,51,53,2.01,0,0
A4960,1702A10WIKI0000000000258752,MR,20.3,77,61,69,7.59,0,0
A4967,1702A10WIKI0000000000258992,MR,18,82,61,71,6.54,18,8.2
A4979,1702A10WIKI0000000000259008,MR,18.2,73,65,69,6.81,0,0
A4982,1702A10WIKI0000000000258632,MR,15.9,70,58,64,5.12,0,0
A4984,1702A10WIKI0000000000258740,MR,12.7,58,48,53,2.8,0,0
A4991,1702A10WIKI0000000000258972,KR,18.6,91,74,82,9.82,0,0
A4995,1702A10WIKI0000000000258787,MR,17.3,54,48,51,3.53,0,0
A4999,1702A10WIKI0000000000252691,KR,14.2,59,40,49,2.68,0,0
A5001,1702A10WIKI0000000000253343,MR,19.1,86,62,74,8.21,0,0
A5003,1702A10WIKI0000000000253394,MR,17,57,47,52,3.61,0,0
A5004,1702A10WIKI0000000000252730,MR,16.6,50,40,45,2.64,0,0
A5005,1702A10WIKI0000000000253484,MR,15.1,60,51,55,3.59,0,0
A5006,1702A10WIKI0000000000253387,MB,18.7,75,52,63,5.83,0,0
A5008,1702A10WIKI0000000000257924,MR,16.9,85,64,74,6.83,16,6
A5010,1702A10WIKI0000000000257424,MR,18.6,64,48,56,4.58,0,0
A5012,1702A10WIKI0000000000214187,MR,14.9,67,53,60,4.21,0,0
A5013,1702A10WIKI0000000000257333,MR,19.8,60,40,50,3.89,0,0
A5031,1702A10WIKI0000000000257672,KR,20.4,70,45,57,5.21,0,0
A5032,1702A10WIKI0000000000258160,KR,17.7,75,70,72,7.21,0,0
A5033,1702A10WIKI0000000000258107,KR,21.8,65,48,56,5.37,0,0
A5034,1702A10WIKI0000000000257542,KR,19.7,75,53,64,6.34,0,0
A5035,1702A10WIKI0000000000258014,KR,21.1,78,53,65,7,0,0
A5036,1702A10WIKI0000000000257579,MR,19.4,74,55,64,6.24,0,0
A5037,1702A10WIKI0000000000258011,KR,17.3,86,66,76,7.29,18,7.1
A5038,1702A10WIKI0000000000222330,MR,11.7,68,52,60,2.88,19,12.8
A5039,1702A10WIKI0000000000257701,MR,10.7,110,100,105,9.27,0,0
A5040,1702A10WIKI0000000000257773,KR,18,102,85,93,12.23,0,0
A5041,1702A10WIKI0000000000257702,KR,21.8,80,54,67,7.69,0,0
A5042,1702A10WIKI0000000000257374,KR,18.5,75,50,62,5.59,0,0
A5043,1702A10WIKI0000000000257975,MRS,19.2,83,62,72,7.82,0,0
A5044,1702A10WIKI0000000000257676,KR,10.9,130,95,112,10.74,0,0
A5045,1702A10WIKI0000000000257522,KR,11.5,97,88,92,7.64,0,0
A5046,1702A10WIKI0000000000239143,MB,17,57,48,52,3.61,0,0
A5047,1702A10WIKI0000000000257400,KR,16.6,69,47,58,4.39,0,0
A5048,1702A10WIKI0000000000258146,KR,19.4,70,51,60,5.49,0,0
A5049,1702A10WIKI0000000000258051,MB,12.8,85,70,77,5.96,0,0
A5050,1702A10WIKI0000000000257767,KR,16.2,72,47,59,4.43,0,0
A5051,1702A10WIKI0000000000257438,KR,16,89,64,76,7.26,0,0
A5052,1702A10WIKI0000000000257979,KR,23.6,84,46,65,7.83,0,0
A5053,1702A10WIKI0000000000257454,KR,22.3,69,51,60,6.31,0,0
A5054,1702A10WIKI0000000000257794,KR,19.6,65,51,58,4.74,15,8.5
A5055,1702A10WIKI0000000000257590,MR,13.3,105,87,96,9.63,0,0
A5056,1702A10WIKI0000000000258144,MR,13.4,102,88,95,9.5,0,0
A5057,1702A10WIKI0000000000257307,KR,17.3,74,61,67,6.1,0,0
A5058,1702A10WIKI0000000000257718,KR,17.7,86,70,78,8.46,0,0
A5059,1702A10WIKI0000000000258180,KR,22.7,80,55,67,8,0,0
A5060,1702A10WIKI0000000000257459,KR,18.8,88,65,76,8.53,0,0
A5061,1702A10WIKI0000000000257838,KR,17.8,69,50,59,4.87,0,0
A5062,1702A10WIKI0000000000257340,KR,17.7,86,55,70,6.81,0,0
A5063,1702A10WIKI0000000000258112,KR,12.9,68,50,59,3.53,0,0
A5064,1702A10WIKI0000000000257690,MR,14.5,70,63,66,4.96,0,0
A5065,1702A10WIKI0000000000257525,MR,16.8,105,87,96,11.42,21,6.1
A5066,1702A10WIKI0000000000258731,MB,13.4,77,65,71,4.77,20,10.1
A5067,1702A10WIKI0000000000257359,MR,17.9,82,63,72,7.29,0,0
A5068,1702A10WIKI0000000000257722,MR,14.9,76,60,68,5.41,0,0
A5069,1702A10WIKI0000000000257584,MB,14.4,90,73,81,7.42,0,0
A5070,1702A10WIKI0000000000257832,MR,19.2,87,66,76,8.71,0,0
A5071,1702A10WIKI0000000000222670,MR,14.4,58,41,49,2.72,0,0
A5072,1702A10WIKI0000000000257729,KR,17.7,70,55,62,5.34,0,0
A5073,1702A10WIKI0000000000258162,KR,18.9,77,55,66,6.47,0,0
A5074,1702A10WIKI0000000000257895,KR,11.1,68,54,61,3.24,0,0
A5076,1702A10WIKI0000000000258946,MB,9.2,65,52,58,2.19,16,9.7
A5079,1702A10WIKI0000000000258621,KR,9.5,61,52,56,2.34,0,0
A5091,1702A10WIKI0000000000258975,MR,15.2,57,46,51,3.11,0,0
A5092,1702A10WIKI0000000000259017,MB,16.5,60,46,53,3.04,19,16.4
A5093,1702A10WIKI0000000000258264,MR,15.8,61,44,52,3.36,0,0
A5096,1702A10WIKI0000000000259091,MRS,14.9,66,53,59,4.07,0,0
A5097,1702A10WIKI0000000000259007,MRS,13.2,50,40,45,2.1,0,0
A5100,1702A10WIKI0000000000258671,KR,9,56,45,50,1.77,0,0
A5101,1702A10WIKI0000000000218461,MR,11.9,66,57,61,3.48,0,0
A5102,1702A10WIKI0000000000258380,MR,8.3,59,47,53,1.75,10,4.5
A5103,1702A10WIKI0000000000258873,MR,10.8,80,63,71,4.09,13,4.3
A5106,1702A10WIKI0000000000258841,MR,17.7,62,48,55,4.21,0,0
A5109,1702A10WIKI0000000000218388,MR,12,54,51,52,2.55,0,0
A5110,1702A10WIKI0000000000258279,BNS,13.9,55,42,48,2.52,0,0
A5111,1702A10WIKI0000000000259038,MB,16,58,42,50,3.14,0,0
A5112,1702A10WIKI0000000000258413,MB,12.8,70,61,65,4.25,0,0
A5113,1702A10WIKI0000000000258323,MR,16.5,62,48,55,3.68,12,6.1
A5114,1702A10WIKI0000000000258949,BNS,15.6,56,42,49,2.94,0,0
A5115,1702A10WIKI0000000000258557,MR,8.9,62,55,58,2.18,14,7.4
A5116,1702A10WIKI0000000000258637,MR,18.2,63,44,53,4.02,0,0
A5117,1702A10WIKI0000000000257355,MR,19.2,57,41,49,3.35,12,7.6
A5118,1702A10WIKI0000000000259033,MR,15.5,60,41,50,3.04,0,0
A5119,1702A10WIKI0000000000258880,MR,13.8,57,40,48,2.05,18,17.9
A5120,1702A10WIKI0000000000258967,MB,14.6,70,53,61,4.27,0,0
A5122,1702A10WIKI0000000000257477,KR,11.7,64,60,62,3.53,0,0
A5123,1702A10WIKI0000000000257903,KR,10.6,64,58,61,3.1,0,0
A5124,1702A10WIKI0000000000258457,KR,11.2,58,51,54,2.57,0,0
A5126,1702A10WIKI0000000000258614,MB,10,67,61,64,3.22,0,0
A5130,1702A10WIKI0000000000258894,KR,14.7,55,46,50,2.89,0,0
A5131,1702A10WIKI0000000000257641,KR,12.9,73,55,64,4.15,0,0
A5143,1702A10WIKI0000000000259024,MRS,12.4,72,66,69,4.36,15,6
A5145,1702A10WIKI0000000000258550,KR,14.7,60,43,51,3,0,0
A5146,1702A10WIKI0000000000257360,KR,10.5,69,66,67,3.7,0,0
A5148,1702A10WIKI0000000000258533,MR,19.3,73,60,66,6.6,0,0
A5149,1702A10WIKI0000000000259294,MB,15.1,67,57,62,4.07,18,10.7
A5150,1702A10WIKI0000000000259175,MR,16.4,55,43,49,2.81,13,9
A5151,1702A10WIKI0000000000259243,MR,17.4,53,40,46,2.89,0,0
A5152,1702A10WIKI0000000000259221,MB,18.7,55,43,49,3.11,15,11.9
A5153,1702A10WIKI0000000000259191,MB,18.9,59,46,52,4.01,0,0
A5154,1702A10WIKI0000000000259229,MB,20.4,62,46,54,4.38,12,6.3
A5155,1702A10WIKI0000000000259166,MB,19.3,80,67,73,8.08,0,0
A5156,1702A10WIKI0000000000259199,MB,18.7,71,50,60,5.29,0,0
A5157,1702A10WIKI0000000000259147,MR,15,47,40,43,2.18,0,0
A5158,1702A10WIKI0000000000259253,MR,16.9,73,56,64,5.44,0,0
A5159,1702A10WIKI0000000000259113,MRS,16.4,52,42,47,2.85,0,0
A5160,1702A10WIKI0000000000259118,MB,21.7,64,40,52,4.61,0,0
A5161,1702A10WIKI0000000000259262,MB,13.7,55,49,52,2.46,18,15.3
A5162,1702A10WIKI0000000000259277,MB,13.7,58,50,54,2.87,14,8.6
A5163,1702A10WIKI0000000000259126,MB,12.8,61,50,55,2.42,22,20.4
A5164,1702A10WIKI0000000000259200,MB,13.7,79,75,77,5.77,21,9.5
A5165,1702A10WIKI0000000000259122,MB,9.4,63,42,52,2,0,0
A5166,1702A10WIKI0000000000259193,MB,18.2,59,46,52,3.87,0,0
A5167,1702A10WIKI0000000000259207,MB,20,81,67,74,8.32,12,3.3
A5168,1702A10WIKI0000000000259214,MR,16.9,78,60,69,6.32,0,0
A5169,1702A10WIKI0000000000259144,MR,15.4,61,45,53,3.4,0,0
A5170,1702A10WIKI0000000000259260,MR,17.1,56,43,49,3.22,0,0
A5171,1702A10WIKI0000000000259272,MB,19.8,93,76,84,10.97,0,0
A5172,1702A10WIKI0000000000259212,KR,16.1,60,46,53,3.55,0,0
A5173,1702A10WIKI0000000000259205,KR,20.3,59,43,51,4.15,0,0
A5174,1702A10WIKI0000000000259244,KR,17.2,76,55,65,5.71,0,0
A5175,1702A10WIKI0000000000259270,KR,19.6,65,48,56,4.83,0,0
A5176,1702A10WIKI0000000000259228,KR,18,73,52,62,5.43,0,0
A5177,1702A10WIKI0000000000259151,KR,23.1,69,50,59,6.32,0,0
A5178,1702A10WIKI0000000000259265,KR,21.9,66,40,53,4.83,0,0
A5179,1702A10WIKI0000000000259188,KR,16.7,62,40,51,3.41,0,0
A5180,1702A10WIKI0000000000259189,KR,18,60,50,55,4.28,0,0
A5181,1702A10WIKI0000000000259287,KR,20.1,54,40,47,3.49,0,0
A5182,1702A10WIKI0000000000259124,KR,20.1,60,45,52,4.27,0,0
A5183,1702A10WIKI0000000000259281,KR,19.9,63,45,54,4.56,0,0
A5184,1702A10WIKI0000000000259282,KR,19.2,74,47,60,5.43,0,0
A5185,1702A10WIKI0000000000259296,MB,19.5,61,45,53,3.86,15,10.2
A5186,1702A10WIKI0000000000259136,KR,14.6,50,41,45,2.32,0,0
A5187,1702A10WIKI0000000000259127,MR,11.6,55,47,51,2.37,0,0
A5188,1702A10WIKI0000000000259123,MR,14.3,54,41,47,2.34,10,5.8
A5189,1702A10WIKI0000000000259165,KR,13.9,71,59,65,4.61,0,0
A5190,1702A10WIKI0000000000259114,KR,18.1,61,50,55,4.3,0,0
A5191,1702A10WIKI0000000000257526,MR,18.4,69,64,66,6.3,0,0
A5192,1702A10WIKI0000000000257666,MR,12.5,112,93,102,10.21,0,0
A5193,1702A10WIKI0000000000259192,KR,14.5,65,51,58,3.83,0,0
A5194,1702A10WIKI0000000000257906,MR,17,60,47,53,3.75,0,0
A5195,1702A10WIKI0000000000257562,MR,19.6,72,50,61,5.73,0,0
A5196,1702A10WIKI0000000000258135,MR,17.7,74,59,66,5.88,10,2.9
A5197,1702A10WIKI0000000000258136,MB,13.4,81,69,75,5.38,20,9.1
A5198,1702A10WIKI0000000000257431,MR,10.9,60,50,55,2.59,0,0
A5200,1702A10WIKI0000000000258043,KR,15.5,63,47,55,3.68,0,0
A5201,1702A10WIKI0000000000259169,KR,15.5,63,62,62,4.68,0,0
A5202,1702A10WIKI0000000000259176,KR,22.1,67,50,58,5.84,0,0
A5204,1702A10WIKI0000000000259159,KR,19.3,67,57,62,5.83,0,0
A5205,1702A10WIKI0000000000259297,KR,19.6,67,47,57,5,0,0
A5206,1702A10WIKI0000000000257313,KR,18.3,61,40,50,3.59,0,0
A5207,1702A10WIKI0000000000259254,KR,19.8,74,53,63,6.17,0,0
A5208,1702A10WIKI0000000000259172,KR,19.9,67,54,60,5.63,0,0
A5209,1702A10WIKI0000000000259249,KR,15.3,113,81,97,11.31,0,0
A5210,1702A10WIKI0000000000259258,KR,14.5,113,97,105,12.56,0,0
A5212,1702A10WIKI0000000000257502,KR,13.1,66,50,58,3.46,0,0
A5213,1702A10WIKI0000000000257859,MR,13.6,69,55,62,4.11,0,0
A5214,1702A10WIKI0000000000257759,MB,17.1,89,70,79,8.38,0,0
A5215,1702A10WIKI0000000000257363,MR,18.8,70,56,63,5.86,0,0
A5216,1702A10WIKI0000000000257573,MR,14.7,67,50,58,3.88,0,0
A5217,1702A10WIKI0000000000257335,MR,17,60,48,54,3.89,0,0
A5218,1702A10WIKI0000000000259271,KR,21.2,73,50,61,5.89,12,4.9
A5219,1702A10WIKI0000000000259138,KR,20.8,80,60,70,8,0,0
A5220,1702A10WIKI0000000000257552,MB,15.4,74,61,67,5.43,0,0
A5221,1702A10WIKI0000000000257595,MR,13.7,71,56,63,4.27,0,0
A5222,1702A10WIKI0000000000257836,MR,12.5,79,72,75,5.52,0,0
A5223,1702A10WIKI0000000000257999,MR,21.4,128,99,113,21.46,0,0
A5224,1702A10WIKI0000000000257301,MR,14.1,82,74,78,6.74,0,0
A5225,1702A10WIKI0000000000257764,MR,14.6,79,58,68,5.3,0,0
A5226,1702A10WIKI0000000000257802,MR,15.9,53,40,46,2.64,0,0
A5227,1702A10WIKI0000000000257799,MR,21.2,73,45,59,5.8,0,0
A5228,1702A10WIKI0000000000257328,MR,18.1,55,42,48,3.28,0,0
A5229,1702A10WIKI0000000000258073,MR,17.2,53,44,48,3.11,0,0
A5230,1702A10WIKI0000000000258111,MR,23,76,62,69,7.68,20,10.7
A5231,1702A10WIKI0000000000257714,MR,20,66,45,55,4.75,0,0
A5232,1702A10WIKI0000000000257303,MR,20.6,63,47,55,4.89,0,0
A5233,1702A10WIKI0000000000257960,MR,20.7,58,46,52,4.4,0,0
A5234,1702A10WIKI0000000000257961,MR,14.3,83,72,77,6.66,0,0
A5235,1702A10WIKI0000000000257821,MR,21,68,47,57,5.36,0,0
A5236,1702A10WIKI0000000000257425,MR,17.8,69,50,59,4.87,0,0
A5237,1702A10WIKI0000000000258063,MR,17,69,51,60,4.81,0,0
A5238,1702A10WIKI0000000000257381,MR,16.5,62,48,55,3.92,0,0
A5239,1702A10WIKI0000000000257662,MR,15.1,110,92,101,12.1,0,0
A5240,1702A10WIKI0000000000258075,MR,11.5,113,92,102,9.4,0,0
A5241,1702A10WIKI0000000000257939,MR,13,75,63,69,4.86,0,0
A5242,1702A10WIKI0000000000258071,MR,12.2,100,81,90,7.76,0,0
A5243,1702A10WIKI0000000000257606,MR,12.4,91,78,84,6.87,0,0
A5244,1702A10WIKI0000000000258166,MR,13.4,98,85,91,8.72,0,0
A5245,1702A10WIKI0000000000257518,MR,13.5,85,70,77,6.29,0,0
A5246,1702A10WIKI0000000000258062,MR,15.7,76,63,69,5.87,0,0
A5247,1702A10WIKI0000000000257559,MR,17,65,51,58,4.49,0,0
A5248,1702A10WIKI0000000000257560,MR,18.9,94,68,81,9.74,0,0
A5249,1702A10WIKI0000000000257317,MR,11.5,85,71,78,5.5,0,0
A5250,1702A10WIKI0000000000257585,MR,12.9,81,68,74,5.55,0,0
A5251,1702A10WIKI0000000000257697,MR,15.2,81,71,76,6.9,0,0
A5252,1702A10WIKI0000000000257942,MR,14.2,100,78,89,8.83,0,0
A5253,1702A10WIKI0000000000257916,MR,17.4,90,72,81,8.97,0,0
A5254,1702A10WIKI0000000000257555,MR,21.2,66,45,55,5.04,0,0
A5255,1702A10WIKI0000000000257882,MR,18.2,101,87,94,12.63,0,0
A5256,1702A10WIKI0000000000257464,MR,18.7,56,47,51,3.82,0,0
A5257,1702A10WIKI0000000000257587,MR,21.2,70,55,62,6.4,0,0
A5258,1702A10WIKI0000000000257881,MR,19.6,71,48,59,5.36,0,0
A5259,1702A10WIKI0000000000257657,MR,20.1,68,48,58,5.31,0,0
A5260,1702A10WIKI0000000000257841,MR,21.5,79,54,66,7.36,0,0
A5261,1702A10WIKI0000000000257388,MR,21.1,79,52,65,7,0,0
A5262,1702A10WIKI0000000000257899,MR,19.1,77,60,68,6.94,0,0
A5263,1702A10WIKI0000000000257327,MR,21.5,69,51,60,6.08,0,0
A5264,1702A10WIKI0000000000257986,MR,21.1,64,51,57,5.38,0,0
A5265,1702A10WIKI0000000000257503,MR,21,68,56,62,6.34,0,0
A5266,1702A10WIKI0000000000257448,MR,14.5,94,82,88,8.57,13,2.8
A5267,1702A10WIKI0000000000257949,MR,21.4,68,50,59,5.85,0,0
A5268,1702A10WIKI0000000000257994,MR,17.8,53,40,46,2.96,0,0
A5269,1702A10WIKI0000000000257320,MR,16.4,86,69,77,7.64,0,0
A5271,1702A10WIKI0000000000257811,MR,21.3,62,47,54,4.88,0,0
A5272,1702A10WIKI0000000000257476,MR,21.7,71,49,60,6.14,0,0
A5273,1702A10WIKI0000000000257629,MR,16.2,92,64,78,7.74,0,0
A5274,1702A10WIKI0000000000257570,MR,19.7,73,63,68,7.15,0,0
A5275,1702A10WIKI0000000000257414,MR,21.6,61,42,51,4.41,0,0
A5276,1702A10WIKI0000000000257797,MR,19.1,74,50,62,5.77,0,0
A5277,1702A10WIKI0000000000257643,MR,15.6,70,61,65,5.18,0,0
A5278,1702A10WIKI0000000000257857,MR,11.8,52,42,47,2.05,0,0
A5279,1702A10WIKI0000000000258067,MR,18.1,60,43,51,3.7,0,0
A5280,1702A10WIKI0000000000257835,MR,19.2,77,56,66,6.57,0,0
A5281,1702A10WIKI0000000000257902,MR,15.6,70,45,57,3.98,0,0
A5282,1702A10WIKI0000000000257978,MR,17,53,50,51,3.47,0,0
A5283,1702A10WIKI0000000000257577,MR,20.5,64,49,56,5.05,0,0
A5284,1702A10WIKI0000000000257984,MR,16.2,110,90,100,12.72,0,0
A5285,1702A10WIKI0000000000257321,MR,18.2,75,53,64,5.85,0,0
A5286,1702A10WIKI0000000000257846,MR,14.4,61,50,55,3.42,0,0
A5287,1702A10WIKI0000000000257569,MR,12.3,53,46,49,2.32,0,0
A5288,1702A10WIKI0000000000257809,MR,21.3,67,51,59,5.82,0,0
A5289,1702A10WIKI0000000000257698,MR,20.1,61,43,52,4.27,0,0
A5290,1702A10WIKI0000000000257872,MR,19.7,85,64,74,8.47,0,0
A5291,1702A10WIKI0000000000257412,MB,21.4,93,68,80,10.07,18,6.4
A5292,1702A10WIKI0000000000257974,MR,13.3,143,135,139,19.84,16,1.7
A5293,1702A10WIKI0000000000257444,MR,14.1,101,94,97,10.42,0,0
A5294,1702A10WIKI0000000000257800,MR,21.5,60,43,51,4.39,0,0
A5295,1702A10WIKI0000000000257527,MR,20.1,63,50,56,4.95,0,0
A5296,1702A10WIKI0000000000257565,MR,15.7,60,46,53,3.46,0,0
A5297,1702A10WIKI0000000000257995,KR,14.1,62,54,58,3.73,0,0
A5298,1702A10WIKI0000000000259173,KR,14.2,76,62,69,5.31,0,0
A5299,1702A10WIKI0000000000259185,KR,14.2,76,62,69,5.31,0,0
A5300,1702A10WIKI0000000000257874,MR,11.3,72,64,68,4.1,0,0
A5301,1702A10WIKI0000000000251740,KR,14.2,56,40,48,2.57,0,0
A5302,1702A10WIKI0000000000252055,KR,8.9,74,53,63,2.77,0,0
A5308,1702A10WIKI0000000000258920,MR,18.5,63,46,54,3.92,13,7.4
A5311,1702A10WIKI0000000000258769,MR,15.6,62,50,56,3.84,0,0
A5312,1702A10WIKI0000000000258945,MR,18.8,64,51,57,4.8,0,0
A5313,1702A10WIKI0000000000258470,MR,15.2,62,48,55,3.61,0,0
A5314,1702A10WIKI0000000000258008,MB,15.2,86,76,81,7.44,16,5
A5316,1702A10WIKI0000000000257814,BNS,16,54,47,50,3.14,0,0
A5318,1702A10WIKI0000000000257411,MB,8.4,86,83,84,4.66,0,0
A5321,1702A10WIKI0000000000252586,MB,8.7,70,68,69,3.25,0,0
A5322,1702A10WIKI0000000000252573,MB,9.4,63,55,59,2.57,0,0
A5323,1702A10WIKI0000000000258685,MR,16.7,60,48,54,3.82,0,0
A5324,1702A10WIKI0000000000258360,MR,11.8,55,46,50,2.32,0,0
A5325,1702A10WIKI0000000000258320,MR,18.1,55,44,49,3.41,0,0
A5326,1702A10WIKI0000000000258988,MR,19.3,66,47,56,4.75,0,0
A5327,1702A10WIKI0000000000259105,MR,14.9,56,40,48,2.7,0,0
A5328,1702A10WIKI0000000000252064,MB,16.6,71,52,61,4.31,18,11.1
A5329,1702A10WIKI0000000000258201,MR,15.3,56,47,51,3.13,0,0
A5330,1702A10WIKI0000000000252193,MB,17.6,61,48,54,4.03,0,0
A5331,1702A10WIKI0000000000258939,MR,15.5,64,50,57,3.96,0,0
A5332,1702A10WIKI0000000000258481,MR,15.4,64,50,57,3.93,0,0
A5333,1702A10WIKI0000000000258305,MR,18.3,64,50,57,4.67,0,0
A5334,1702A10WIKI0000000000259026,MR,20,71,49,60,5.65,0,0
A5335,1702A10WIKI0000000000252316,KR,14.2,57,47,52,3.02,0,0
A5336,1702A10WIKI0000000000252360,KR,18.7,58,46,52,3.97,0,0
A5337,1702A10WIKI0000000000258931,MRS,20.2,55,48,51,4.13,0,0
A5338,1702A10WIKI0000000000252563,KR,15.2,61,48,54,3.48,0,0
A5339,1702A10WIKI0000000000252346,KR,15,50,43,46,2.49,0,0
A5340,1702A10WIKI0000000000258242,MR,18.7,60,48,54,4.28,0,0
A5341,1702A10WIKI0000000000258850,MR,12.7,67,57,62,3.83,0,0
A5342,1702A10WIKI0000000000258199,MR,14,57,46,51,2.86,0,0
A5343,1702A10WIKI0000000000252367,MB,22.9,60,49,54,4.14,22,21.1
A5344,1702A10WIKI0000000000252017,KR,14.3,73,53,63,4.46,0,0
A5345,1702A10WIKI0000000000258477,MR,21,71,52,61,6.14,0,0
A5346,1702A10WIKI0000000000258591,MR,15.8,62,49,55,3.49,13,7.1
A5347,1702A10WIKI0000000000252339,MR,17.6,59,50,54,4.03,0,0
A5348,1702A10WIKI0000000000252376,KR,20.5,69,50,59,5.6,0,0
A5349,1702A10WIKI0000000000258545,MR,13.1,63,53,58,3.46,0,0
A5350,1702A10WIKI0000000000252191,MB,15.2,65,52,58,4.02,0,0
A5351,1702A10WIKI0000000000258692,MR,18.5,63,48,55,4.4,0,0
A5352,1702A10WIKI0000000000252025,KR,20.5,69,48,58,5.42,0,0
A5353,1702A10WIKI0000000000252130,BNS,18.9,83,57,70,7.27,0,0
A5354,1702A10WIKI0000000000258667,MR,15.3,60,50,55,3.64,0,0
A5355,1702A10WIKI0000000000258274,MR,19.1,85,65,75,8.44,0,0
A5356,1702A10WIKI0000000000258932,MR,13.8,68,61,64,4.44,0,0
A5358,1702A10WIKI0000000000258954,MR,17.8,64,49,56,4.38,0,0
A5359,1702A10WIKI0000000000258195,MR,14.6,70,56,63,4.55,0,0
A5360,1702A10WIKI0000000000258990,MR,10.3,56,48,52,2.19,0,0
A5361,1702A10WIKI0000000000252154,MR,11.5,67,54,60,3.25,0,0
A5362,1702A10WIKI0000000000251790,BNS,10.9,94,89,91,7.09,0,0
A5363,1702A10WIKI0000000000258417,MR,17,74,59,66,5.82,0,0
A5364,1702A10WIKI0000000000252022,MB,15.8,76,54,65,4.89,15,6.8
A5365,1702A10WIKI0000000000258298,MR,18.5,70,52,61,5.41,0,0
A5366,1702A10WIKI0000000000258727,MR,16.7,56,44,50,3.28,0,0
A5367,1702A10WIKI0000000000252301,KR,21.3,61,48,54,4.88,0,0
A5368,1702A10WIKI0000000000258677,MR,15.8,70,54,62,4.77,0,0
A5369,1702A10WIKI0000000000251802,KR,20.2,62,44,53,4.46,0,0
A5370,1702A10WIKI0000000000252099,KR,19.3,69,48,58,5.1,0,0
A5371,1702A10WIKI0000000000252501,MB,20.6,64,40,52,4.37,0,0
A5372,1702A10WIKI0000000000251804,KR,12.5,75,62,68,4.36,12,4
A5373,1702A10WIKI0000000000251792,MB,15.7,78,72,75,6.94,0,0
A5374,1702A10WIKI0000000000258250,MR,15.1,58,49,53,3.33,0,0
A5375,1702A10WIKI0000000000258463,MR,16,76,54,65,5.31,0,0
A5376,1702A10WIKI0000000000251775,KR,18.5,63,45,54,4.24,0,0
A5377,1702A10WIKI0000000000258704,MR,11.9,67,55,61,3.48,0,0
A5378,1702A10WIKI0000000000258683,MR,16.4,69,53,61,4.79,0,0
A5379,1702A10WIKI0000000000252103,MB,14.2,61,51,56,3.5,0,0
A5380,1702A10WIKI0000000000258885,MR,17.4,62,49,55,4.13,0,0
A5381,1702A10WIKI0000000000258743,MB,17.1,76,62,69,6.14,12,3.9
A5382,1702A10WIKI0000000000252279,MB,20.9,71,53,62,5.9,14,6.5
A5383,1702A10WIKI0000000000252183,MB,17.3,70,55,62,5.22,0,0
A5384,1702A10WIKI0000000000253386,MR,18.2,60,42,51,3.72,0,0
A5385,1702A10WIKI0000000000252674,MB,17.2,88,68,78,8.22,0,0
A5386,1702A10WIKI0000000000253054,KR,20.4,56,41,48,3.69,0,0
A5387,1702A10WIKI0000000000252689,MB,13.8,71,61,66,3.93,24,16.8
A5388,1702A10WIKI0000000000253118,MR,15.8,70,60,65,5.24,0,0
A5389,1702A10WIKI0000000000253144,MR,12.4,63,46,54,2.84,0,0
A5390,1702A10WIKI0000000000252995,MR,15.8,81,61,71,6.26,0,0
A5391,1702A10WIKI0000000000252867,MR,12.3,61,52,56,3.03,0,0
A5392,1702A10WIKI0000000000253370,MR,8.5,56,47,51,1.74,0,0
A5393,1702A10WIKI0000000000252749,MB,16.7,77,64,70,5.3,26,17.6
A5394,1702A10WIKI0000000000252627,MB,20.8,63,48,55,4.19,19,15.2
A5395,1702A10WIKI0000000000253535,MR,13.7,60,48,54,3.14,0,0
A5396,1702A10WIKI0000000000252725,MR,19.4,67,46,56,4.78,0,0
A5397,1702A10WIKI0000000000253014,MR,14.8,64,53,58,3.48,17,10.9
A5398,1702A10WIKI0000000000253559,MR,13,57,43,50,2.55,0,0
A5399,1702A10WIKI0000000000252661,MR,11.6,75,63,69,4.34,0,0
A5400,1702A10WIKI0000000000252743,KR,16.5,60,45,52,3.5,0,0
A5401,1702A10WIKI0000000000253293,KR,19.6,57,41,49,3.7,0,0
A5402,1702A10WIKI0000000000253302,KR,20,71,47,59,5.47,0,0
A5403,1702A10WIKI0000000000252847,KR,19.2,61,40,50,3.77,0,0
A5404,1702A10WIKI0000000000252624,MB,17.8,67,50,58,4.35,14,7.4
A5405,1702A10WIKI0000000000253050,KR,20.8,65,42,53,4.59,0,0
A5406,1702A10WIKI0000000000253051,KR,21,71,53,62,6.34,0,0
A5407,1702A10WIKI0000000000252663,MB,20.1,78,60,69,6.71,20,10.7
A5409,1702A10WIKI0000000000252665,MR,21.7,64,46,55,5.16,0,0
A5410,1702A10WIKI0000000000252854,MRS,21.8,65,45,55,5.18,0,0
A5411,1702A10WIKI0000000000253115,KR,18.6,62,45,53,4.1,0,0
A5412,1702A10WIKI0000000000253516,MR,14.8,69,64,66,5.06,0,0
A5413,1702A10WIKI0000000000252915,KR,17.5,70,46,58,4.62,0,0
A5414,1702A10WIKI0000000000252705,MB,17.8,71,53,62,4.97,15,7.5
A5415,1702A10WIKI0000000000252761,BNS,17.3,60,46,53,3.82,0,0
A5416,1702A10WIKI0000000000252763,KR,14,90,77,83,7.57,0,0
A5417,1702A10WIKI0000000000253341,MR,20,60,41,50,3.93,0,0
A5418,1702A10WIKI0000000000253074,MR,18.5,61,42,51,3.78,0,0
A5419,1702A10WIKI0000000000253213,MR,8.2,63,59,61,2.16,17,9.9
A5420,1702A10WIKI0000000000213771,MR,21.4,70,55,62,6.46,0,0
A5421,1702A10WIKI0000000000214209,MB,21.1,67,51,59,5.56,10,3.7
A5422,1702A10WIKI0000000000213687,MR,22,60,46,53,4.85,0,0
A5423,1702A10WIKI0000000000213798,MR,21.1,67,47,57,5.38,0,0
A5424,1702A10WIKI0000000000213729,MR,18.2,61,48,54,4.17,0,0
A5425,1702A10WIKI0000000000213762,MR,20.8,74,60,67,7.33,0,0
A5426,1702A10WIKI0000000000213699,MR,21.4,63,54,58,5.65,0,0
A5427,1702A10WIKI0000000000213765,MR,20.1,65,48,56,4.95,0,0
A5428,1702A10WIKI0000000000214287,MB,19.6,90,61,75,8.37,12,3.3
A5429,1702A10WIKI0000000000213684,MR,17.9,67,49,58,4.73,0,0
A5430,1702A10WIKI0000000000214212,MR,20.6,60,46,53,4.54,0,0
A5431,1702A10WIKI0000000000214155,MR,19.4,66,47,56,4.78,0,0
A5432,1702A10WIKI0000000000214306,MR,21.1,66,45,55,5.01,0,0
A5433,1702A10WIKI0000000000214178,MR,17.4,65,48,56,4.29,0,0
A5434,1702A10WIKI0000000000214213,MR,21.4,65,46,55,5.08,0,0
A5435,1702A10WIKI0000000000214251,MR,15.2,68,54,61,4.44,0,0
A5436,1702A10WIKI0000000000214243,MR,17.1,57,50,53,3.77,0,0
A5437,1702A10WIKI0000000000214184,MR,14.2,56,41,48,2.57,0,0
A5438,1702A10WIKI0000000000220498,MR,13.3,56,41,48,2.41,0,0
A5439,1702A10WIKI0000000000220601,MR,14.6,56,49,52,3.1,0,0
A5440,1702A10WIKI0000000000220437,MR,11.5,64,52,58,3.04,0,0
A5441,1702A10WIKI0000000000214314,MB,12.1,75,64,69,3.71,26,18.1
A5442,1702A10WIKI0000000000220362,MR,14.2,70,58,64,4.57,0,0
A5443,1702A10WIKI0000000000220579,MR,18,71,55,63,5.61,0,0
A5444,1702A10WIKI0000000000220533,MR,17,86,70,78,8.12,0,0
A5445,1702A10WIKI0000000000220694,MR,19.9,83,66,74,8.56,0,0
A5446,1702A10WIKI0000000000220649,MR,17.7,66,50,58,4.68,0,0
A5447,1702A10WIKI0000000000214173,MB,16.5,101,80,90,10.33,10,1.6
A5448,1702A10WIKI0000000000214200,KR,13.7,94,80,87,8.14,0,0
A5449,1702A10WIKI0000000000214160,KR,8.7,66,58,62,2.63,0,0
A5450,1702A10WIKI0000000000214250,KR,21.2,69,48,58,5.6,0,0
A5451,1702A10WIKI0000000000220473,MR,18.9,57,42,49,3.56,0,0
A5452,1702A10WIKI0000000000220575,MR,19.7,58,43,50,3.87,0,0
A5453,1702A10WIKI0000000000220508,MR,20,67,47,57,4.9,10,3.9
A5454,1702A10WIKI0000000000220459,MR,17.3,72,61,66,5.92,0,0
A5455,1702A10WIKI0000000000220500,MR,19.2,75,55,65,6.37,0,0
A5456,1702A10WIKI0000000000220448,MR,17.4,75,61,68,6.32,0,0
A5457,1702A10WIKI0000000000220373,MR,21.1,68,41,54,4.83,0,0
A5458,1702A10WIKI0000000000220567,MR,20.3,60,45,52,4.31,0,0
A5459,1702A10WIKI0000000000220398,MR,13.4,76,67,71,4.47,25,15.8
A5462,1702A10WIKI0000000000259256,MR,15.3,70,54,62,4.62,0,0
A5463,1702A10WIKI0000000000259269,MR,15,54,42,48,2.71,0,0
A5464,1702A10WIKI0000000000259174,MR,15.6,60,51,55,3.71,0,0
A5465,1702A10WIKI0000000000259240,MR,14.7,72,58,65,4.45,17,8.7
A5466,1702A10WIKI0000000000252195,KR,21.9,85,55,70,8.43,0,0
A5467,1702A10WIKI0000000000251856,KR,21.3,82,51,66,7.29,0,0
A5468,1702A10WIKI0000000000251997,KR,22,71,52,61,6.43,0,0
A5469,1702A10WIKI0000000000259284,MR,19.5,67,47,57,4.98,0,0
A5470,1702A10WIKI0000000000252284,KR,19.3,58,40,49,3.64,0,0
A5471,1702A10WIKI0000000000221461,MR,18.2,86,63,74,7.83,0,0
A5472,1702A10WIKI0000000000221260,MR,21.3,67,54,60,6.02,0,0
A5473,1702A10WIKI0000000000221470,MR,18.3,73,65,69,6.32,17,7.7
A5474,1702A10WIKI0000000000221333,MR,13.2,63,50,56,3.25,0,0
A5475,1702A10WIKI0000000000221272,MR,20.5,60,49,54,4.69,0,0
A5476,1702A10WIKI0000000000221451,MR,19.2,77,56,66,6.38,10,2.9
A5477,1702A10WIKI0000000000221319,MR,13.8,95,78,86,7.09,26,11.6
A5478,1702A10WIKI0000000000214952,MR,17.2,70,60,65,5.71,0,0
A5479,1702A10WIKI0000000000214899,MR,14,84,65,74,6.02,0,0
A5480,1702A10WIKI0000000000214935,MR,11.9,60,48,54,2.73,0,0
A5481,1702A10WIKI0000000000252568.01,KR,18.8,56,42,49,3.55,0,0
A5482,1702A10WIKI0000000000214953,MR,18.7,86,54,70,7.2,0,0
A5483,1702A10WIKI0000000000221523,MR,16.9,80,56,68,5.76,15,6.2
A5484,1702A10WIKI0000000000221516,MR,17.9,94,74,84,9.7,11,2.2
A5485,1702A10WIKI0000000000221384,MR,18.5,61,47,54,4.24,0,0
A5486,1702A10WIKI0000000000221255,MR,20.2,100,77,88,11.48,20,6.6
A5487,1702A10WIKI0000000000252596,KR,19,66,46,56,4.68,0,0
A5488,1702A10WIKI0000000000221224,MR,12.7,56,44,50,2.49,0,0
A5489,1702A10WIKI0000000000252568.02,KR,9.6,83,72,77,4.47,0,0
A5490,1702A10WIKI0000000000221335,MR,13.1,103,84,93,8.9,0,0
A5491,1702A10WIKI0000000000221368,MR,13.5,95,73,84,7.48,0,0
A5492,1702A10WIKI0000000000221217,MR,21,95,67,81,10.28,16,5
A5493,1702A10WIKI0000000000221316,MR,20.7,66,54,60,5.85,0,0
A5494,1702A10WIKI0000000000221436,MR,15.3,70,53,61,4.47,0,0
A5495,1702A10WIKI0000000000221296,MR,16,56,40,48,2.9,0,0
A5496,1702A10WIKI0000000000222271,MR,20.6,66,52,59,5.63,0,0
A5497,1702A10WIKI0000000000222000,MR,19.7,75,57,66,6.36,14,5.7
A5498,1702A10WIKI0000000000221518,MR,14.2,70,58,64,4.33,13,5.3
A5499,1702A10WIKI0000000000221377,MR,15.9,77,69,73,6.65,0,0
A5500,1702A10WIKI0000000000222255,MR,17,67,52,59,4.65,0,0
A5501,1702A10WIKI0000000000222007,MR,17.7,68,51,59,4.84,0,0
A5502,1702A10WIKI0000000000222178,MR,18.9,90,74,82,9.98,0,0
A5503,1702A10WIKI0000000000221514,MR,19.2,63,48,55,4.56,0,0
A5504,1702A10WIKI0000000000221414,MR,17.8,64,51,57,4.54,0,0
A5505,1702A10WIKI0000000000251964.01,KR,22.1,74,51,62,6.67,0,0
A5506,1702A10WIKI0000000000251837.01,KR,20.7,68,51,59,5.66,0,0
A5507,1702A10WIKI0000000000252225.01,KR,16.3,74,47,60,4.61,0,0
A5508,1702A10WIKI0000000000251964.02,KR,18.8,80,57,68,6.83,0,0
A5509,1702A10WIKI0000000000252225.02,KR,18,72,50,61,5.26,0,0
A5510,1702A10WIKI0000000000252454.01,KR,16.1,63,47,55,3.51,14,8.2
A5511,1702A10WIKI0000000000251837.02,KR,18,80,54,67,6.35,0,0
A5512,1702A10WIKI0000000000252493.01,KR,14.9,61,42,51,3.04,0,0
A5513,1702A10WIKI0000000000252454.02,KR,17,60,44,52,3.61,0,0
A5514,1702A10WIKI0000000000252264.01,KR,21.8,85,53,69,8.15,0,0
A5515,1702A10WIKI0000000000252123,MR,16.3,65,52,58,4.31,0,0
A5516,1702A10WIKI0000000000252264.02,KR,19,93,67,80,9.55,0,0
A5517,1702A10WIKI0000000000251916.02,KR,17,54,41,47,2.95,0,0
A5518,1702A10WIKI0000000000252493.02,KR,17.5,57,41,49,3.3,0,0
A5519,1702A10WIKI0000000000221293,MRS,15.2,78,58,68,5.52,0,0
A5520,1702A10WIKI0000000000221292,MR,16,67,47,57,3.67,16,10
A5521,1702A10WIKI0000000000221372,MR,16.2,67,54,60,4.31,13,6
A5522,1702A10WIKI0000000000259198.01,MR,9.8,76,64,70,3.77,0,0
A5523,1702A10WIKI0000000000259215.01,MR,18.1,64,51,57,4.62,0,0
A5524,1702A10WIKI0000000000252046.01,KR,19.4,61,40,50,3.81,0,0
A5525,1702A10WIKI0000000000259116.01,MR,16,61,51,56,3.94,0,0
A5526,1702A10WIKI0000000000259198.02,MR,16.7,61,51,56,3.83,13,6.9
A5527,1702A10WIKI0000000000259184.02,MR,11.8,56,49,52,2.12,18,15.3
A5528,1702A10WIKI0000000000251993.01,KR,17.5,53,45,49,2.85,16,13.6
A5529,1702A10WIKI0000000000259246.01,MR,15.8,55,42,48,2.86,0,0
A5530,1702A10WIKI0000000000252583.01,KR,13.2,92,77,84,7.32,0,0
A5531,1702A10WIKI0000000000251800.01,KR,11.2,77,66,71,4.43,0,0
A5532,1702A10WIKI0000000000259235.01,MR,16.7,54,43,48,2.7,14,10.8
A5533,1702A10WIKI0000000000259145,MB,13.6,51,40,45,1.81,16,16.1
A5534,1702A10WIKI0000000000251800.02,KR,23.5,60,40,50,4.61,0,0
A5535,1702A10WIKI0000000000251916.01,KR,21.1,90,78,84,11.69,0,0
A5536,1702A10WIKI0000000000251873.02,KR,22,71,51,61,6.43,0,0
A5537,1702A10WIKI0000000000259246.02,MR,18.5,71,55,63,5.77,0,0
A5539,1702A10WIKI0000000000251993.02,KR,19.2,55,40,47,2.95,14,11.3
A5540,1702A10WIKI0000000000251873.01,KR,15.3,79,64,71,6.06,0,0
A5541,1702A10WIKI0000000000251830.02,KR,12.2,61,46,53,2.69,0,0
A5542,1702A10WIKI0000000000252046.02,KR,11.9,81,60,70,4.31,15,5.8
A5543,1702A10WIKI0000000000251860.01,KR,18.4,60,42,51,3.76,0,0
A5544,1702A10WIKI0000000000252583.02,KR,18.9,80,66,73,7.91,0,0
A5545,1702A10WIKI0000000000252208.02,KR,22.1,64,47,55,5.25,0,0
A5546,1702A10WIKI0000000000252208.01,KR,21.6,60,49,54,4.95,0,0
A5547,1702A10WIKI0000000000252629,MR,21,88,72,80,10.56,0,0
A5548,1702A10WIKI0000000000253127,MB,16.8,66,46,56,3.97,10,4.1
A5549,1702A10WIKI0000000000253349,MR,15.2,67,51,59,4.16,0,0
A5550,1702A10WIKI0000000000253206,MR,13.3,65,55,60,3.76,0,0
A5551,1702A10WIKI0000000000253019,MR,15.6,80,65,72,6.35,0,0
A5552,1702A10WIKI0000000000252715,MB,18.3,74,56,65,6.07,0,0
A5553,1702A10WIKI0000000000252896,MR,19.3,79,56,67,6.8,0,0
A5554,1702A10WIKI0000000000253004,MB,19.1,68,49,58,5.05,0,0
A5555,1702A10WIKI0000000000253395,MR,20.5,73,59,66,7.01,0,0
A5556,1702A10WIKI0000000000259162,MB,19,59,40,49,3.58,0,0
A5557,1702A10WIKI0000000000259130,MB,17,58,45,51,3.47,0,0
A5558,1702A10WIKI0000000000258388.02,MR,14.1,83,67,75,5.48,23,12
A5559,1702A10WIKI0000000000252620,MR,17.4,66,50,58,4.6,0,0
A5560,1702A10WIKI0000000000251842.01,KR,16.1,57,46,51,3.29,0,0
A5561,1702A10WIKI0000000000251842.02,KR,16.1,60,45,52,3.42,0,0
A5562,1702A10WIKI0000000000252159.02,KR,12.9,63,46,54,2.95,0,0
A5563,1702A10WIKI0000000000251743.01,KR,19.8,60,44,52,4.2,0,0
A5564,1702A10WIKI0000000000252250.01,KR,19,78,54,66,6.5,0,0
A5565,1702A10WIKI0000000000251776.01,KR,19.5,61,45,53,4.3,0,0
A5566,1702A10WIKI0000000000253410,MR,17.9,84,63,73,7.49,0,0
A5567,1702A10WIKI0000000000252024,BNS,10.4,75,63,69,3.89,0,0
A5568,1702A10WIKI0000000000251984,BNS,13.2,92,74,83,7.14,0,0
A5569,1702A10WIKI0000000000259237,MB,11.4,70,56,63,3.3,15,7.2
A5570,1702A10WIKI0000000000252206,BNS,10.1,60,54,57,2.58,0,0
A5571,1702A10WIKI0000000000253406,MB,13.9,70,56,63,4.19,10,3.2
A5572,1702A10WIKI0000000000253468,MR,21.4,69,47,58,5.65,0,0
A5573,1702A10WIKI0000000000252002.01,KR,20.1,74,46,60,5.68,0,0
A5574,1702A10WIKI0000000000251832.02,KR,19.3,60,41,50,3.79,0,0
A5575,1702A10WIKI0000000000252019.02,KR,21.8,66,47,56,5.37,0,0
A5576,1702A10WIKI0000000000251971.02,KR,17.3,61,41,51,3.53,0,0
A5577,1702A10WIKI0000000000252399.01,KR,19.7,61,42,51,4.02,0,0
A5578,1702A10WIKI0000000000252440.01,KR,13,78,60,69,4.86,0,0
A5579,1702A10WIKI0000000000252684,MR,10.7,57,50,53,2.12,15,10.2
A5580,1702A10WIKI0000000000252943,MR,13.8,54,45,49,2.6,0,0
A5581,1702A10WIKI0000000000259011.01,MR,19.8,73,51,62,5.98,0,0
A5582,1702A10WIKI0000000000252999,MR,20.2,82,66,74,8.69,0,0
A5583,1702A10WIKI0000000000259141,MB,16.6,60,42,51,3.39,0,0
A5584,1702A10WIKI0000000000253314,MB,20,62,52,57,5.1,0,0
A5585,1702A10WIKI0000000000252399.02,KR,15,67,52,59,4.1,0,0
A5586,1702A10WIKI0000000000252135.01,KR,10,52,44,48,1.81,0,0
A5587,1702A10WIKI0000000000251862.02,KR,14,81,68,74,6.02,0,0
A5588,1702A10WIKI0000000000252135.02,KR,8.5,62,51,56,2.09,0,0
A5589,1702A10WIKI0000000000251776.02,KR,18.6,66,45,55,4.42,0,0
A5590,1702A10WIKI0000000000252697,MR,10.6,56,48,52,2.15,10,4.7
A5591,1702A10WIKI0000000000253288,MB,13.9,99,85,92,8.5,23,8
A5592,1702A10WIKI0000000000252165.02,KR,16.9,76,56,66,5.78,0,0
A5593,1702A10WIKI0000000000252165.01,KR,20.5,73,48,60,5.8,0,0
A5594,1702A10WIKI0000000000259110,MB,16.2,57,48,52,3.44,0,0
A5595,1702A10WIKI0000000000253425,MR,15.3,68,50,59,4.18,0,0
A5596,1702A10WIKI0000000000252428.02,KR,15,80,69,74,6.45,0,0
A5597,1702A10WIKI0000000000251820.01,KR,14.3,77,63,70,5.5,0,0
A5599,1702A10WIKI0000000000252204.01,KR,20.4,60,48,54,4.67,0,0
A5600,1702A10WIKI0000000000252925,MR,12.5,66,48,57,3.19,0,0
A5601,1702A10WIKI0000000000258589,MB,18.5,56,44,50,3.63,0,0
A5602,1702A10WIKI0000000000252447.02,KR,19.5,60,48,54,4.47,0,0
A5603,1702A10WIKI0000000000252675,MB,17.5,71,54,62,4.59,20,13.2
A5604,1702A10WIKI0000000000259011.02,MR,17.3,75,61,68,6.28,0,0
A5605,1702A10WIKI0000000000252779,MR,17,61,44,52,3.61,0,0
A5606,1702A10WIKI0000000000259291,MB,10.9,58,50,54,2.5,0,0
A5607,1702A10WIKI0000000000253334,MB,14.2,67,58,62,3.97,15,7.5
A5608,1702A10WIKI0000000000253546,MB,19.7,71,52,61,5.37,14,6.7
A5609,1702A10WIKI0000000000252525.01,KR,18.6,65,56,60,5.07,10,3.5
A5610,1702A10WIKI0000000000252973,MR,19,62,45,53,4.19,0,0
A5611,1702A10WIKI0000000000253527,MR,17,73,46,59,4.65,0,0
A5612,1702A10WIKI0000000000252159.01,KR,15.9,55,41,48,2.88,0,0
A5614,1702A10WIKI0000000000258218,MB,11.3,73,66,69,3.77,20,10.7
A5615,1702A10WIKI0000000000252428.01,KR,18.5,76,54,65,6.14,0,0
A5616,1702A10WIKI0000000000252775,MR,19.5,63,44,53,4.3,0,0
A5617,1702A10WIKI0000000000252324.02,KR,18.5,70,50,60,5.23,0,0
A5618,1702A10WIKI0000000000252129,BNS,12.1,110,93,101,9.35,17,3.6
A5619,1702A10WIKI0000000000253461,MR,17.1,85,58,71,6.77,0,0
A5620,1702A10WIKI0000000000252768,MR,19.1,70,54,62,5.77,0,0
A5621,1702A10WIKI0000000000253444,MR,12.4,60,48,54,2.34,20,17.5
A5622,1702A10WIKI0000000000251820.02,KR,21.9,65,50,57,5.59,0,0
A5623,1702A10WIKI0000000000251862.01,KR,14.4,76,71,73,5.82,12,3.4
A5624,1702A10WIKI0000000000252002.02,KR,20.8,70,48,59,5.69,0,0
A5625,1702A10WIKI0000000000251826.01,KR,16.7,56,42,49,2.98,10,5.3
A5626,1702A10WIKI0000000000252862,MR,14.5,63,54,58,3.83,0,0
A5627,1702A10WIKI0000000000253567,MR,11.1,64,54,59,2.92,10,3.7
A5628,1702A10WIKI0000000000252909,MR,15.3,67,55,61,4.47,0,0
A5629,1702A10WIKI0000000000252525.02,KR,16.5,71,56,63,5.14,0,0
A5630,1702A10WIKI0000000000252677,MR,11.3,60,44,52,2.4,0,0
A5631,1702A10WIKI0000000000252860,MB,19.6,63,47,55,4.66,0,0
A5632,1702A10WIKI0000000000253519,MR,19.5,72,50,61,5.7,0,0
A5633,1702A10WIKI0000000000253246,MR,18.9,62,50,56,4.66,0,0
A5634,1702A10WIKI0000000000253033,BNS,19.8,91,66,78,9.46,0,0
A5635,1702A10WIKI0000000000259153,MR,15.1,60,48,54,3.46,0,0
A5636,1702A10WIKI0000000000251950.02,KR,17,63,55,59,4.65,0,0
A5637,1702A10WIKI0000000000253199,MR,18.3,73,60,66,6.26,0,0
A5638,1702A10WIKI0000000000252883,MR,17.8,60,48,54,4.08,0,0
A5639,1702A10WIKI0000000000252643,BNS,18.4,88,74,81,9.06,15,4.4
A5640,1702A10WIKI0000000000252902,MR,20.6,69,48,58,5.44,0,0
A5641,1702A10WIKI0000000000251950.01,KR,19.2,65,45,55,4.56,0,0
A5642,1702A10WIKI0000000000252440.02,KR,21.1,62,48,55,5.01,0,0
A5643,1702A10WIKI0000000000251971.01,KR,15.5,60,46,53,3.42,0,0
A5644,1702A10WIKI0000000000252019.01,KR,21.4,64,49,56,5.27,0,0
A5645,1702A10WIKI0000000000252250.02,KR,18.8,80,57,68,6.83,0,0
A5646,1702A10WIKI0000000000252324.01,KR,20.5,67,48,57,5.23,0,0
A5647,1702A10WIKI0000000000252447.01,KR,17.3,66,48,57,4.41,0,0
A5648,1702A10WIKI0000000000251743.02,KR,18.6,60,49,54,4.26,0,0
A5649,1702A10WIKI0000000000252209,BNS,19.3,66,46,56,4.56,10,4.1
A5650,1702A10WIKI0000000000252204.02,KR,17.4,68,50,59,4.76,0,0
A5651,1702A10WIKI0000000000253537,MR,13.2,63,45,54,3.02,0,0
A5652,1702A10WIKI0000000000258388.01,MR,17.7,61,47,54,3.88,10,4.4
A5653,1702A10WIKI0000000000259215.02,MR,12,80,72,76,5.44,0,0
A5654,1702A10WIKI0000000000259177,MB,21.7,67,50,58,5.73,0,0
A5655,1702A10WIKI0000000000259116.02,MR,19.5,61,44,52,4.14,0,0
A5656,1702A10WIKI0000000000251860.02,KR,11,76,56,66,3.76,0,0
A5657,1702A10WIKI0000000000251830.01,KR,12,56,50,53,2.65,0,0
A5658,1702A10WIKI0000000000259184.01,MR,15.8,60,47,53,3.49,0,0
A5659,1702A10WIKI0000000000252070.01,KR,20.2,71,51,61,5.9,0,0
A5660,1702A10WIKI0000000000251768.02,KR,21.4,104,80,92,14.23,0,0
A5661,1702A10WIKI0000000000251843.02,KR,12.6,67,56,61,3.68,0,0
A5662,1702A10WIKI0000000000252070.02,KR,16.7,93,74,83,8.84,11,2.2
A5663,1702A10WIKI0000000000251929,MR,19.9,83,74,78,9,16,5.4
A5664,1702A10WIKI0000000000251831,MR,14.9,68,52,60,4.21,0,0
A5665,1702A10WIKI0000000000222080,BNS,22.5,74,55,64,6.91,12,4.5
A5666,1702A10WIKI0000000000221533,MR,12.5,107,90,98,9.25,12,1.9
A5667,1702A10WIKI0000000000221814,MR,22.5,92,68,80,11.31,0,0
A5668,1702A10WIKI0000000000222272,MR,13.7,78,64,71,5.11,15,5.7
A5669,1702A10WIKI0000000000214718,MR,19,85,61,73,7.95,0,0
A5670,1702A10WIKI0000000000221971,MR,16.2,75,63,69,6.06,0,0
A5671,1702A10WIKI0000000000252382.02,KR,18.3,94,71,82,9.66,0,0
A5672,1702A10WIKI0000000000214768,MR,15.4,88,74,81,7.94,0,0
A5673,1702A10WIKI0000000000221573,MR,12.1,124,106,115,12.39,12,1.4
A5674,1702A10WIKI0000000000222055,MR,14.1,82,63,72,5.74,0,0
A5675,1702A10WIKI0000000000222290,MR,18.9,72,53,62,5.71,0,0
A5676,1702A10WIKI0000000000251853.02,KR,18.1,70,52,61,5.29,0,0
A5677,1702A10WIKI0000000000222275,MR,18,69,51,60,4.37,20,14.1
A5678,1702A10WIKI0000000000252467.02,KR,21,70,49,59,5.74,0,0
A5679,1702A10WIKI0000000000221882,MRS,17.9,60,42,51,3.66,0,0
A5680,1702A10WIKI0000000000252467.01,KR,19.4,67,49,58,5.13,0,0
A5681,1702A10WIKI0000000000252231.01,KR,16.8,64,44,54,3.85,0,0
A5682,1702A10WIKI0000000000251768.01,KR,21.8,97,76,86,12.11,16,4.4
A5683,1702A10WIKI0000000000252231.02,KR,14.4,71,59,65,4.78,0,0
A5684,1702A10WIKI0000000000252074,MR,14.7,58,44,51,3,0,0
A5685,1702A10WIKI0000000000222167,BNS,11.8,58,50,54,2.32,18,14.1
A5686,1702A10WIKI0000000000251843.01,KR,14.1,57,40,48,2.55,0,0
A5687,1702A10WIKI0000000000222039,BNS,16.6,87,71,79,6.92,27,14.9
A5688,1702A10WIKI0000000000222088,MB,14.4,81,61,71,5.7,0,0
A5689,1702A10WIKI0000000000252163,MR,15.7,58,43,50,3.08,0,0
A5690,1702A10WIKI0000000000221917,MB,15.6,76,60,68,5.67,0,0
A5691,1702A10WIKI0000000000221982,MR,14.9,72,55,63,4.64,0,0
A5692,1702A10WIKI0000000000213698,MR,9.8,55,43,49,1.85,0,0
A5693,1702A10WIKI0000000000213745,MR,9.7,66,56,61,2.83,0,0
A5694,1702A10WIKI0000000000213793,MR,12.2,59,48,53,2.69,0,0
A5695,1702A10WIKI0000000000222242,MR,18.8,75,61,68,6.83,0,0
A5696,1702A10WIKI0000000000221972,MR,16.8,78,58,68,6.1,0,0
A5697,1702A10WIKI0000000000222028,MR,11.7,75,53,64,3.76,0,0
A5698,1702A10WIKI0000000000213799,MR,12.3,62,53,57,3.14,0,0
A5699,1702A10WIKI0000000000221564,MB,10,76,73,74,4.3,0,0
A5700,1702A10WIKI0000000000221577,MB,17.4,74,55,64,4.9,20,12.4
A5701,1702A10WIKI0000000000221977,MR,18.9,76,51,63,5.89,0,0
A5702,1702A10WIKI0000000000251793.02,KR,19.9,65,43,54,4.56,0,0
A5703,1702A10WIKI0000000000222049,MR,15,77,63,70,5.77,0,0
A5704,1702A10WIKI0000000000221990,MR,16.5,90,54,72,6.72,0,0
A5705,1702A10WIKI0000000000252382.01,KR,18,74,52,63,5.61,0,0
A5706,1702A10WIKI0000000000251793.01,KR,12.6,67,59,63,3.93,0,0
A5707,1702A10WIKI0000000000251853.01,KR,12.9,79,66,72,5.25,0,0
A5708,1702A10WIKI0000000000214830,MR,20.1,75,67,71,7.96,0,0
A5709,1702A10WIKI0000000000220573,MR,21.7,82,61,71,8.59,0,0
A5710,1702A10WIKI0000000000221624,MB,20.7,80,68,74,8.37,16,6
A5711,1702A10WIKI0000000000221809,MB,17.1,67,44,55,4.06,0,0
A5712,1702A10WIKI0000000000214797,MR,17.8,88,63,75,7.86,0,0
A5713,1702A10WIKI0000000000221869,MB,21.9,81,63,72,8.43,15,5.5
A5714,1702A10WIKI0000000000221599,MR,13.3,97,94,95,9.43,0,0
A5715,1702A10WIKI0000000000222024,MR,20.8,70,53,61,5.67,14,6.7
A5716,1702A10WIKI0000000000214234,MR,13.9,70,64,67,4.9,0,0
A5717,1702A10WIKI0000000000213683,MR,11.2,64,52,58,2.96,0,0
A5718,1702A10WIKI0000000000214754,MR,15.7,95,67,81,7.78,14,3.8
A5719,1702A10WIKI0000000000222142,MR,12.2,82,72,77,5.68,0,0
A5720,1702A10WIKI0000000000222046,MR,13.1,72,54,63,4.08,0,0
A5721,1702A10WIKI0000000000222042,MR,13.2,72,62,67,4.65,0,0
A5722,1702A10WIKI0000000000222194,MR,12,78,72,75,5.07,14,4.4
A5723,1702A10WIKI0000000000261599,BNS,13,120,102,111,12.33,14,2
A5724,1702A10WIKI0000000000261315,BNS,15.1,104,85,94,10.48,0,0
A5725,1702A10WIKI0000000000220421,MR,18.1,93,68,80,9.1,0,0
A5726,1702A10WIKI0000000000220558,MR,19.1,83,67,75,8.44,0,0
A5727,1702A10WIKI0000000000222017,MR,21.7,73,51,62,6.55,0,0
A5728,1702A10WIKI0000000000222116,MR,19.3,74,55,64,6.21,0,0
A5729,1702A10WIKI0000000000221946,MR,18.6,64,45,54,3.89,14,8.6
A5730,1702A10WIKI0000000000221636,MR,19.9,87,70,78,9.51,0,0
A5731,1702A10WIKI0000000000220428,MR,17.8,88,71,79,8.72,0,0
A5732,1702A10WIKI0000000000221572,MB,16.4,98,82,90,10.02,16,4
A5733,1702A10WIKI0000000000214331,MR,10,88,75,81,4.71,21,8.6
A5734,1702A10WIKI0000000000252288.01,KR,20.5,70,54,62,6.19,0,0
A5735,1702A10WIKI0000000000252590,MR,12.9,87,73,80,6.48,0,0
A5736,1702A10WIKI0000000000251816.01,KR,17.4,82,62,72,6.91,10,2.5
A5737,1702A10WIKI0000000000252373,MR,14.8,71,54,62,4.47,0,0
A5738,1702A10WIKI0000000000252288.02,KR,23.7,71,50,60,6.7,0,0
A5739,1702A10WIKI0000000000252351,MR,16.5,66,50,58,4.36,0,0
A5740,1702A10WIKI0000000000251939.01,KR,19.2,66,50,58,5.07,0,0
A5741,1702A10WIKI0000000000252261,MR,12.9,62,50,56,3.18,0,0
A5742,1702A10WIKI0000000000252478.01,KR,15.3,79,62,70,5.89,0,0
A5743,1702A10WIKI0000000000252009,KR,17.7,85,69,77,8.24,0,0
A5744,1702A10WIKI0000000000252320.02,KR,16,68,51,59,3.8,19,13.2
A5745,1702A10WIKI0000000000251939.02,KR,14.1,76,60,68,5.12,0,0
A5746,1702A10WIKI0000000000252527.01,KR,16.6,76,54,65,5.51,0,0
A5747,1702A10WIKI0000000000252320.01,KR,14.8,60,48,54,3.39,0,0
A5748,1702A10WIKI0000000000252478.02,KR,15.9,79,60,69,5.95,0,0
A5749,1702A10WIKI0000000000252527.02,KR,17.8,71,55,63,5.55,0,0
A5750,1702A10WIKI0000000000252149,MR,15.2,82,71,76,6.74,10,2.2
A5751,1702A10WIKI0000000000252499,MR,15.5,71,57,64,4.99,0,0
A5752,1702A10WIKI0000000000252521,MR,15.6,67,55,61,4.56,0,0
A5753,1702A10WIKI0000000000253415,MB,12.5,65,49,57,3.19,0,0
A5754,1702A10WIKI0000000000251760,MR,15.1,67,52,59,3.74,16,9.4
A5755,1702A10WIKI0000000000222262,MB,17.4,61,44,52,3.7,0,0
A5756,1702A10WIKI0000000000251816.02,KR,21.9,67,62,64,7.05,0,0
A5757,1702A10WIKI0000000000251829,MR,12,80,64,72,4.89,0,0
A5758,1702A10WIKI0000000000251957.01,KR,20,76,60,68,7.26,0,0
A5759,1702A10WIKI0000000000252430.01,KR,21.4,70,50,60,6.05,0,0
A5760,1702A10WIKI0000000000251828.02,KR,20.3,90,66,78,9.7,0,0
A5761,1702A10WIKI0000000000251770.02,KR,20.6,69,50,59,5.63,0,0
A5762,1702A10WIKI0000000000251844.02,KR,16.2,61,48,54,3.71,0,0
A5763,1702A10WIKI0000000000252018.01,KR,14.7,64,52,58,3.88,0,0
A5764,1702A10WIKI0000000000252331.01,KR,16.2,68,50,59,4.43,0,0
A5765,1702A10WIKI0000000000251893.02,KR,18.4,71,52,61,5.38,0,0
A5766,1702A10WIKI0000000000252430.02,KR,20.4,73,51,62,6.16,0,0
A5767,1702A10WIKI0000000000252595.01,KR,20.8,83,57,70,8,0,0
A5768,1702A10WIKI0000000000251784.02,KR,20.9,82,61,71,8.27,0,0
A5769,1702A10WIKI0000000000251957.02,KR,20.1,76,60,68,7.3,0,0
A5770,1702A10WIKI0000000000251798.01,KR,20.2,74,59,66,6.91,0,0
A5771,1702A10WIKI0000000000252555.02,KR,18.2,115,96,105,14.7,24,6.7
A5772,1702A10WIKI0000000000252331.02,KR,14.4,73,61,67,5.08,0,0
A5773,1702A10WIKI0000000000252245.01,KR,12,97,86,91,7.8,0,0
A5774,1702A10WIKI0000000000252057.01,KR,14.3,69,56,62,4.32,0,0
A5775,1702A10WIKI0000000000252310.02,KR,18,58,44,51,3.68,0,0
A5776,1702A10WIKI0000000000251770.01,KR,11.6,80,76,78,5.54,0,0
A5777,1702A10WIKI0000000000252310.01,KR,15.7,60,45,52,3.33,0,0
A5778,1702A10WIKI0000000000253344,MR,20.1,73,53,63,6.27,0,0
A5779,1702A10WIKI0000000000252741,MR,15.7,66,60,63,4.89,0,0
A5780,1702A10WIKI0000000000252766,MR,17.9,60,48,54,4.1,0,0
A5781,1702A10WIKI0000000000252611,MR,14,63,51,57,3.57,0,0
A5782,1702A10WIKI0000000000253333,MR,16.4,71,54,62,4.95,0,0
A5783,1702A10WIKI0000000000253480,MR,17.2,84,68,76,7.63,10,2.2
A5784,1702A10WIKI0000000000253454,MR,15.3,67,48,57,3.9,0,0
A5785,1702A10WIKI0000000000253279,MR,20.5,60,42,51,4.19,0,0
A5786,1702A10WIKI0000000000253340,MR,15.1,70,60,65,5.01,0,0
A5787,1702A10WIKI0000000000253167,MR,13.5,63,56,59,3.69,0,0
A5788,1702A10WIKI0000000000251841.02,KR,15.4,61,51,56,3.79,0,0
A5789,1702A10WIKI0000000000252018.02,KR,15.8,64,50,57,4.03,0,0
A5790,1702A10WIKI0000000000252240.01,KR,11.8,96,81,88,7.18,0,0
A5791,1702A10WIKI0000000000252325.01,KR,18.1,60,48,54,4.15,0,0
A5792,1702A10WIKI0000000000253227,MR,14,79,67,73,5.86,0,0
A5793,1702A10WIKI0000000000252685,MR,8.3,95,91,93,5.64,0,0
A5794,1702A10WIKI0000000000253255,MR,12.8,84,79,81,6.13,19,7
A5795,1702A10WIKI0000000000252598,MR,12.8,110,91,100,10.05,0,0
A5796,1702A10WIKI0000000000253193,MR,20.4,69,51,60,5.77,0,0
A5797,1702A10WIKI0000000000253401,MR,14.9,71,64,67,5.25,0,0
A5798,1702A10WIKI0000000000253470,MR,17.3,63,50,56,4.26,0,0
A5799,1702A10WIKI0000000000221992,MB,16.5,73,60,66,5.64,0,0
A5800,1702A10WIKI0000000000253400,MR,17.6,66,56,61,5.14,0,0
A5801,1702A10WIKI0000000000252595.02,KR,14.3,93,77,85,8.11,0,0
A5802,1702A10WIKI0000000000252325.02,KR,10.4,81,61,71,4.12,0,0
A5803,1702A10WIKI0000000000251784.01,KR,24,72,61,66,8.21,0,0
A5804,1702A10WIKI0000000000252305.02,KR,17.9,79,61,70,6.89,0,0
A5805,1702A10WIKI0000000000222316,MB,21.3,63,54,58,4.78,20,15.1
A5806,1702A10WIKI0000000000251798.02,KR,15.9,80,70,75,7.02,0,0
A5807,1702A10WIKI0000000000252245.02,KR,19.3,79,66,72,7.86,0,0
A5808,1702A10WIKI0000000000251844.01,KR,16.7,60,46,53,3.68,0,0
A5809,1702A10WIKI0000000000252240.02,KR,15.9,85,68,76,7.21,0,0
A5810,1702A10WIKI0000000000252057.02,KR,11.3,75,66,70,4.35,0,0
A5811,1702A10WIKI0000000000251841.01,KR,11.5,66,62,64,3.7,0,0
A5812,1702A10WIKI0000000000252555.01,KR,10.6,127,101,114,10.82,0,0
A5813,1702A10WIKI0000000000251828.01,KR,11.7,104,102,103,9.75,0,0
A5814,1702A10WIKI0000000000252305.01,KR,20.5,75,52,63,6.39,0,0
A5815,1702A10WIKI0000000000253175,MR,14.5,60,54,57,3.7,0,0
A5816,1702A10WIKI0000000000221929,MB,15.1,84,63,73,6.32,0,0
A5817,1702A10WIKI0000000000252148.01,KR,20.5,75,50,62,6.19,0,0
A5818,1702A10WIKI0000000000251893.01,KR,19.1,68,51,59,5.22,0,0
A5819,1702A10WIKI0000000000252148.02,KR,19.9,74,52,63,6.2,0,0
A5820,1702A10WIKI0000000000253080,MR,17.6,65,50,57,4.49,0,0
A5821,1702A10WIKI0000000000222287,MB,17.8,60,41,50,3.5,0,0
A5822,1702A10WIKI0000000000253518,MR,13.9,69,52,60,3.93,0,0
A5823,1702A10WIKI0000000000222059,MB,9.2,106,104,105,7.67,18,3.7
A5824,1702A10WIKI0000000000222122,MB,8,106,103,104,6.8,0,0
A5825,1702A10WIKI0000000000251723.01,KR,18.4,67,50,58,4.86,0,0
A5826,1702A10WIKI0000000000252196.02,KR,19.8,60,44,52,4.2,0,0
A5827,1702A10WIKI0000000000222166,MB,17.4,61,42,51,3.38,10,4.9
A5828,1702A10WIKI0000000000251723.02,KR,14.3,71,62,66,4.89,0,0
A5829,1702A10WIKI0000000000251734.02,KR,17.1,60,41,50,3.36,0,0
A5830,1702A10WIKI0000000000252229.02,KR,20.2,70,45,57,4.5,18,12.7
A5831,1702A10WIKI0000000000252054.01,KR,20.9,63,47,55,4.97,0,0
A5832,1702A10WIKI0000000000252011.01,KR,18.1,63,41,52,3.84,0,0
A5833,1702A10WIKI0000000000221975,MB,15.1,60,50,55,3.25,15,9.5
A5834,1702A10WIKI0000000000255025,MR,17.5,58,40,49,3.3,0,0
A5835,1702A10WIKI0000000000255070,MR,12.6,59,42,50,2.47,0,0
A5836,1702A10WIKI0000000000254869,MR,14.1,64,52,58,3.73,0,0
A5837,1702A10WIKI0000000000254838,MR,15.5,60,44,52,3.29,0,0
A5838,1702A10WIKI0000000000254908,MR,16.8,60,47,53,3.71,0,0
A5839,1702A10WIKI0000000000257489.02,KR,19.9,72,50,61,5.82,0,0
A5840,1702A10WIKI0000000000255376,MR,17.3,62,46,54,3.96,0,0
A5841,1702A10WIKI0000000000252437.01,KR,16.8,60,44,52,3.57,0,0
A5842,1702A10WIKI0000000000251908.02,KR,14.2,60,40,50,2.79,0,0
A5843,1702A10WIKI0000000000255494,MR,19.8,64,46,55,4.7,0,0
A5844,1702A10WIKI0000000000255117,MR,12.2,68,60,64,3.92,0,0
A5845,1702A10WIKI0000000000258013.02,KR,20.4,70,51,60,5.77,0,0
A5846,1702A10WIKI0000000000255331,MR,15.6,58,46,52,3.16,10,4.7
A5847,1702A10WIKI0000000000254976,MR,8.3,65,59,62,2.51,0,0
A5848,1702A10WIKI0000000000255306,MR,10.7,60,55,57,2.3,20,15.7
A5849,1702A10WIKI0000000000255033,MR,13.7,67,52,59,3.75,0,0
A5850,1702A10WIKI0000000000255015,MR,20.6,66,48,57,5.26,0,0
A5851,1702A10WIKI0000000000254891,MR,17.8,68,52,60,5.03,0,0
A5852,1702A10WIKI0000000000252517.01,KR,13.1,65,56,60,3.7,0,0
A5853,1702A10WIKI0000000000252263.02,KR,16.5,60,46,53,3.48,10,4.5
A5854,1702A10WIKI0000000000251796.01,KR,19.7,64,42,53,4.35,0,0
A5855,1702A10WIKI0000000000252463.01,KR,14.4,62,49,55,3.42,0,0
A5856,1702A10WIKI0000000000252505.01,KR,11,60,50,55,2.61,0,0
A5857,1702A10WIKI0000000000251881.01,KR,16.5,70,54,62,4.98,0,0
A5858,1702A10WIKI0000000000252517.02,KR,19.5,60,41,50,3.83,0,0
A5859,1702A10WIKI0000000000222214,MB,15.6,56,43,49,2.94,0,0
A5860,1702A10WIKI0000000000255470,MR,16.1,72,59,65,5.34,0,0
A5861,1702A10WIKI0000000000255238,BNS,19.9,62,45,53,4.19,10,4.5
A5862,1702A10WIKI0000000000255183,BNS,19.4,57,42,49,2.96,19,19.1
A5863,1702A10WIKI0000000000255135,MR,17.1,67,54,60,4.83,0,0
A5864,1702A10WIKI0000000000254926,BNS,18.2,81,66,73,6.73,22,11.6
A5865,1702A10WIKI0000000000254964,MR,22.8,62,48,55,5.42,0,0
A5866,1702A10WIKI0000000000252448.02,KR,20.3,66,48,57,5.18,0,0
A5867,1702A10WIKI0000000000255336.02,KR,21.8,85,60,72,8.88,0,0
A5868,1702A10WIKI0000000000252093.02,KR,10,82,75,78,4.78,0,0
A5869,1702A10WIKI0000000000258013.01,KR,19.4,66,56,61,5.67,0,0
A5870,1702A10WIKI0000000000252355.02,KR,20,70,46,58,5.28,0,0
A5871,1702A10WIKI0000000000255368.02,KR,13.6,91,82,86,7.9,0,0
A5872,1702A10WIKI0000000000255079.02,KR,21.2,80,50,65,7.03,0,0
A5873,1702A10WIKI0000000000255210.02,KR,19.4,74,55,64,6.24,0,0
A5874,1702A10WIKI0000000000257965.02,KR,20.8,71,45,58,5.5,0,0
A5875,1702A10WIKI0000000000255079.01,KR,21.1,78,52,65,7,0,0
A5876,1702A10WIKI0000000000255549.01,KR,18.6,80,61,70,7.16,0,0
A5877,1702A10WIKI0000000000254847,MR,15.4,64,43,53,3.4,0,0
A5878,1702A10WIKI0000000000255053,MR,16.4,91,71,81,7.43,25,12.1
A5879,1702A10WIKI0000000000255041,MR,17.9,54,40,47,2.93,10,5.8
A5880,1702A10WIKI0000000000255255,BNS,19.6,64,50,57,5,0,0
A5881,1702A10WIKI0000000000255263,MR,21.1,61,47,54,4.83,0,0
A5882,1702A10WIKI0000000000255115,MR,21.3,75,56,65,7.07,0,0
A5883,1702A10WIKI0000000000255195,MR,14.9,55,40,47,2.59,0,0
A5884,1702A10WIKI0000000000255418,MR,14.7,63,54,58,3.88,0,0
A5885,1702A10WIKI0000000000255442,MR,12.8,54,43,48,2.32,0,0
A5886,1702A10WIKI0000000000255474,MR,17.7,57,40,48,3.2,0,0
A5887,1702A10WIKI0000000000255336.01,KR,20.7,84,65,74,8.37,16,6
A5888,1702A10WIKI0000000000255316.01,KR,21.3,76,58,67,7.51,0,0
A5889,1702A10WIKI0000000000222161,MB,19.7,63,49,56,4.28,17,11.7
A5890,1702A10WIKI0000000000221923,MB,14,73,57,65,4.65,0,0
A5891,1702A10WIKI0000000000257489.01,KR,15,77,64,70,5.77,0,0
A5892,1702A10WIKI0000000000252178.01,KR,8.6,57,55,56,2.12,0,0
A5893,1702A10WIKI0000000000257854.02,KR,12.3,79,71,75,5.43,0,0
A5894,1702A10WIKI0000000000252448.01,KR,11.9,81,68,74,5.12,0,0
A5895,1702A10WIKI0000000000252383.01,KR,9.8,63,55,59,2.58,10,3.7
A5896,1702A10WIKI0000000000255168.02,KR,17.6,75,60,67,6.21,0,0
A5897,1702A10WIKI0000000000251869.01,KR,18.9,65,45,55,4.49,0,0
A5898,1702A10WIKI0000000000251722.02,KR,18.1,54,43,48,3.28,0,0
A5899,1702A10WIKI0000000000252196.01,KR,21.3,61,40,50,4.18,0,0
A5900,1702A10WIKI0000000000252011.02,KR,18.4,58,47,52,3.91,0,0
A5901,1702A10WIKI0000000000251869.02,KR,21.5,60,44,52,4.57,0,0
A5902,1702A10WIKI0000000000254997,MR,17.3,55,43,49,3.26,0,0
A5903,1702A10WIKI0000000000255168.01,KR,19.9,69,57,63,6.2,0,0
A5904,1702A10WIKI0000000000255441.01,KR,20.3,73,49,61,5.93,0,0
A5905,1702A10WIKI0000000000255368.01,KR,21.1,77,61,69,7.89,0,0
A5906,1702A10WIKI0000000000255184,MR,16.5,57,49,53,3.64,0,0
A5907,1702A10WIKI0000000000255133,MR,14.1,68,54,61,4.12,0,0
A5908,1702A10WIKI0000000000222084,MB,12.9,86,75,80,6.48,0,0
A5909,1702A10WIKI0000000000254909,MR,19.3,60,44,52,4.1,0,0
A5910,1702A10WIKI0000000000254805,MR,12.2,57,46,51,2.49,0,0
A5911,1702A10WIKI0000000000255032,MR,16.9,57,47,52,3.59,0,0
A5912,1702A10WIKI0000000000255162,MR,15.7,70,52,61,4.59,0,0
A5913,1702A10WIKI0000000000255482,MR,14.6,58,47,52,2.95,10,4.7
A5914,1702A10WIKI0000000000222154,MB,17.3,91,72,81,8.62,13,3.3
A5915,1702A10WIKI0000000000222104,MB,17.5,72,63,67,5.54,19,10.2
A5916,1702A10WIKI0000000000254921,BNS,17,78,64,71,6.35,15,5.7
A5917,1702A10WIKI0000000000255182.02,KR,23.3,72,51,61,6.81,0,0
A5918,1702A10WIKI0000000000255101.01,KR,18.5,72,60,66,6.33,0,0
A5919,1702A10WIKI0000000000252247.02,KR,17.8,63,45,54,4.08,0,0
A5920,1702A10WIKI0000000000252230.02,KR,14.1,60,48,54,3.23,0,0
A5921,1702A10WIKI0000000000252178.02,KR,10.8,57,51,54,2.2,16,11.2
A5922,1702A10WIKI0000000000255391,MR,14.3,51,40,45,2.27,0,0
A5923,1702A10WIKI0000000000254854,MR,21,92,69,80,10.56,0,0
A5924,1702A10WIKI0000000000255363.02,KR,21.2,72,54,63,6.61,0,0
A5925,1702A10WIKI0000000000255182.01,KR,13.1,87,76,81,6.75,0,0
A5926,1702A10WIKI0000000000252505.02,KR,13.5,56,45,50,2.65,0,0
A5927,1702A10WIKI0000000000251734.01,KR,15,61,46,53,3.31,0,0
A5928,1702A10WIKI0000000000255248.02,KR,19.5,83,60,71,7.72,0,0
A5929,1702A10WIKI0000000000251903.02,KR,17.7,72,53,62,5.34,0,0
A5930,1702A10WIKI0000000000251908.01,KR,16,52,42,47,2.78,0,0
A5931,1702A10WIKI0000000000255098,MRS,16.9,65,45,55,4.02,0,0
A5932,1702A10WIKI0000000000252259.02,KR,14.4,52,42,47,2.5,0,0
A5933,1702A10WIKI0000000000252259.01,KR,14.2,55,40,47,2.46,0,0
A5934,1702A10WIKI0000000000252383.02,KR,15,54,40,47,2.6,0,0
A5935,1702A10WIKI0000000000255248.01,KR,20.5,82,56,69,7.67,0,0
A5936,1702A10WIKI0000000000255242.01,KR,21.9,84,60,72,8.92,0,0
A5937,1702A10WIKI0000000000255112,MR,15.9,76,58,67,5.61,0,0
A5938,1702A10WIKI0000000000255011,MR,18.8,60,50,55,4.47,0,0
A5939,1702A10WIKI0000000000254897,MR,19.3,66,43,54,4.42,0,0
A5940,1702A10WIKI0000000000255210.01,KR,17.1,79,58,68,6.21,0,0
A5941,1702A10WIKI0000000000252054.02,KR,21,67,44,55,4.99,0,0
A5942,1702A10WIKI0000000000255549.02,KR,13.9,92,73,82,7.34,0,0
A5943,1702A10WIKI0000000000255048.02,KR,13.9,86,63,74,5.98,0,0
A5944,1702A10WIKI0000000000255353.02,KR,19.5,76,59,67,6.88,0,0
A5945,1702A10WIKI0000000000254839.01,KR,12,113,95,104,10.19,0,0
A5946,1702A10WIKI0000000000251992.02,KR,18.8,60,47,53,4.15,0,0
A5947,1702A10WIKI0000000000257965.01,KR,19.4,71,50,60,5.49,0,0
A5948,1702A10WIKI0000000000255316.02,KR,12.4,95,83,89,7.59,10,1.6
A5949,1702A10WIKI0000000000251903.01,KR,12.9,78,67,72,5.25,0,0
A5950,1702A10WIKI0000000000254943.02,KR,19.7,72,54,63,6.14,0,0
A5951,1702A10WIKI0000000000254809.01,KR,17.9,80,59,69,6.69,0,0
A5952,1702A10WIKI0000000000255441.02,KR,17.9,72,58,65,5.94,0,0
A5953,1702A10WIKI0000000000255101.02,KR,16.5,73,67,70,6.35,0,0
A5954,1702A10WIKI0000000000252437.02,KR,17.9,60,42,51,3.66,0,0
A5955,1702A10WIKI0000000000255048.01,KR,21.1,71,49,60,5.97,0,0
A5956,1702A10WIKI0000000000255363.01,KR,16.5,77,63,70,6.35,0,0
A5957,1702A10WIKI0000000000251722.01,KR,16.5,59,42,50,3.24,0,0
A5958,1702A10WIKI0000000000252338.01,KR,17.9,69,52,60,5.06,0,0
A5959,1702A10WIKI0000000000257854.01,KR,15,81,62,71,5.4,19,9.1
A5960,1702A10WIKI0000000000252230.01,KR,14.7,58,45,51,3,0,0
A5961,1702A10WIKI0000000000252338.02,KR,16.2,70,57,63,5.05,0,0
A5962,1702A10WIKI0000000000252083.01,KR,10,76,55,65,3.32,0,0
A5963,1702A10WIKI0000000000255353.01,KR,15.4,86,65,75,6.8,0,0
A5964,1702A10WIKI0000000000252247.01,KR,14.5,69,49,59,3.96,0,0
A5965,1702A10WIKI0000000000251992.01,KR,16.1,65,49,57,4.11,0,0
A5966,1702A10WIKI0000000000254943.01,KR,19.5,75,51,63,6.08,0,0
A5967,1702A10WIKI0000000000251881.02,KR,17.1,72,51,61,5,0,0
A5968,1702A10WIKI0000000000252229.01,KR,19.4,60,49,54,4.44,0,0
A5969,1702A10WIKI0000000000255142,MR,14.3,70,53,61,4.04,10,3.4
A5970,1702A10WIKI0000000000252093.01,KR,12.2,79,61,70,4.7,0,0
A5971,1702A10WIKI0000000000254809.02,KR,16.1,79,68,73,6.74,0,0
A5972,1702A10WIKI0000000000252263.01,KR,13,62,55,58,3.43,0,0
A5973,1702A10WIKI0000000000252355.01,KR,13.8,77,62,69,5.16,0,0
A5974,1702A10WIKI0000000000252463.02,KR,15.6,61,45,53,3.44,0,0
A5975,1702A10WIKI0000000000255154,MR,12.9,76,67,71,5.11,0,0
A5976,1702A10WIKI0000000000255490,MR,12.9,82,76,79,6.32,0,0
A5977,1702A10WIKI0000000000255242.02,KR,17.8,94,70,82,9.4,0,0
A5978,1702A10WIKI0000000000251796.02,KR,19,63,45,54,4.35,0,0
A5979,1702A10WIKI0000000000254839.02,KR,16.9,96,82,89,10.51,0,0
A5980,1702A10WIKI0000000000252083.02,KR,19.4,55,40,47,3.37,0,0
A5981,1702A10WIKI0000000000257441,MB,10.7,60,55,57,2.73,0,0
A5982,1702A10WIKI0000000000258120,BNS,13.9,61,53,57,3.55,0,0
A5983,1702A10WIKI0000000000258444,MRS,8.5,71,64,67,2.66,20,11.3
A5984,1702A10WIKI0000000000247570.02,KR,20.1,90,66,78,9.6,0,0
A5985,1702A10WIKI0000000000247958.01,KR,8.5,88,85,86,4.4,25,10.8
A5986,1702A10WIKI0000000000247958.02,KR,17.5,62,48,55,4.16,0,0
A5987,1702A10WIKI0000000000248063.01,KR,20.6,74,63,68,7.48,0,0
A5988,1702A10WIKI0000000000248063.02,KR,16,55,50,52,3.4,0,0
A5989,1702A10WIKI0000000000247535.01,KR,19.3,75,57,66,6.6,0,0
A5990,1702A10WIKI0000000000257987,MB,12.1,61,53,57,3.09,0,0
A5991,1702A10WIKI0000000000247535.02,KR,19.5,78,54,66,6.67,0,0
A5992,1702A10WIKI0000000000247555.01,KR,17.9,81,55,68,6.5,0,0
A5993,1702A10WIKI0000000000247555.02,KR,18.7,56,40,48,3.38,0,0
A5994,1702A10WIKI0000000000247675.01,KR,17.4,61,51,56,4.29,0,0
A5995,1702A10WIKI0000000000247675.02,KR,20.5,71,56,63,6.39,0,0
A5996,1702A10WIKI0000000000258921.01,MR,16.9,83,70,76,7.67,0,0
A5997,1702A10WIKI0000000000258921.02,MR,18.9,77,63,70,7.27,0,0
A5998,1702A10WIKI0000000000247995.01,KR,17.4,67,45,56,4.29,0,0
A5999,1702A10WIKI0000000000247995.02,KR,14.6,75,62,68,5.3,0,0
A6000,1702A10WIKI0000000000247783.01,KR,14.1,55,41,48,2.55,0,0
A6001,1702A10WIKI0000000000247783.02,KR,21.1,63,44,53,4.66,0,0
A6002,1702A10WIKI0000000000258124,MB,16.5,60,45,52,3.5,0,0
A6003,1702A10WIKI0000000000257651,BNS,15.5,80,71,75,6.55,14,4.4
A6004,1702A10WIKI0000000000248159.01,KR,17.5,61,44,52,3.72,0,0
A6005,1702A10WIKI0000000000248159.02,KR,21.7,92,61,76,9.84,0,0
A6006,1702A10WIKI0000000000247377.01,KR,18.3,65,47,56,4.51,0,0
A6007,1702A10WIKI0000000000247377.02,KR,14.7,58,43,50,2.89,0,0
A6008,1702A10WIKI0000000000247596.01,KR,14.1,72,62,67,4.97,0,0
A6009,1702A10WIKI0000000000247596.02,KR,19.8,63,51,57,5.05,0,0
A6010,1702A10WIKI0000000000247758.01,KR,19,75,63,69,6.68,15,6
A6011,1702A10WIKI0000000000258414.01,MR,13.3,62,51,56,3.14,10,4.1
A6012,1702A10WIKI0000000000258414.02,MR,15.3,68,56,62,4.62,0,0
A6013,1702A10WIKI0000000000258153,MB,18.5,70,53,61,5.04,14,6.7
A6014,1702A10WIKI0000000000247758.02,KR,14.4,60,41,50,2.83,0,0
A6015,1702A10WIKI0000000000247850.01,KR,14.9,65,60,62,3.96,19,12
A6016,1702A10WIKI0000000000247850.02,KR,19.9,62,46,54,4.56,0,0
A6017,1702A10WIKI0000000000248203.01,KR,20.3,74,53,63,6.33,0,0
A6018,1702A10WIKI0000000000248203.02,KR,15.4,57,44,50,3.02,0,0
A6019,1702A10WIKI0000000000248033.01,KR,13.2,80,59,69,4.94,0,0
A6020,1702A10WIKI0000000000248033.02,KR,21.2,72,50,61,6.2,0,0
A6021,1702A10WIKI0000000000247541.01,KR,19.3,58,43,50,3.79,0,0
A6022,1702A10WIKI0000000000258278.01,MR,14.1,60,48,54,3.23,0,0
A6023,1702A10WIKI0000000000247541.02,KR,13.3,65,53,59,3.64,0,0
A6024,1702A10WIKI0000000000248077.01,KR,18.2,55,42,48,3.29,0,0
A6025,1702A10WIKI0000000000248077.02,KR,18.8,56,41,48,3.4,0,0
A6026,1702A10WIKI0000000000248125.01,KR,16.3,62,46,54,3.73,0,0
A6027,1702A10WIKI0000000000248125.02,KR,8.8,59,51,55,2.09,0,0
A6028,1702A10WIKI0000000000247800.01,KR,16.2,72,60,66,5.27,13,4.9
A6029,1702A10WIKI0000000000257305,MB,16.6,63,56,59,4.54,0,0
A6030,1702A10WIKI0000000000258278.02,MR,10.7,70,52,61,3.13,0,0
A6031,1702A10WIKI0000000000247800.02,KR,21.7,81,56,68,7.88,0,0
A6032,1702A10WIKI0000000000247877.01,KR,16,63,45,54,3.66,0,0
A6033,1702A10WIKI0000000000247877.02,KR,18.3,56,43,49,3.45,0,0
A6034,1702A10WIKI0000000000247714.01,KR,12,59,48,53,2.65,0,0
A6035,1702A10WIKI0000000000249907,BNS,19.5,67,49,58,5.15,0,0
A6036,1702A10WIKI0000000000249471.01,KR,17.8,57,40,48,3.22,0,0
A6037,1702A10WIKI0000000000249646.01,KR,18,63,49,56,4.43,0,0
A6038,1702A10WIKI0000000000249747,MR,17.9,54,40,47,3.11,0,0
A6039,1702A10WIKI0000000000249978,MR,17.8,62,49,55,4.23,0,0
A6040,1702A10WIKI0000000000249848.02,KR,20.7,55,41,48,3.75,0,0
A6041,1702A10WIKI0000000000249388,MR,21.2,63,45,54,4.86,0,0
A6042,1702A10WIKI0000000000249987,BNS,19.4,67,53,60,5.49,0,0
A6043,1702A10WIKI0000000000250031,MR,15.1,98,84,91,9.28,19,5.5
A6044,1702A10WIKI0000000000249491,MB,20.4,58,42,50,4.01,0,0
A6045,1702A10WIKI0000000000249632,MR,16.2,67,51,59,4.43,0,0
A6046,1702A10WIKI0000000000249692.01,KR,17.4,55,40,47,3.02,0,0
A6047,1702A10WIKI0000000000249683,MR,21.3,57,41,49,4.02,0,0
A6048,1702A10WIKI0000000000249234.02,KR,16.9,66,48,57,4.31,0,0
A6049,1702A10WIKI0000000000249119.02,KR,13.3,75,54,64,4.28,0,0
A6050,1702A10WIKI0000000000249798,MB,15.6,71,56,63,4.86,0,0
A6051,1702A10WIKI0000000000249999,MR,17.2,61,40,50,3.38,0,0
A6052,1702A10WIKI0000000000249745,MR,21.2,59,42,50,4.16,0,0
A6053,1702A10WIKI0000000000249517.01,KR,20.4,70,46,58,5.39,0,0
A6054,1702A10WIKI0000000000249250,MR,13.7,64,54,59,3.75,0,0
A6055,1702A10WIKI0000000000249526,MR,14.9,60,50,55,3.54,0,0
A6056,1702A10WIKI0000000000249057,BNS,20,59,42,50,3.64,12,7.3
A6057,1702A10WIKI0000000000249052,BNS,18,59,46,52,3.82,0,0
A6058,1702A10WIKI0000000000249252.02,KR,21.3,74,54,64,6.85,0,0
A6059,1702A10WIKI0000000000250013,MR,16.1,60,50,55,3.83,0,0
A6060,1702A10WIKI0000000000249777.02,KR,19.2,54,42,48,3.47,0,0
A6061,1702A10WIKI0000000000249663.02,KR,21.3,62,45,53,4.7,0,0
A6062,1702A10WIKI0000000000249610,MR,21,65,51,58,5.55,0,0
A6063,1702A10WIKI0000000000249373,BNS,17.5,77,60,68,6.36,0,0
A6064,1702A10WIKI0000000000249275,MR,15.6,88,75,81,8.04,0,0
A6065,1702A10WIKI0000000000249762,MR,15.3,56,42,49,2.89,0,0
A6066,1702A10WIKI0000000000249724.01,KR,12.1,56,40,48,2.19,0,0
A6067,1702A10WIKI0000000000249540.02,KR,16.2,55,40,47,2.81,0,0
A6068,1702A10WIKI0000000000249457,MR,13.1,84,73,78,6.26,0,0
A6069,1702A10WIKI0000000000249471.02,KR,12.2,67,52,59,3.34,0,0
A6070,1702A10WIKI0000000000249602,MR,16.2,80,61,70,6.23,0,0
A6071,1702A10WIKI0000000000249966,MR,15.8,99,83,91,10.28,0,0
A6072,1702A10WIKI0000000000249517.02,KR,21.1,70,50,60,5.97,0,0
A6073,1702A10WIKI0000000000249252.01,KR,20.7,74,54,64,6.66,0,0
A6074,1702A10WIKI0000000000249844.02,KR,16.7,60,45,52,3.55,0,0
A6075,1702A10WIKI0000000000249427,MR,15.9,68,57,62,4.17,20,13.2
A6076,1702A10WIKI0000000000249552,MR,15.3,80,70,75,6.76,0,0
A5598,1702A10WIKI0000000000251826.02,KR,15.9,57,42,49,3,0,0
A6077,1702A10WIKI0000000000249963,MR,18.1,67,46,56,4.46,0,0
A6078,1702A10WIKI0000000000249325,MR,16,61,48,54,3.66,0,0
A6079,1702A10WIKI0000000000249297,MR,16.4,54,43,48,2.97,0,0
A6080,1702A10WIKI0000000000249077,MR,14.8,62,51,56,3.65,0,0
A6081,1702A10WIKI0000000000249316,MR,14.2,71,55,63,4.43,0,0
A6082,1702A10WIKI0000000000249314,MR,16,70,58,64,5.15,0,0
A6083,1702A10WIKI0000000000249912,MB,17,67,56,61,4.64,14,6.7
A6084,1702A10WIKI0000000000249623,MR,15.7,60,45,52,3.33,0,0
A6085,1702A10WIKI0000000000249719.02,KR,15.2,61,53,57,3.88,0,0
A6086,1702A10WIKI0000000000249833,MB,16.8,67,52,59,3.99,19,13.2
A6087,1702A10WIKI0000000000249680,MB,18.2,58,43,50,3.57,0,0
A6088,1702A10WIKI0000000000249575,BNS,14.2,66,57,61,4.15,0,0
A6089,1702A10WIKI0000000000249660.02,KR,20,65,41,53,4.41,0,0
A6090,1702A10WIKI0000000000249856,MRS,19.8,69,49,59,5.41,0,0
A6091,1702A10WIKI0000000000249688,MR,19,80,59,69,7.1,0,0
A6092,1702A10WIKI0000000000249105.01,KR,15.3,62,52,57,3.9,0,0
A6093,1702A10WIKI0000000000249106.01,KR,12.2,52,41,46,2.03,0,0
A6094,1702A10WIKI0000000000249568,MB,11.1,53,47,50,1.96,14,10
A6095,1702A10WIKI0000000000249802,MR,12.1,67,54,60,3.42,0,0
A6096,1702A10WIKI0000000000249848.01,KR,14.9,68,45,56,3.67,0,0
A6097,1702A10WIKI0000000000249234.01,KR,15.7,67,51,59,4.29,0,0
A6098,1702A10WIKI0000000000249844.01,KR,17.8,60,41,50,3.5,0,0
A6099,1702A10WIKI0000000000249119.01,KR,21.1,61,41,51,4.31,0,0
A6100,1702A10WIKI0000000000249724.02,KR,9.1,68,55,61,2.66,0,0
A6101,1702A10WIKI0000000000249778.01,KR,17.3,82,65,73,7.24,0,0
A6102,1702A10WIKI0000000000249540.01,KR,14.9,54,42,48,2.7,0,0
A6103,1702A10WIKI0000000000249505.01,KR,19.4,63,50,56,4.78,0,0
A6104,1702A10WIKI0000000000249106.02,KR,11.9,54,41,47,2.06,0,0
A6105,1702A10WIKI0000000000249660.01,KR,19.2,64,45,54,4.4,0,0
A6106,1702A10WIKI0000000000249105.02,KR,16.6,65,48,56,4.09,0,0
A6107,1702A10WIKI0000000000249914,MR,12.2,70,55,62,3.68,0,0
A6108,1702A10WIKI0000000000249968.01,KR,16.3,59,40,49,3.07,0,0
A6109,1702A10WIKI0000000000249663.01,KR,18.3,69,46,57,4.67,0,0
A6110,1702A10WIKI0000000000249505.02,KR,21.7,63,43,53,4.79,0,0
A6111,1702A10WIKI0000000000249777.01,KR,17.3,57,44,50,3.4,0,0
A6112,1702A10WIKI0000000000249599,MR,16.4,60,48,54,3.76,0,0
A6113,1702A10WIKI0000000000249624,MR,18.5,56,42,49,3.49,0,0
A6114,1702A10WIKI0000000000249968.02,KR,11.5,66,52,59,3.14,0,0
A6115,1702A10WIKI0000000000249144,BNS,19.4,77,60,68,7.05,0,0
A6116,1702A10WIKI0000000000249646.02,KR,12.1,76,63,69,4.52,0,0
A6117,1702A10WIKI0000000000249692.02,KR,11.9,63,52,57,3.04,0,0
A6118,1702A10WIKI0000000000249289,MR,10.5,59,51,55,2.49,0,0
A6119,1702A10WIKI0000000000249988,MR,18.8,65,49,57,4.04,20,15.7
A6120,1702A10WIKI0000000000249719.01,KR,11.9,66,60,63,3.71,0,0
A6121,1702A10WIKI0000000000255408,BNS,10.5,74,67,70,3.7,18,8.4
A6122,1702A10WIKI0000000000254858,MR,12.5,68,58,63,3.9,0,0
A6123,1702A10WIKI0000000000255177,BNS,11.3,63,56,59,2.84,15,8.2
A6124,1702A10WIKI0000000000255000,MB,15.5,52,43,47,2.29,16,14.8
A6125,1702A10WIKI0000000000255459,BNS,20,69,53,61,5.84,0,0
A6126,1702A10WIKI0000000000255339,BNS,19.2,65,48,56,4.54,10,4.1
A6127,1702A10WIKI0000000000255138,MR,17.2,75,45,60,4.86,0,0
A6128,1702A10WIKI0000000000255143,BNS,15.3,57,48,52,3.25,0,0
A6129,1702A10WIKI0000000000255372,BNS,18,59,51,55,4.28,0,0
A6130,1702A10WIKI0000000000255417,MR,17.9,58,44,51,3.66,0,0
A6131,1702A10WIKI0000000000254844,MR,16.9,66,54,60,4.78,0,0
A6132,1702A10WIKI0000000000255445,MR,19.2,76,58,67,6.58,10,2.8
A6133,1702A10WIKI0000000000255633,BNS,18.3,61,48,54,4.19,0,0
A6134,1702A10WIKI0000000000255491.02,KR,17.9,63,45,54,4.1,0,0
A6135,1702A10WIKI0000000000255448.01,KR,9.7,52,48,50,1.9,0,0
A6136,1702A10WIKI0000000000255120.01,KR,18.8,76,54,65,6.24,0,0
A6137,1702A10WIKI0000000000254861.01,KR,17.9,68,49,58,4.73,0,0
A6138,1702A10WIKI0000000000255478.02,KR,16.7,69,55,62,5.04,0,0
A6139,1702A10WIKI0000000000255045.01,KR,15.5,60,50,55,3.18,18,13.6
A6140,1702A10WIKI0000000000255555.02,KR,20.7,93,70,81,10.67,0,0
A6141,1702A10WIKI0000000000255478.01,KR,21.6,60,48,54,4.95,0,0
A6142,1702A10WIKI0000000000254861.02,KR,18.3,64,53,58,4.84,0,0
A6143,1702A10WIKI0000000000254879.02,KR,20.8,70,50,60,5.88,0,0
A6144,1702A10WIKI0000000000254960.01,KR,19.9,60,44,52,4.23,0,0
A6145,1702A10WIKI0000000000255451.01,KR,13.2,67,53,60,3.6,10,3.5
A6146,1702A10WIKI0000000000255270,KR,11.3,52,46,49,2.13,0,0
A6147,1702A10WIKI0000000000255045.02,KR,16.7,56,45,50,3.28,0,0
A6148,1702A10WIKI0000000000255225.02,KR,18.6,59,40,49,3.51,0,0
A6149,1702A10WIKI0000000000255451.02,KR,17.3,62,43,52,3.67,0,0
A6150,1702A10WIKI0000000000255514.02,KR,14,55,42,48,2.53,0,0
A6151,1702A10WIKI0000000000255448.02,KR,10.6,55,41,48,1.92,0,0
A6152,1702A10WIKI0000000000255439.01,KR,16.6,59,50,54,3.8,0,0
A6153,1702A10WIKI0000000000255439.02,KR,20.2,56,45,50,3.97,0,0
A6154,1702A10WIKI0000000000255222.01,KR,16.9,61,45,53,3.73,0,0
A6155,1702A10WIKI0000000000255225.01,KR,17.8,54,45,49,3.36,0,0
A6156,1702A10WIKI0000000000254936,BNS,17.6,58,45,51,3.6,0,0
A6157,1702A10WIKI0000000000255120.02,KR,19.9,76,57,66,6.81,0,0
A6158,1702A10WIKI0000000000254879.01,KR,20.6,67,53,60,5.82,0,0
A6159,1702A10WIKI0000000000255491.01,KR,16.3,67,45,56,4.01,0,0
A6160,1702A10WIKI0000000000255635.01,KR,19.6,70,49,59,5.36,0,0
A6161,1702A10WIKI0000000000255635.02,KR,19.6,70,52,61,5.73,0,0
A6162,1702A10WIKI0000000000254960.02,KR,17.5,65,47,56,4.31,0,0
A6163,1702A10WIKI0000000000255514.01,KR,11.8,57,47,52,2.34,12,6.8
A6164,1702A10WIKI0000000000255413,BNS,17.9,66,48,57,4.39,10,3.9
A6165,1702A10WIKI0000000000255555.01,KR,19.4,77,60,68,7.05,0,0
A6166,1702A10WIKI0000000000255222.02,KR,16.9,61,45,53,3.73,0,0
A6167,1702A10WIKI0000000000255311,BNS,14.1,53,40,46,2.34,0,0
A6168,1702A10WIKI0000000000255342,BNS,19.8,71,45,58,5.23,0,0
A6169,1702A10WIKI0000000000252937,MR,17.2,72,57,64,5.53,0,0
A6170,1702A10WIKI0000000000255613.02,KR,20.4,60,44,52,4.33,0,0
A6171,1702A10WIKI0000000000252695,MR,18.5,60,51,55,4.4,0,0
A6172,1702A10WIKI0000000000254934.02,KR,20.7,71,47,59,5.66,0,0
A6173,1702A10WIKI0000000000253174,MR,16,73,55,64,4.3,23,16.4
A6174,1702A10WIKI0000000000253384,MR,16.5,58,42,50,3.24,0,0
A6175,1702A10WIKI0000000000253458,MR,17.2,62,45,53,3.79,0,0
A6176,1702A10WIKI0000000000257674,MB,19.4,76,64,70,6.69,20,10.4
A6177,1702A10WIKI0000000000252878,MR,16.2,53,43,48,2.93,0,0
A6178,1702A10WIKI0000000000253485,MR,10.2,74,67,70,3.93,0,0
A6179,1702A10WIKI0000000000252851,MR,20.2,62,46,54,4.63,0,0
A6180,1702A10WIKI0000000000252942,MR,14.4,66,57,61,4.21,0,0
A6181,1702A10WIKI0000000000252718,BNS,13.9,70,55,62,4.2,0,0
A6182,1702A10WIKI0000000000255493,MRS,18.8,59,49,54,4.31,0,0
A6183,1702A10WIKI0000000000249778.02,KR,15.3,63,46,54,3.5,0,0
A6184,1702A10WIKI0000000000255613.01,KR,19.7,57,43,50,3.87,0,0
A6185,1702A10WIKI0000000000254934.01,KR,19.7,70,48,59,5.39,0,0
A6186,1702A10WIKI0000000000252869,MR,14.1,80,70,75,6.23,0,0
A6187,1702A10WIKI0000000000252911,MR,8.6,69,61,65,2.85,0,0
A6188,1702A10WIKI0000000000252837,MR,17,63,45,54,3.89,0,0
A6189,1702A10WIKI0000000000253330,MR,20.3,70,42,56,5,0,0
A6190,1702A10WIKI0000000000252747,MR,17.5,58,46,52,3.72,0,0
A6191,1702A10WIKI0000000000248584,MR,11.7,79,69,74,5.03,0,0
A6192,1702A10WIKI0000000000248255,MR,20.6,92,71,81,10.62,0,0
A6193,1702A10WIKI0000000000248397,MR,17.6,97,79,88,10.7,0,0
A6194,1702A10WIKI0000000000248813,MR,23.6,70,53,61,6.9,0,0
A6195,1702A10WIKI0000000000248309,MR,18.3,59,43,51,3.74,0,0
A6196,1702A10WIKI0000000000248637.01,KR,21.4,65,44,54,4.9,0,0
A6197,1702A10WIKI0000000000248432,MR,20.7,70,53,61,6.05,0,0
A6198,1702A10WIKI0000000000248404,MR,21.4,80,56,68,7.77,0,0
A6199,1702A10WIKI0000000000248731.02,KR,11.8,91,85,88,7.18,0,0
A6200,1702A10WIKI0000000000248731.01,KR,21.3,63,49,56,5.25,0,0
A6201,1702A10WIKI0000000000248637.02,KR,21.9,65,45,55,5.2,0,0
A6202,1702A10WIKI0000000000248525,MR,12.1,100,88,94,8.4,0,0
A6203,1702A10WIKI0000000000248548,MR,15.7,52,41,46,2.61,0,0
A6204,1702A10WIKI0000000000248680,MR,17.7,82,66,74,7.61,0,0
A6205,1702A10WIKI0000000000248413,MR,17.3,65,55,60,4.89,0,0
A6206,1702A10WIKI0000000000248851,MR,21.8,59,42,50,4.28,0,0
A6207,1702A10WIKI0000000000248411,MR,14.8,71,61,66,4.64,17,8.4
A6208,1702A10WIKI0000000000248879,MB,13.7,73,62,67,4.83,0,0
A6209,1702A10WIKI0000000000249017,MR,12.6,65,54,59,3.44,0,0
A6210,1702A10WIKI0000000000248877,MR,16.1,61,51,56,3.97,0,0
A6211,1702A10WIKI0000000000248495,MB,20.6,72,61,66,6.14,21,12.9
A6212,1702A10WIKI0000000000248684,BNS,17,73,70,71,6.73,0,0
A6213,1702A10WIKI0000000000248724,MR,21.8,60,48,54,4.99,0,0
A6214,1702A10WIKI0000000000248232,MB,19.5,73,55,64,6.27,0,0
A6215,1702A10WIKI0000000000248220.02,KR,18.3,70,56,63,5.7,0,0
A6216,1702A10WIKI0000000000260063.02,KR,18.4,88,67,77,8.57,0,0
A6217,1702A10WIKI0000000000248764.01,KR,19.1,67,46,56,4.7,0,0
A6218,1702A10WIKI0000000000260063.01,KR,15.5,92,82,87,8.47,22,8.1
A6219,1702A10WIKI0000000000260042.01,KR,21.4,88,58,73,8.96,0,0
A6220,1702A10WIKI0000000000248500.01,KR,22.5,64,54,59,6.15,0,0
A6221,1702A10WIKI0000000000248917.01,KR,19.2,66,49,57,4.9,0,0
A6222,1702A10WIKI0000000000259981.02,KR,15.8,90,71,80,7.94,0,0
A6223,1702A10WIKI0000000000248597.01,KR,13.7,80,58,69,5.12,0,0
A6224,1702A10WIKI0000000000248220.01,KR,18.7,67,57,62,5.65,0,0
A6225,1702A10WIKI0000000000248598,MRS,20,86,68,77,9.31,0,0
A6226,1702A10WIKI0000000000259481.02,KR,19.8,76,56,66,6.77,0,0
A6227,1702A10WIKI0000000000260071.01,KR,22.3,75,52,63,6.95,0,0
A6228,1702A10WIKI0000000000248868,MR,14.5,79,65,72,5.9,0,0
A6229,1702A10WIKI0000000000248496,MR,12,71,58,64,3.86,0,0
A6230,1702A10WIKI0000000000248688,MR,10.8,90,71,80,5.12,17,5.7
A6231,1702A10WIKI0000000000248852,MR,11.4,71,70,70,4.39,0,0
A6232,1702A10WIKI0000000000248988,MR,14,70,55,62,4.23,0,0
A6233,1702A10WIKI0000000000248816,MR,9.4,90,78,84,5.21,0,0
A6234,1702A10WIKI0000000000248693.02,KR,19.6,78,49,63,6.11,0,0
A6235,1702A10WIKI0000000000248735,MR,15.4,64,51,57,3.93,0,0
A6236,1702A10WIKI0000000000248419,BNS,12,103,85,94,7.52,26,9.7
A6237,1702A10WIKI0000000000248854.02,KR,13.2,60,53,56,3.25,0,0
A6238,1702A10WIKI0000000000248292.01,KR,11,71,60,65,3.65,0,0
A6239,1702A10WIKI0000000000248825,BNS,7.6,110,104,107,6.83,0,0
A6240,1702A10WIKI0000000000248453,MR,19.9,64,49,56,4.9,0,0
A6241,1702A10WIKI0000000000248644,MR,22.9,64,49,56,5.64,0,0
A6242,1702A10WIKI0000000000248766,MR,21.3,77,55,66,7.29,0,0
A6243,1702A10WIKI0000000000248863,BNS,19.1,73,56,64,5.59,17,9
A6244,1702A10WIKI0000000000248764.02,KR,19.1,67,45,56,4.7,0,0
A6245,1702A10WIKI0000000000248336.01,KR,16.9,61,48,54,3.87,0,0
A6246,1702A10WIKI0000000000248761,MR,10.8,97,82,89,6.72,0,0
A6247,1702A10WIKI0000000000248804,BNS,16.5,134,110,122,19.11,10,0.9
A6248,1702A10WIKI0000000000248690,MR,20.9,67,52,59,5.71,0,0
A6249,1702A10WIKI0000000000259481.01,KR,20.5,71,55,63,6.39,0,0
A6250,1702A10WIKI0000000000260071.02,KR,21.1,79,58,68,7.66,0,0
A6251,1702A10WIKI0000000000248693.01,KR,22,72,45,58,5.81,0,0
A6252,1702A10WIKI0000000000248917.02,KR,20.1,64,49,56,4.95,0,0
A6253,1702A10WIKI0000000000248683.02,KR,21.3,61,46,53,4.7,0,0
A6254,1702A10WIKI0000000000248323.01,KR,21.3,67,45,56,5.25,0,0
A6255,1702A10WIKI0000000000248336.02,KR,14.4,66,55,60,4.07,0,0
A6256,1702A10WIKI0000000000248563,BNS,10,67,63,65,3.18,12,4.3
A6257,1702A10WIKI0000000000248801,MB,12.8,61,56,58,3.38,0,0
A6258,1702A10WIKI0000000000248243,MR,10.3,81,71,76,4.67,0,0
A6259,1702A10WIKI0000000000248416,MR,11.6,102,84,93,7.21,24,8.5
A6260,1702A10WIKI0000000000248760,MR,22.8,69,50,59,6.23,0,0
A6261,1702A10WIKI0000000000248913,MR,17.3,58,44,51,3.53,0,0
A6262,1702A10WIKI0000000000248629,MR,22,64,51,57,5.61,0,0
A6263,1702A10WIKI0000000000248781,MR,19.4,61,46,53,4.28,0,0
A6264,1702A10WIKI0000000000248619,MR,21.3,63,47,55,5.06,0,0
A6265,1702A10WIKI0000000000248454,MR,20.7,82,59,70,7.97,0,0
A6266,1702A10WIKI0000000000248225,MR,21.2,69,49,59,4.86,21,16.1
A6267,1702A10WIKI0000000000248482,MR,20.1,69,54,61,5.87,0,0
A6268,1702A10WIKI0000000000248292.02,KR,15.6,64,47,55,3.71,0,0
A6269,1702A10WIKI0000000000248500.02,KR,23.2,71,47,59,6.34,0,0
A6270,1702A10WIKI0000000000248323.02,KR,21.4,71,46,58,5.65,0,0
A6271,1702A10WIKI0000000000248601,MB,19.3,67,53,60,5.46,0,0
A6272,1702A10WIKI0000000000249004,MR,16.5,85,73,79,8.09,0,0
A6273,1702A10WIKI0000000000248961,MR,13.5,73,60,66,4.62,0,0
A6274,1702A10WIKI0000000000248222,MR,17.6,57,46,51,3.6,0,0
A6275,1702A10WIKI0000000000248423,MR,20.5,58,45,51,4.19,0,0
A6276,1702A10WIKI0000000000248344,MR,19.9,62,48,55,4.28,15,9.5
A6277,1702A10WIKI0000000000248348,MB,15.8,63,57,60,4.47,0,0
A6278,1702A10WIKI0000000000249024,MR,16.1,60,51,55,3.83,0,0
A6279,1702A10WIKI0000000000248541,MR,16.5,80,64,72,5.6,26,16.6
A6280,1702A10WIKI0000000000248683.01,KR,20.2,58,45,51,4.13,0,0
A6281,1702A10WIKI0000000000248771,BNS,21.3,70,51,60,6.02,0,0
A6282,1702A10WIKI0000000000248389,MR,9,84,75,79,4.41,0,0
A6283,1702A10WIKI0000000000248286,MR,15.6,63,54,58,4.12,0,0
A6284,1702A10WIKI0000000000248806,MR,14.4,96,83,89,8.96,0,0
A6285,1702A10WIKI0000000000260042.02,KR,18.1,122,90,106,14.74,26,7.7
A6286,1702A10WIKI0000000000248236,MR,19.4,94,68,81,10,0,0
A6287,1702A10WIKI0000000000248485,MB,15.5,80,67,73,6.14,15,5.4
A6288,1702A10WIKI0000000000248347,MB,19.4,74,58,66,5.7,22,14.1
A6289,1702A10WIKI0000000000248805,MR,18.4,62,49,55,4.37,0,0
A6290,1702A10WIKI0000000000259981.01,KR,17.8,85,65,75,7.86,0,0
A6291,1702A10WIKI0000000000248886,MR,12.8,80,67,73,5.36,0,0
A6292,1702A10WIKI0000000000248655,MR,20,67,52,59,5.47,0,0
A6293,1702A10WIKI0000000000248954,MR,16.1,65,59,62,4.86,0,0
A6294,1702A10WIKI0000000000248854.01,KR,17.2,58,41,49,3.24,0,0
A6295,1702A10WIKI0000000000248597.02,KR,20.5,67,48,57,5.23,0,0
A6296,1702A10WIKI0000000000250094.02,KR,18.4,60,40,50,3.61,0,0
A6297,1702A10WIKI0000000000250860.02,KR,21.4,58,40,49,4.04,0,0
A6298,1702A10WIKI0000000000250860.01,KR,19.5,60,41,50,3.83,0,0
A6299,1702A10WIKI0000000000250094.01,KR,15,55,40,47,2.6,0,0
A6300,1702A10WIKI0000000000259369.02,KR,18.1,58,41,49,3.23,10,5.3
A6301,1702A10WIKI0000000000259973.02,KR,12.3,59,40,49,2.32,0,0
A6302,1702A10WIKI0000000000260109.01,KR,21,70,40,55,4.99,0,0
A6303,1702A10WIKI0000000000259792.02,KR,14.6,62,55,58,3.86,0,0
A6304,1702A10WIKI0000000000259592.01,KR,20.2,74,47,60,5.71,0,0
A6305,1702A10WIKI0000000000260109.02,KR,18.4,68,50,59,5.03,0,0
A6306,1702A10WIKI0000000000259412.02,KR,19.9,70,49,59,5.44,0,0
A6307,1702A10WIKI0000000000259306.01,KR,18.8,65,44,54,4.31,0,0
A6308,1702A10WIKI0000000000259805.01,KR,18.9,55,44,49,3.56,0,0
A6309,1702A10WIKI0000000000259322.02,KR,19.9,68,46,57,5.08,0,0
A6310,1702A10WIKI0000000000259545.01,KR,17.7,74,41,57,4.52,0,0
A6311,1702A10WIKI0000000000259973.01,KR,13.3,55,40,47,2.31,0,0
A6312,1702A10WIKI0000000000257516,MR,14.4,58,40,49,2.72,0,0
A6313,1702A10WIKI0000000000257749,MR,15.9,59,45,52,3.38,0,0
A6314,1702A10WIKI0000000000259465.02,KR,20.7,72,46,59,5.66,0,0
A6315,1702A10WIKI0000000000260090.02,KR,10,90,73,81,5.15,0,0
A6316,1702A10WIKI0000000000259322.01,KR,17.8,71,49,60,5.03,0,0
A6317,1702A10WIKI0000000000260050.02,KR,14.6,57,43,50,2.87,0,0
A6318,1702A10WIKI0000000000259328.02,KR,13.9,59,48,53,3.07,0,0
A6319,1702A10WIKI0000000000258102,BNS,12.6,71,62,66,4.07,14,5.7
A6320,1702A10WIKI0000000000258134,BNS,9.2,80,72,76,3.35,30,19.8
A6321,1702A10WIKI0000000000257392,BNS,12.3,65,59,62,3.27,19,12
A6322,1702A10WIKI0000000000258037,BNS,14.8,55,46,50,2.76,10,5.1
A6323,1702A10WIKI0000000000259442.02,KR,15.3,84,65,74,6.58,0,0
A6324,1702A10WIKI0000000000259344.01,KR,10.5,65,57,61,3.07,0,0
A6325,1702A10WIKI0000000000259702.01,KR,9.3,55,40,47,1.61,0,0
A6326,1702A10WIKI0000000000259905.01,KR,8.6,75,71,73,3.35,17,6.9
A6327,1702A10WIKI0000000000258117,BNS,19,60,41,50,3.73,0,0
A6328,1702A10WIKI0000000000259460.01,KR,16.2,58,43,50,3.18,0,0
A6329,1702A10WIKI0000000000257605,MR,11.2,55,45,50,2.2,0,0
A6330,1702A10WIKI0000000000257529,MR,10.7,68,62,65,3.34,14,5.9
A6331,1702A10WIKI0000000000257743,BNS,14.3,53,40,46,2.38,0,0
A6332,1702A10WIKI0000000000258118,MB,15.8,64,50,57,4.03,0,0
A6333,1702A10WIKI0000000000257416,MB,15,61,51,56,3.69,0,0
A6334,1702A10WIKI0000000000258161,BNS,14.8,57,40,48,2.3,16,14.1
A6335,1702A10WIKI0000000000257622,BNS,16.6,70,51,60,4.21,17,10.2
A6336,1702A10WIKI0000000000257437,MR,17.9,60,46,53,3.95,0,0
A6337,1702A10WIKI0000000000257308,MB,16,75,62,68,5.54,13,4.7
A6338,1702A10WIKI0000000000257572,MR,15.7,69,52,60,4.44,0,0
A6339,1702A10WIKI0000000000257827,BNS,13.4,65,56,60,3.63,11,4.3
A6340,1702A10WIKI0000000000258179,BNS,17.7,80,67,73,7.41,0,0
A6341,1702A10WIKI0000000000257909,MR,17.2,58,43,50,3.38,0,0
A6342,1702A10WIKI0000000000257534,MB,12.6,69,62,65,4.18,0,0
A6343,1702A10WIKI0000000000259905.02,KR,15.3,62,47,54,3.5,0,0
A6344,1702A10WIKI0000000000259969.02,KR,19.5,65,41,53,4.3,0,0
A6345,1702A10WIKI0000000000259592.02,KR,20.9,74,45,59,5.71,0,0
A6346,1702A10WIKI0000000000259328.01,KR,13.6,59,48,53,3,0,0
A6347,1702A10WIKI0000000000259460.02,KR,15.1,59,46,52,3.21,0,0
A6348,1702A10WIKI0000000000259638.01,KR,19.9,67,48,57,5.08,0,0
A6349,1702A10WIKI0000000000259479,KR,18.1,93,59,76,8.21,0,0
A6350,1702A10WIKI0000000000259306.02,KR,16.2,68,50,59,4.43,0,0
A6351,1702A10WIKI0000000000259792.01,KR,17.4,58,46,52,3.7,0,0
A6352,1702A10WIKI0000000000259969.01,KR,21.4,61,40,50,4.2,0,0
A6353,1702A10WIKI0000000000259651.01,KR,19.9,63,45,54,4.56,0,0
A6354,1702A10WIKI0000000000259638.02,KR,19.5,66,50,58,5.15,0,0
A6355,1702A10WIKI0000000000259545.02,KR,19.1,67,43,55,4.54,0,0
A6356,1702A10WIKI0000000000259805.02,KR,17.1,64,41,52,3.63,0,0
A6357,1702A10WIKI0000000000259344.02,KR,16.5,56,42,49,3.11,0,0
A6358,1702A10WIKI0000000000257576,MR,18.7,77,62,69,6.45,17,7.7
A6359,1702A10WIKI0000000000260123.02,KR,18.6,70,47,58,4.91,0,0
A6360,1702A10WIKI0000000000259651.02,KR,18.2,65,51,58,4.81,0,0
A6361,1702A10WIKI0000000000260090.01,KR,15.6,73,58,65,5.18,0,0
A6362,1702A10WIKI0000000000257428,MR,18,62,48,55,3.63,19,15.2
A6363,1702A10WIKI0000000000259797.02,KR,16.8,80,64,72,6.84,0,0
A6364,1702A10WIKI0000000000259968.01,KR,14.5,63,54,58,3.83,0,0
A6365,1702A10WIKI0000000000259951.01,KR,14.6,54,42,48,2.64,0,0
A6366,1702A10WIKI0000000000259585.01,KR,15.9,68,49,58,4.2,0,0
A6367,1702A10WIKI0000000000259495.02,KR,15.4,79,61,70,5.93,0,0
A6368,1702A10WIKI0000000000259800,MR,15.2,89,67,78,7.26,0,0
A6369,1702A10WIKI0000000000259499,MR,14.1,67,57,62,4.26,0,0
A6370,1702A10WIKI0000000000258138,MR,10.2,57,49,53,2.25,0,0
A6371,1702A10WIKI0000000000259412.01,KR,21.7,66,47,56,5.34,0,0
A6372,1702A10WIKI0000000000259465.01,KR,19.2,72,51,61,5.61,0,0
A6373,1702A10WIKI0000000000259601.01,KR,11.9,70,61,65,3.95,0,0
A6374,1702A10WIKI0000000000257346,BNS,15.9,65,49,57,4.06,0,0
A6375,1702A10WIKI0000000000259369.01,KR,15.7,57,45,51,3.21,0,0
A6376,1702A10WIKI0000000000260050.01,KR,9.2,67,53,60,2.6,0,0
A6377,1702A10WIKI0000000000259702.02,KR,10.3,58,45,51,2.1,0,0
A6378,1702A10WIKI0000000000259442.01,KR,19.8,75,50,62,5.98,0,0
A6379,1702A10WIKI0000000000257877,MB,14.5,78,55,66,4.96,0,0
A6380,1702A10WIKI0000000000258041,MR,15.6,57,42,49,2.94,0,0
A6381,1702A10WIKI0000000000257541,MB,9.5,70,58,64,3.06,0,0
A6382,1702A10WIKI0000000000259601.02,KR,20.5,58,42,50,4.03,0,0
A6383,1702A10WIKI0000000000257744,MR,16.2,59,45,52,3.44,0,0
A6384,1702A10WIKI0000000000260123.01,KR,24,62,40,51,4.9,0,0
A6385,1702A10WIKI0000000000244066,MR,19.2,68,53,60,5.43,0,0
A6386,1702A10WIKI0000000000243781,MR,21.8,64,48,56,5.37,0,0
A6387,1702A10WIKI0000000000244091,MR,21.5,77,50,63,6.7,0,0
A6388,1702A10WIKI0000000000243997,MR,15.2,67,55,61,4.44,0,0
A6389,1702A10WIKI0000000000244113,MR,19.4,130,109,119,21.58,0,0
A6390,1702A10WIKI0000000000243689.01,KR,19.9,55,41,48,3.6,0,0
A6391,1702A10WIKI0000000000243687.02,KR,22.2,77,49,63,6.48,14,6.3
A6392,1702A10WIKI0000000000243687.01,KR,22.6,73,47,60,6.39,0,0
A6393,1702A10WIKI0000000000243964.02,KR,18.6,72,56,64,5.98,0,0
A6394,1702A10WIKI0000000000243964.01,KR,18.1,72,55,63,5.64,0,0
A6395,1702A10WIKI0000000000243689.02,KR,19.2,70,52,61,5.61,0,0
A6396,1702A10WIKI0000000000244116,MR,14.1,67,57,62,3.9,16,8.5
A6397,1702A10WIKI0000000000243611,MR,19.8,93,69,81,10.2,0,0
A6398,1702A10WIKI0000000000243835.01,KR,19.8,80,62,71,7.84,0,0
A6399,1702A10WIKI0000000000243519,MR,20.7,80,53,66,7.08,0,0
A6400,1702A10WIKI0000000000243908.01,KR,10.1,64,59,61,2.75,14,6.7
A6401,1702A10WIKI0000000000244081,MR,13.2,73,64,68,4.41,17,8
A6402,1702A10WIKI0000000000243908.02,KR,12.5,60,49,54,2.86,0,0
A6403,1702A10WIKI0000000000244743,MR,9,55,45,50,1.77,0,0
A6404,1702A10WIKI0000000000244465.01,KR,17.8,55,40,47,3.09,0,0
A6405,1702A10WIKI0000000000244261.02,KR,16.9,88,65,76,7.67,0,0
A6406,1702A10WIKI0000000000244586,KR,22,86,54,70,8.47,0,0
A6407,1702A10WIKI0000000000244752.02,KR,21.4,67,49,58,5.65,0,0
A6408,1702A10WIKI0000000000244564.01,KR,21.4,66,49,57,5.15,12,5.6
A6409,1702A10WIKI0000000000244413,MR,14.6,61,50,55,3.47,0,0
A6410,1702A10WIKI0000000000244465.02,KR,18.1,55,40,47,3.14,0,0
A6411,1702A10WIKI0000000000244836,MR,18.3,60,46,53,4.04,0,0
A6412,1702A10WIKI0000000000244340.01,KR,19,74,56,65,6.3,0,0
A6413,1702A10WIKI0000000000244267.01,KR,19,66,45,55,4.51,0,0
A6414,1702A10WIKI0000000000244387.01,KR,9.7,77,65,71,3.84,0,0
A6415,1702A10WIKI0000000000244523,BNS,14.7,80,70,75,5.26,29,19
A6416,1702A10WIKI0000000000244434.01,KR,13.2,62,55,58,3.49,0,0
A6417,1702A10WIKI0000000000244626.02,KR,13.5,55,40,47,2.34,0,0
A6418,1702A10WIKI0000000000244170.01,KR,16.1,57,40,48,2.91,0,0
A6419,1702A10WIKI0000000000243835.02,KR,8,57,50,53,1.76,0,0
A6420,1702A10WIKI0000000000244434.02,KR,16.3,60,46,53,3.6,0,0
A6421,1702A10WIKI0000000000244170.02,KR,17,57,40,48,3.08,0,0
A6422,1702A10WIKI0000000000244270.01,KR,19.3,71,53,62,5.83,0,0
A6423,1702A10WIKI0000000000244684,MR,19.8,55,42,48,3.58,0,0
A6424,1702A10WIKI0000000000244340.02,KR,20,71,59,65,6.64,0,0
A6425,1702A10WIKI0000000000244470.02,KR,19.8,68,50,59,5.13,12,5.3
A6426,1702A10WIKI0000000000244267.02,KR,20,62,46,54,4.58,0,0
A6427,1702A10WIKI0000000000244186,MR,19.9,66,50,58,4.87,14,7.4
A6428,1702A10WIKI0000000000244183.02,KR,21.2,70,52,61,6.2,0,0
A6429,1702A10WIKI0000000000244261.01,KR,22,74,59,66,7.53,0,0
A6430,1702A10WIKI0000000000244168.02,KR,21.3,56,40,48,3.85,0,0
A6431,1702A10WIKI0000000000244183.01,KR,20.8,71,52,61,6.08,0,0
A6432,1702A10WIKI0000000000244564.02,KR,21.3,68,45,56,5.25,0,0
A6433,1702A10WIKI0000000000244662,MR,21.6,60,48,54,4.95,0,0
A6434,1702A10WIKI0000000000244254,MR,21.7,77,62,69,8.11,0,0
A6435,1702A10WIKI0000000000244166,BNS,11.8,107,94,100,7.98,33,13.9
A6436,1702A10WIKI0000000000244626.01,KR,13.7,53,40,46,2.28,0,0
A6437,1702A10WIKI0000000000244270.02,KR,19.9,76,49,62,6.01,0,0
A6438,1702A10WIKI0000000000244316,BNS,19.7,71,55,63,6.14,0,0
A6439,1702A10WIKI0000000000244168.01,KR,13.8,65,52,58,3.65,0,0
A6440,1702A10WIKI0000000000244530,MR,17.7,60,53,56,4.36,0,0
A6441,1702A10WIKI0000000000244752.01,KR,12.2,83,69,76,5.53,0,0
A6442,1702A10WIKI0000000000244387.02,KR,13,69,58,63,4.05,0,0
A6443,1702A10WIKI0000000000244470.01,KR,21.6,63,46,54,4.95,0,0
A6444,1702A10WIKI0000000000244748,MR,22.1,68,46,57,5.64,0,0
A6445,1702A10WIKI0000000000244650,MR,23,70,53,61,6.72,0,0
A6446,1702A10WIKI0000000000244259,BNS,20,58,46,52,4.25,0,0
A6447,1702A10WIKI0000000000244172,MR,16.9,72,60,66,5.78,0,0
A6448,1702A10WIKI0000000000244637,MR,16.2,56,41,48,2.93,0,0
A6449,1702A10WIKI0000000000249375.01,KR,16.9,64,45,54,3.87,0,0
A6450,1702A10WIKI0000000000249375.02,KR,18.8,62,45,53,4.15,0,0
A6451,1702A10WIKI0000000000259586,MR,21.3,73,50,61,6.22,0,0
A6452,1702A10WIKI0000000000259507,MB,16,55,40,47,2.78,0,0
A6453,1702A10WIKI0000000000259871,MB,10.8,68,55,61,3,12,4.9
A6454,1702A10WIKI0000000000259822,MR,17.8,64,47,55,4.23,0,0
A6455,1702A10WIKI0000000000259521,MB,14.2,55,45,50,2.51,14,10
A6456,1702A10WIKI0000000000260033.02,KR,17.3,60,42,51,3.53,0,0
A6457,1702A10WIKI0000000000260033.01,KR,15.1,60,49,54,3.46,0,0
A6458,1702A10WIKI0000000000259446.02,KR,16.2,62,47,54,3.71,0,0
A6459,1702A10WIKI0000000000259951.02,KR,13,60,47,53,2.87,0,0
A6460,1702A10WIKI0000000000259446.01,KR,16,60,48,54,3.66,0,0
A6461,1702A10WIKI0000000000259968.02,KR,17,61,48,54,3.89,0,0
A6462,1702A10WIKI0000000000260060.02,KR,17,56,40,48,3.08,0,0
A6463,1702A10WIKI0000000000259495.01,KR,18.7,66,50,58,4.94,0,0
A6464,1702A10WIKI0000000000259585.02,KR,19,64,44,54,4.35,0,0
A6465,1702A10WIKI0000000000259544,KR,20.6,85,65,75,8.89,10,2.3
A6466,1702A10WIKI0000000000259797.01,KR,18.1,77,55,66,6.19,0,0
A6467,1702A10WIKI0000000000260060.01,KR,13.3,58,50,54,2.91,10,4.4
A6468,1702A10WIKI0000000000260041,MR,12.8,60,51,55,2.58,19,15.2
A6469,1702A10WIKI0000000000260067.02,KR,17.6,57,40,48,3.18,0,0
A6470,1702A10WIKI0000000000260067.01,KR,13.2,60,50,55,3.14,0,0
A6471,1702A10WIKI0000000000259590,MR,15.4,56,44,50,3.02,0,0
A6472,1702A10WIKI0000000000259433,MR,22,70,60,65,7.3,0,0
A6473,1702A10WIKI0000000000259714,MR,15.3,56,45,50,3,0,0
A6474,1702A10WIKI0000000000259869,KR,20.2,60,40,50,3.97,0,0
A6475,1702A10WIKI0000000000259757,KR,20.8,69,47,58,5.5,0,0
A6476,1702A10WIKI0000000000259740,BNS,15.6,53,41,47,2.71,0,0
A6477,1702A10WIKI0000000000259736,KR,20.1,66,40,53,4.43,0,0
A6478,1702A10WIKI0000000000259299,KR,19.3,58,40,49,3.64,0,0
A6479,1702A10WIKI0000000000259758,KR,23,61,51,56,5.08,16,10.4
A6480,1702A10WIKI0000000000259628,KR,20.8,70,42,56,5.12,0,0
A6481,1702A10WIKI0000000000259674,KR,15.3,60,50,55,3.64,0,0
A6482,1702A10WIKI0000000000259921,KR,21.2,67,46,56,5.22,0,0
A6483,1702A10WIKI0000000000259691,BNS,13.6,63,50,56,3.35,0,0
A6484,1702A10WIKI0000000000259924,BNS,19.5,80,64,72,7.94,0,0
A6485,1702A10WIKI0000000000259447,KR,22.1,66,48,57,5.64,0,0
A6486,1702A10WIKI0000000000259610,KR,18,66,50,58,4.76,0,0
A6487,1702A10WIKI0000000000260068,KR,23.4,58,40,49,4.41,0,0
A6488,1702A10WIKI0000000000259895,MB,15.3,55,41,48,2.77,0,0
A6489,1702A10WIKI0000000000259656,KR,19.2,68,51,59,5.25,0,0
A6490,1702A10WIKI0000000000259377,MR,12.2,73,65,69,3.92,23,14.1
A6491,1702A10WIKI0000000000259326,MR,14.7,53,40,46,2.44,0,0
A6492,1702A10WIKI0000000000259513,KR,19.5,65,57,61,5.7,0,0
A6493,1702A10WIKI0000000000259721,MB,22.1,58,48,53,4.88,0,0
A6494,1702A10WIKI0000000000259407,MR,17.4,57,44,50,3.42,0,0
A6495,1702A10WIKI0000000000259991,MB,12.8,79,64,71,4.74,16,6.5
A6496,1702A10WIKI0000000000259754,MR,17,60,43,51,3.47,0,0
A6497,1702A10WIKI0000000000259580,MR,20.1,73,56,64,6.27,10,3.1
A6498,1702A10WIKI0000000000259857,MR,18.5,66,51,58,4.89,0,0
A6499,1702A10WIKI0000000000259993,MB,15.7,66,49,57,3.55,17,11.3
A6500,1702A10WIKI0000000000259791,MR,10.5,54,44,49,1.88,10,5.3
A6501,1702A10WIKI0000000000259361,MR,17.8,65,47,56,4.03,14,8
A6502,1702A10WIKI0000000000259852,MR,13.3,59,52,55,3.16,0,0
A6503,1702A10WIKI0000000000259300,MR,20.7,65,50,57,5.28,0,0
A6504,1702A10WIKI0000000000259745,KR,21.9,67,49,58,5.79,0,0
A6505,1702A10WIKI0000000000259802,KR,20.8,70,46,58,5.5,0,0
A6506,1702A10WIKI0000000000260136,KR,17.6,65,40,52,3.74,0,0
A6507,1702A10WIKI0000000000259978,KR,16.7,72,52,62,5.04,0,0
A6508,1702A10WIKI0000000000259475,KR,18.5,68,50,59,5.06,0,0
A6509,1702A10WIKI0000000000259480,KR,15.6,80,61,70,6,0,0
A6510,1702A10WIKI0000000000253699,KR,22.4,64,45,54,5.13,0,0
A6511,1702A10WIKI0000000000251767,MR,18.6,69,45,57,4.75,0,0
A6512,1702A10WIKI0000000000251876,MR,17.7,71,49,60,5,0,0
A6513,1702A10WIKI0000000000252187,MR,22.4,63,42,52,3.86,20,18.8
A6514,1702A10WIKI0000000000252023,MR,18.9,62,43,52,4.01,0,0
A6515,1702A10WIKI0000000000252566,MR,22.6,65,49,57,4.86,20,15.7
A6516,1702A10WIKI0000000000252157,MR,18.1,63,52,57,4.62,0,0
A6517,1702A10WIKI0000000000252300,MR,14.1,64,54,59,3.85,0,0
A6518,1702A10WIKI0000000000251913,BNS,14,55,43,49,2.47,11,6.4
A6519,1702A10WIKI0000000000254025,KR,18.2,55,42,48,3.29,0,0
A6520,1702A10WIKI0000000000253792,KR,20.4,60,42,51,4.17,0,0
A6521,1702A10WIKI0000000000254104,KR,20.4,63,46,54,4.67,0,0
A6522,1702A10WIKI0000000000254777,KR,16.8,59,45,52,3.57,0,0
A6523,1702A10WIKI0000000000253895,KR,15.3,58,48,53,3.38,0,0
A6524,1702A10WIKI0000000000254334,KR,16.3,63,42,52,3.46,0,0
A6525,1702A10WIKI0000000000254012,MB,17.5,65,52,58,4.62,0,0
A6526,1702A10WIKI0000000000253919,KR,10.3,60,50,55,2.45,0,0
A6527,1702A10WIKI0000000000254574,KR,18.9,65,56,60,5.34,0,0
A6528,1702A10WIKI0000000000253997,KR,16.6,57,41,49,3.13,0,0
A6529,1702A10WIKI0000000000253775,MR,19.5,65,52,58,5.15,0,0
A6530,1702A10WIKI0000000000254389,MB,9.4,60,53,56,2.2,11,4.9
A6531,1702A10WIKI0000000000254384,KR,18.2,58,45,51,3.72,0,0
A6532,1702A10WIKI0000000000254189,MR,8.1,62,57,59,2.06,14,7.2
A6533,1702A10WIKI0000000000253914,KR,19.6,64,52,58,5.18,0,0
A6534,1702A10WIKI0000000000253708,KR,17.2,67,52,59,4.7,0,0
A6535,1702A10WIKI0000000000257455,MB,14.6,61,45,53,2.89,15,10.2
A6536,1702A10WIKI0000000000257466,MR,11.5,70,63,66,3.93,0,0
A6537,1702A10WIKI0000000000257891,MR,15.9,78,61,69,5.95,0,0
A6538,1702A10WIKI0000000000257996,BNS,11.3,113,98,105,8.77,30,10.4
A6539,1702A10WIKI0000000000257530,MR,15.5,67,48,57,3.96,0,0
A6540,1702A10WIKI0000000000257334,MR,18.5,60,48,54,4.24,0,0
A6541,1702A10WIKI0000000000258038,MR,14,60,48,54,3.21,0,0
A6542,1702A10WIKI0000000000257830,MR,16.6,62,53,57,4.24,0,0
A6543,1702A10WIKI0000000000258061,MR,14.9,53,44,48,2.7,0,0
A6544,1702A10WIKI0000000000257299,MR,20.1,69,52,60,5.68,0,0
A6545,1702A10WIKI0000000000257319,MR,20.1,76,55,65,6.67,0,0
A6546,1702A10WIKI0000000000258132,MR,17.6,95,75,85,9.99,0,0
A6547,1702A10WIKI0000000000258064,MR,14.9,68,53,60,4.21,0,0
A6548,1702A10WIKI0000000000258174,MR,17.9,70,45,57,4.57,0,0
A6549,1702A10WIKI0000000000258018,MR,14,78,66,72,5.19,19,8.9
A6550,1702A10WIKI0000000000257868,MR,16.3,68,54,61,4.76,0,0
A6551,1702A10WIKI0000000000257731,MR,15.9,81,56,68,5.77,0,0
A6552,1702A10WIKI0000000000258084,MB,16.2,62,46,54,3.71,0,0
A6553,1702A10WIKI0000000000257315,MR,18,77,61,69,6.73,0,0
A6554,1702A10WIKI0000000000258009,MR,15.1,88,70,79,7.4,0,0
A6555,1702A10WIKI0000000000257615,BNS,8.2,95,86,90,5.22,0,0
A6556,1702A10WIKI0000000000257390,MR,19,77,62,69,7.1,0,0
A6557,1702A10WIKI0000000000257608,MRS,15.2,60,41,50,2.98,0,0
A6558,1702A10WIKI0000000000257480,MR,17.2,70,57,63,5.36,0,0
A6559,1702A10WIKI0000000000250115,KR,19.9,75,56,65,6.6,0,0
A6560,1702A10WIKI0000000000258094,MR,17,75,56,65,5.64,0,0
A6561,1702A10WIKI0000000000257860,MR,23.1,78,58,68,8.39,0,0
A6562,1702A10WIKI0000000000257953,MR,18.2,61,52,56,4.48,0,0
A6563,1702A10WIKI0000000000257524,MR,20,58,50,54,4.58,0,0
A6564,1702A10WIKI0000000000258052,MR,18.2,73,49,61,5.32,0,0
A6565,1702A10WIKI0000000000257519,MR,14.4,63,54,58,3.8,0,0
A6566,1702A10WIKI0000000000257636,BNS,12.9,121,104,112,12.71,0,0
A6567,1702A10WIKI0000000000257487,MR,12.4,71,62,66,4.24,0,0
A6568,1702A10WIKI0000000000258154,MR,11.5,84,71,77,5.36,0,0
A6569,1702A10WIKI0000000000257310,MR,13.9,54,43,48,2.52,0,0
A6570,1702A10WIKI0000000000257901,MR,22,60,48,54,5.04,0,0
A6571,1702A10WIKI0000000000257607,MR,18.9,60,44,52,4.01,0,0
A6572,1702A10WIKI0000000000258082,MR,16,65,50,57,4.08,0,0
A6573,1702A10WIKI0000000000258059,MR,21.7,70,52,61,6.34,0,0
A6574,1702A10WIKI0000000000257772,MR,21.1,78,60,69,7.89,0,0
A6575,1702A10WIKI0000000000257660,MR,21.9,63,44,53,4.83,0,0
A6576,1702A10WIKI0000000000258165,MR,9.2,60,50,55,2.19,0,0
A6577,1702A10WIKI0000000000257413,MR,11.1,74,64,69,4.15,0,0
A6578,1702A10WIKI0000000000257580,MR,9.9,60,51,55,2.35,0,0
A6579,1702A10WIKI0000000000258110,MR,15.8,78,60,69,5.91,0,0
A6580,1702A10WIKI0000000000257544,MR,17.8,69,50,59,4.87,0,0
A6581,1702A10WIKI0000000000258104,MB,13.9,61,45,53,2.93,10,4.5
A6582,1702A10WIKI0000000000254462,BNS,16.2,64,49,56,3.52,17,11.7
A6583,1702A10WIKI0000000000250145,KR,16.3,60,45,52,3.3,10,4.7
A6584,1702A10WIKI0000000000238679,MR,17.5,72,60,66,5.29,20,11.7
A6585,1702A10WIKI0000000000238779,MR,12.9,84,75,79,6.32,0,0
A6586,1702A10WIKI0000000000238480,KR,21.7,71,55,63,6.76,0,0
A6587,1702A10WIKI0000000000239336,KR,23.9,84,52,68,8.68,0,0
A6588,1702A10WIKI0000000000243796,MB,19.5,72,60,66,6.48,10,2.9
A6589,1702A10WIKI0000000000239201,MR,16.7,61,45,53,3.68,0,0
A6590,1702A10WIKI0000000000244677,KR,11.1,97,82,89,6.91,0,0
A6591,1702A10WIKI0000000000244372,MR,18.5,78,58,68,6.72,0,0
A6592,1702A10WIKI0000000000244424,KR,21.2,62,47,54,4.86,0,0
A6593,1702A10WIKI0000000000244506,MR,21.1,72,52,62,6.16,10,3.3
A6594,1702A10WIKI0000000000244642,KR,21.1,75,57,66,7.22,0,0
A6595,1702A10WIKI0000000000244185,MR,21.9,86,63,74,9.42,0,0
A6596,1702A10WIKI0000000000244480,KR,17.8,76,60,68,6.21,12,4
A6597,1702A10WIKI0000000000244825,MR,17,59,52,55,4.04,0,0
A6598,1702A10WIKI0000000000244754,KR,16.5,68,52,60,4.67,0,0
A6599,1702A10WIKI0000000000244394,KR,18.7,68,51,59,5.11,0,0
A6600,1702A10WIKI0000000000244542,MR,17.3,69,50,59,4.55,10,3.7
A6601,1702A10WIKI0000000000244618,KR,15,80,65,72,6.11,0,0
A6602,1702A10WIKI0000000000244206,MR,8.8,64,58,61,2.37,15,7.7
A6603,1702A10WIKI0000000000244005,BNS,15.4,73,66,69,5.76,0,0
A6604,1702A10WIKI0000000000244495,KR,20.7,61,45,53,4.57,0,0
A6605,1702A10WIKI0000000000244584,MR,18.6,56,45,50,3.12,17,14.7
A6606,1702A10WIKI0000000000243924,BNS,13.8,64,52,58,3.2,18,12.3
A6607,1702A10WIKI0000000000244428,KR,13,77,59,68,4.72,0,0
A6608,1702A10WIKI0000000000244601,KR,21,61,45,53,4.63,0,0
A6609,1702A10WIKI0000000000244621,KR,16.9,58,40,49,3.19,0,0
A6610,1702A10WIKI0000000000257730,MR,21.7,68,52,60,6.14,0,0
A6611,1702A10WIKI0000000000257361,MR,21.2,83,58,70,8.16,0,0
A6612,1702A10WIKI0000000000257405,BNS,16.2,68,57,62,4.66,12,4.8
A6613,1702A10WIKI0000000000244581,KR,10.8,72,69,70,4.16,0,0
A6614,1702A10WIKI0000000000244807,KR,12.9,93,70,81,6.65,0,0
A6615,1702A10WIKI0000000000244293,MB,12,82,72,77,5.59,0,0
A6616,1702A10WIKI0000000000244242,MB,12.1,90,83,86,7.03,0,0
A6617,1702A10WIKI0000000000244778,KR,21,75,53,64,6.76,0,0
A6618,1702A10WIKI0000000000244605,MR,21.4,85,63,74,9.2,0,0
A6619,1702A10WIKI0000000000244646,KR,14.1,55,45,50,2.77,0,0
A6620,1702A10WIKI0000000000244649.02,KR,9.1,63,56,59,2.49,0,0
A6621,1702A10WIKI0000000000244625,MR,17.2,57,42,49,3.24,0,0
A6622,1702A10WIKI0000000000244749,MR,19.2,63,52,57,4.9,0,0
A6623,1702A10WIKI0000000000250048,KR,21.2,64,48,56,5.22,0,0
A6624,1702A10WIKI0000000000257463,MR,11.7,71,57,64,3.76,0,0
A6625,1702A10WIKI0000000000258145,MR,14.9,57,47,52,3.16,0,0
A6626,1702A10WIKI0000000000257637,MR,17.9,74,56,65,5.94,0,0
A6627,1702A10WIKI0000000000257493,MR,18,75,60,67,6.35,0,0
A6628,1702A10WIKI0000000000250341,KR,19.2,68,55,61,5.61,0,0
A6629,1702A10WIKI0000000000257734,MR,18.2,66,42,54,3.7,16,11.2
A6630,1702A10WIKI0000000000257624,MR,14.9,65,53,59,4.07,0,0
A6631,1702A10WIKI0000000000257813,MR,19.6,60,44,52,4.16,0,0
A6632,1702A10WIKI0000000000258022,MR,11.8,84,70,77,5.49,0,0
A6633,1702A10WIKI0000000000257885,MB,13.9,80,70,75,5.91,13,3.8
A6634,1702A10WIKI0000000000257549,MB,19.4,69,50,59,5.3,0,0
A6635,1702A10WIKI0000000000257439,MR,20.9,63,46,54,4.79,0,0
A6636,1702A10WIKI0000000000254333,BNS,11.8,74,66,70,4.07,20,10.4
A6637,1702A10WIKI0000000000257517,MR,15.7,61,46,53,3.46,0,0
A6638,1702A10WIKI0000000000257421,MB,15,56,45,50,2.4,19,18.4
A6639,1702A10WIKI0000000000250712,KR,18.4,70,55,62,5.56,0,0
A6640,1702A10WIKI0000000000250156,KR,20,67,52,59,5.47,0,0
A6641,1702A10WIKI0000000000250586,KR,21.1,81,52,66,7.22,0,0
A6642,1702A10WIKI0000000000250384,KR,18.7,61,40,50,3.67,0,0
A6643,1702A10WIKI0000000000250135,KR,14.7,67,42,54,3.37,0,0
A6644,1702A10WIKI0000000000250294,KR,17.7,65,44,54,4.05,0,0
A6645,1702A10WIKI0000000000250428,KR,21.9,77,54,65,7.27,0,0
A6646,1702A10WIKI0000000000250679,KR,23.1,70,54,62,6.97,0,0
A6647,1702A10WIKI0000000000257661,MRS,19.6,61,42,51,4,0,0
A6648,1702A10WIKI0000000000258101,MR,20.4,68,53,60,5.77,0,0
A6649,1702A10WIKI0000000000254617,BNS,18.2,56,42,49,3.43,0,0
A6650,1702A10WIKI0000000000257742,BNS,18.9,59,50,54,4.33,0,0
A6651,1702A10WIKI0000000000257564,MR,17,64,50,57,4.17,10,3.9
A6652,1702A10WIKI0000000000257956,MR,14.8,70,54,62,4.13,15,7.5
A6653,1702A10WIKI0000000000258035,MR,17.6,63,51,57,4.49,0,0
A6654,1702A10WIKI0000000000258025,MB,17.5,104,88,96,12.67,0,0
A6655,1702A10WIKI0000000000250239,KR,10.7,90,71,80,5.22,12,2.9
A6656,1702A10WIKI0000000000250217,KR,21,72,51,61,6.14,0,0
A6657,1702A10WIKI0000000000250212,KR,14.6,72,50,61,4.27,0,0
A6658,1702A10WIKI0000000000257943,MB,8.2,63,51,57,1.83,18,12.7
A6659,1702A10WIKI0000000000257665,MR,14.5,103,90,96,9.44,27,10.1
A6660,1702A10WIKI0000000000258066,MR,14.9,93,73,83,8.06,0,0
A6661,1702A10WIKI0000000000250594,KR,19.2,76,57,66,6.57,0,0
A6662,1702A10WIKI0000000000258003,MR,15.4,75,60,67,4.82,20,11.3
A6663,1702A10WIKI0000000000257869,MR,21.1,67,45,56,5.2,0,0
A6664,1702A10WIKI0000000000254597,BNS,18,57,42,49,3.39,0,0
A6665,1702A10WIKI0000000000257989,MR,15.1,65,51,58,3.99,0,0
A6666,1702A10WIKI0000000000257932,MR,13.4,60,50,55,3.18,0,0
A6667,1702A10WIKI0000000000238697.01,KR,14.3,60,50,55,3.4,0,0
A6668,1702A10WIKI0000000000239313.02,KR,23.4,78,51,64,7.53,0,0
A6669,1702A10WIKI0000000000239333.01,KR,21.3,65,42,53,4.7,0,0
A6670,1702A10WIKI0000000000238481,MB,16.2,85,66,75,7.16,0,0
A6671,1702A10WIKI0000000000238780,MR,11.9,56,48,52,2.53,0,0
A6672,1702A10WIKI0000000000239313.01,KR,22.3,72,49,60,6.31,0,0
A6673,1702A10WIKI0000000000238950.01,KR,22.7,70,44,57,5.79,0,0
A6674,1702A10WIKI0000000000238697.02,KR,18.6,68,42,55,4.42,0,0
A6675,1702A10WIKI0000000000239394.02,KR,18.2,60,45,52,3.34,17,13.6
A6676,1702A10WIKI0000000000239424.01,KR,10.2,57,46,51,2.08,0,0
A6677,1702A10WIKI0000000000238950.02,KR,20.5,70,51,60,5.8,0,0
A6678,1702A10WIKI0000000000239333.02,KR,20.4,70,51,60,5.77,0,0
A6679,1702A10WIKI0000000000238654,MB,16,65,53,59,4.37,0,0
A6680,1702A10WIKI0000000000239328,MB,19.6,58,44,51,4,0,0
A6681,1702A10WIKI0000000000239434,BNS,14.9,51,41,46,2.33,10,6
A6682,1702A10WIKI0000000000239225,MR,13.7,69,54,61,4,0,0
A6683,1702A10WIKI0000000000238628,MB,17.4,76,64,70,5.52,26,17.6
A6684,1702A10WIKI0000000000238622,MB,14.5,55,44,49,2.73,0,0
A6685,1702A10WIKI0000000000239241,MR,13.7,63,53,58,3.62,0,0
A6686,1702A10WIKI0000000000244649.01,KR,22.5,85,54,69,8.41,0,0
A6687,1702A10WIKI0000000000239424.02,KR,14.2,54,40,47,2.46,0,0
A6688,1702A10WIKI0000000000239330,MR,9.9,67,54,60,2.48,18,11.5
A6689,1702A10WIKI0000000000239394.01,KR,18.9,54,40,47,3.28,0,0
A6690,1702A10WIKI0000000000260077,KR,12,60,53,56,2.96,0,0
A6691,1702A10WIKI0000000000259395,KR,10.4,77,60,68,3.78,0,0
A6692,1702A10WIKI0000000000259455,KR,13.7,60,53,56,3.37,0,0
A6693,1702A10WIKI0000000000259372,KR,11.8,61,53,57,3.01,0,0
A6694,1702A10WIKI0000000000259358,KR,16.4,53,43,48,2.97,0,0
A6695,1702A10WIKI0000000000259462,KR,13,58,53,55,3.09,0,0
A6696,1702A10WIKI0000000000259311,KR,9.8,58,53,55,2.33,0,0
A6697,1702A10WIKI0000000000259679,KR,12.4,53,44,48,2.24,0,0
A6698,1702A10WIKI0000000000260001,KR,12,72,58,65,3.98,0,0
A6699,1702A10WIKI0000000000260082,KR,12,63,51,57,3.06,0,0
A6700,1702A10WIKI0000000000259621,BNS,11.5,68,60,64,3.4,16,8
A6701,1702A10WIKI0000000000238648,MR,16.9,55,44,49,3.19,0,0
A6702,1702A10WIKI0000000000238594,MR,19.3,66,46,56,4.26,16,10.4
A6703,1702A10WIKI0000000000238701,MR,10.7,70,61,65,3.55,0,0
A6704,1702A10WIKI0000000000251718,MB,11.6,72,64,68,4.21,0,0
A6705,1702A10WIKI0000000000252078,MR,14.8,66,48,57,3.78,0,0
A6706,1702A10WIKI0000000000252249,MR,9.9,93,66,79,4.85,0,0
A6707,1702A10WIKI0000000000252202,MR,12.5,62,52,57,3.19,0,0
A6708,1702A10WIKI0000000000251797,MR,14,54,42,48,2.53,0,0
A6709,1702A10WIKI0000000000251902,MR,19,82,62,72,7.74,0,0
A6710,1702A10WIKI0000000000247714.02,KR,14.8,62,48,55,3.52,0,0
A6711,1702A10WIKI0000000000247437,KR,18.5,75,59,67,6.52,0,0
A6712,1702A10WIKI0000000000247433,KR,20.3,67,45,56,5,0,0
A6713,1702A10WIKI0000000000247893,KR,15.5,66,45,55,3.68,0,0
A6714,1702A10WIKI0000000000247751,KR,15.2,56,45,50,2.49,18,16.5
A6715,1702A10WIKI0000000000247570.01,KR,14.8,56,41,48,2.68,0,0
A6716,1702A10WIKI0000000000248082,KR,16.1,81,51,66,5.51,0,0
A6717,1702A10WIKI0000000000247551,KR,19.2,63,43,53,4.24,0,0
A6718,1702A10WIKI0000000000247892,MR,22.2,69,54,61,6.49,0,0
A6719,1702A10WIKI0000000000247532,MR,13.3,65,55,60,3.76,0,0
A6720,1702A10WIKI0000000000247744,MR,12,72,65,68,4.36,0,0
A6721,1702A10WIKI0000000000247725,MR,18.2,60,48,54,4.17,0,0
A6722,1702A10WIKI0000000000247383,MR,12.6,55,46,50,2.47,0,0
A6723,1702A10WIKI0000000000247651,MR,12.8,69,60,64,4.12,0,0
A6724,1702A10WIKI0000000000247393,MR,17.9,62,55,58,4.73,0,0
A6725,1702A10WIKI0000000000247349,MR,18.2,77,65,71,7.21,0,0
A6726,1702A10WIKI0000000000248118,MR,17.7,60,48,54,4.05,0,0
A6727,1702A10WIKI0000000000247515,MR,17.4,65,51,58,4.6,0,0
A6728,1702A10WIKI0000000000247674,MR,15.1,70,53,61,4.41,0,0
A6729,1702A10WIKI0000000000247827,MR,15.6,65,47,56,3.84,0,0
A6730,1702A10WIKI0000000000247429,MR,15.3,66,55,60,4.33,0,0
A6731,1702A10WIKI0000000000247941,MR,17.4,68,46,57,4.44,0,0
A6732,1702A10WIKI0000000000247740,MR,16.9,63,48,55,4.02,0,0
A6733,1702A10WIKI0000000000244831,BNS,15.4,103,72,87,8.54,20,6.7
A6734,1702A10WIKI0000000000247536,MB,10.2,94,82,88,6.2,0,0
A6735,1702A10WIKI0000000000247748,MR,18.1,70,53,61,5.29,0,0
A6736,1702A10WIKI0000000000247564,MB,19.3,74,54,64,6.21,0,0
A6737,1702A10WIKI0000000000247644,MR,21.2,75,51,63,6.61,0,0
A6738,1702A10WIKI0000000000244248,BNS,12.3,101,82,91,7.82,12,2.2
A6739,1702A10WIKI0000000000247478,MR,15.9,70,55,62,4.29,18,10.7
A6740,1702A10WIKI0000000000247860,MR,16.4,65,49,57,4.18,0,0
A6741,1702A10WIKI0000000000247528,MR,18.2,85,72,78,7.97,20,8.4
A6742,1702A10WIKI0000000000247957,MR,12.2,62,49,55,2.9,0,0
A6743,1702A10WIKI0000000000248026,MR,16.1,69,56,62,4.86,0,0
A6744,1702A10WIKI0000000000247656,MR,16.3,66,47,56,4.01,0,0
A6745,1702A10WIKI0000000000247723,MR,11.7,106,88,97,8.65,0,0
A6746,1702A10WIKI0000000000247624,MR,14.7,70,55,62,4.44,0,0
A6747,1702A10WIKI0000000000247642,MR,13.2,74,58,66,4.52,0,0
A6748,1702A10WIKI0000000000247733,MR,12.5,55,50,52,2.65,0,0
A6749,1702A10WIKI0000000000247951,MR,18.4,69,50,59,5.03,0,0
A6750,1702A10WIKI0000000000247905,MR,12.6,75,63,69,4.71,0,0
A6751,1702A10WIKI0000000000248035,MR,18.2,67,48,57,4.64,0,0
A6752,1702A10WIKI0000000000247833,MR,14.2,57,42,49,2.68,0,0
A5408,1702A10WIKI0000000000252649,MB,21.2,61,48,54,4.86,0,0
A5357,1702A10WIKI0000000000252379,MB,16.7,63,49,56,4.11,0,0
A5613,1702A10WIKI0000000000251832.01,KR,16.1,57,49,53,3.55,0,0
A4568,1702A10WIKI0000000000258868,MB,18.7,69,57,63,5.83,0,0
A6753,1702A10WIKI0000000000253899,MR,20.1,63,45,54,4.6,0,0
A6754,1702A10WIKI0000000000254405,MB,14.9,56,47,51,2.56,18,15.9
A6755,1702A10WIKI0000000000253872,MR,13,55,42,48,2.1,14,10.8
A6756,1702A10WIKI0000000000254132,MR,11.1,61,52,56,2.62,10,4.1
A6757,1702A10WIKI0000000000253716,MR,14.1,56,47,51,2.88,0,0
A6758,1702A10WIKI0000000000253791,KR,15.9,69,51,60,4.5,0,0
A6759,1702A10WIKI0000000000254711,KR,16.7,57,43,50,3.28,0,0
A6760,1702A10WIKI0000000000254588,KR,19.9,63,43,53,4.39,0,0
A6761,1702A10WIKI0000000000254076,KR,15.7,57,40,48,2.84,0,0
A6762,1702A10WIKI0000000000253711,KR,17.1,58,40,49,3.22,0,0
A6763,1702A10WIKI0000000000254293,KR,16.7,65,43,54,3.82,0,0
A6764,1702A10WIKI0000000000254084,KR,15,62,45,53,3.31,0,0
A6765,1702A10WIKI0000000000254216,KR,13.4,54,40,47,2.32,0,0
A6766,1702A10WIKI0000000000254229,KR,19.1,57,42,49,3.6,0,0
A6767,1702A10WIKI0000000000254577,KR,18.4,82,56,69,6.88,0,0
A6768,1702A10WIKI0000000000254145,KR,19.4,64,40,52,4.12,0,0
A6769,1702A10WIKI0000000000254439,KR,20.4,75,52,63,6.36,0,0
A6770,1702A10WIKI0000000000254270,KR,17.4,64,53,58,4.6,0,0
A6771,1702A10WIKI0000000000254438,KR,13,54,40,47,2.26,0,0
A6772,1702A10WIKI0000000000254587,KR,17.1,62,50,56,4.21,0,0
A6773,1702A10WIKI0000000000253975,KR,19,57,40,48,3.44,0,0
A6774,1702A10WIKI0000000000253902,KR,20.7,64,47,55,4.92,0,0
A6775,1702A10WIKI0000000000254047,KR,18.9,62,46,54,4.33,0,0
A6776,1702A10WIKI0000000000254295,KR,18.4,80,58,69,6.88,0,0
A6777,1702A10WIKI0000000000254576,KR,15.6,58,52,55,3.71,0,0
A6778,1702A10WIKI0000000000254758,KR,21.5,57,42,49,4.05,0,0
A6779,1702A10WIKI0000000000253710,KR,16.9,57,40,48,3.06,0,0
A6780,1702A10WIKI0000000000253766,KR,18.5,86,67,76,8.39,0,0
A6781,1702A10WIKI0000000000254283,KR,17.3,59,44,51,3.53,0,0
A6782,1702A10WIKI0000000000254279,KR,17,60,44,52,3.61,0,0
A6783,1702A10WIKI0000000000254108,KR,13,55,40,47,2.26,0,0
A6784,1702A10WIKI0000000000253745,KR,20.6,74,50,62,6.22,0,0
A6785,1702A10WIKI0000000000253770,KR,15.7,61,43,52,3.33,0,0
A6786,1702A10WIKI0000000000254594,KR,17.6,57,40,48,3.18,0,0
A6787,1702A10WIKI0000000000254692,KR,18.9,61,41,51,3.86,0,0
A6788,1702A10WIKI0000000000259988,BNS,15.4,53,40,46,2.56,0,0
A6789,1702A10WIKI0000000000259654,KR,17.8,55,41,48,3.22,0,0
A6790,1702A10WIKI0000000000259416,KR,18.8,65,45,55,3.92,17,12.2
A6791,1702A10WIKI0000000000259964,KR,15.9,55,40,47,2.76,0,0
A6792,1702A10WIKI0000000000259301,KR,19.4,64,42,53,4.28,0,0
A6793,1702A10WIKI0000000000259763,KR,15.9,59,44,51,3.25,0,0
A6794,1702A10WIKI0000000000259522,KR,19.4,65,46,55,4.61,0,0
A6795,1702A10WIKI0000000000259851,KR,16,60,43,51,3.27,0,0
A6796,1702A10WIKI0000000000259584,KR,15.4,56,47,51,3.15,0,0
A6797,1702A10WIKI0000000000260146,KR,22.2,69,42,55,5.27,0,0
A6798,1702A10WIKI0000000000259874,MB,12.1,55,41,48,2.19,0,0
A6799,1702A10WIKI0000000000260000,MR,15,55,41,48,2.71,0,0
A6800,1702A10WIKI0000000000259663,BNS,16,53,41,47,2.78,0,0
A6801,1702A10WIKI0000000000259405,KR,15.5,62,43,52,3.29,0,0
A6802,1702A10WIKI0000000000259368,KR,19.7,63,44,53,4.35,0,0
A6803,1702A10WIKI0000000000260007,MR,15.9,57,52,54,3.64,0,0
A6804,1702A10WIKI0000000000259711,MR,15.7,62,49,55,3.73,0,0
A6805,1702A10WIKI0000000000259360,MR,17.6,56,42,49,3.32,0,0
A6806,1702A10WIKI0000000000259720,KR,17.2,65,44,54,3.94,0,0
A6807,1702A10WIKI0000000000259967,MB,18.5,57,44,50,3.45,10,5.1
A6808,1702A10WIKI0000000000260076,KR,19.6,67,55,61,5.73,0,0
A6809,1702A10WIKI0000000000259516,KR,18.9,64,45,54,4.33,0,0
A6810,1702A10WIKI0000000000259875,KR,16.4,72,58,65,5.44,0,0
A6811,1702A10WIKI0000000000259512,KR,13.3,55,41,48,2.41,0,0
A6812,1702A10WIKI0000000000259814,KR,16.7,70,42,56,4.11,0,0
A6813,1702A10WIKI0000000000260049,KR,21,62,44,53,4.63,0,0
A6814,1702A10WIKI0000000000260048,KR,21.1,74,50,62,6.37,0,0
A6815,1702A10WIKI0000000000260147,KR,19,54,44,49,3.58,0,0
A6816,1702A10WIKI0000000000259818,KR,19.4,60,49,54,4.44,0,0
A6817,1702A10WIKI0000000000259768,KR,17.5,68,47,57,4.47,0,0
A6818,1702A10WIKI0000000000259414,KR,17.3,59,48,53,3.82,0,0
A6819,1702A10WIKI0000000000259615,KR,16,61,45,53,3.53,0,0
A6820,1702A10WIKI0000000000260115,KR,17,54,41,47,2.95,0,0
A6821,1702A10WIKI0000000000259723,KR,13,55,40,47,2.26,0,0
A6822,1702A10WIKI0000000000260150,MB,20.6,76,53,64,6.63,0,0
A6823,1702A10WIKI0000000000259949,KR,11.8,55,40,47,2.05,0,0
A6824,1702A10WIKI0000000000260069,KR,16.2,56,40,48,2.93,0,0
A6825,1702A10WIKI0000000000260043,KR,15.7,54,40,47,2.72,0,0
A6826,1702A10WIKI0000000000259675,KR,13.1,53,40,46,2.18,0,0
A6827,1702A10WIKI0000000000259502,KR,16.6,58,42,50,3.26,0,0
A6828,1702A10WIKI0000000000259850,MR,19.8,74,54,64,6.08,12,4.5
A6829,1702A10WIKI0000000000259980,MR,19.5,70,48,59,5.33,0,0
A6830,1702A10WIKI0000000000259667,BNS,12.9,53,40,46,2.14,0,0
A6831,1702A10WIKI0000000000259472,MR,12.8,57,49,53,2.45,17,13.1
A6832,1702A10WIKI0000000000260135,KR,12.5,70,58,64,4.02,0,0
A6833,1702A10WIKI0000000000259672,KR,9.6,64,49,56,2.36,0,0
A6834,1702A10WIKI0000000000259687,KR,13.5,61,52,56,3.33,0,0
A6835,1702A10WIKI0000000000259349,KR,11.9,94,70,82,6.28,0,0
A6836,1702A10WIKI0000000000254363,MR,20.2,80,57,68,7.34,0,0
A6837,1702A10WIKI0000000000254549,MR,18.5,80,67,73,7.74,0,0
A6838,1702A10WIKI0000000000254102,MR,20.2,78,57,67,7.12,0,0
A6839,1702A10WIKI0000000000253964,MR,11.9,56,45,50,2.34,0,0
A6840,1702A10WIKI0000000000253857,MR,18.7,66,53,59,5.11,0,0
A6841,1702A10WIKI0000000000254667,MB,19.5,63,48,55,4.44,10,4.2
A6842,1702A10WIKI0000000000254250,MR,18,60,45,52,3.82,0,0
A6843,1702A10WIKI0000000000253824,MR,20.2,67,52,59,5.52,0,0
A6844,1702A10WIKI0000000000254289,MR,16,68,54,61,4.68,0,0
A6845,1702A10WIKI0000000000253984,MR,21.5,71,48,59,5.88,0,0
A6846,1702A10WIKI0000000000253680,MR,15.6,70,61,65,5.18,0,0
A6847,1702A10WIKI0000000000250345,MR,15.7,55,43,49,2.96,0,0
A6848,1702A10WIKI0000000000250305,MR,18.4,56,45,50,3.61,0,0
A6849,1702A10WIKI0000000000250856,MB,13.3,55,41,48,2.41,0,0
A6850,1702A10WIKI0000000000250088,MB,15.6,53,42,47,2.71,0,0
A6851,1702A10WIKI0000000000250122,MR,13.5,56,44,50,2.65,0,0
A6852,1702A10WIKI0000000000250688,MR,19.2,61,45,53,4.24,0,0
A6853,1702A10WIKI0000000000250352,MR,19.3,59,42,50,3.79,0,0
A6854,1702A10WIKI0000000000250621,KR,17.1,58,40,49,3.22,0,0
A6855,1702A10WIKI0000000000250253,KR,20.7,60,51,55,4.92,0,0
A6856,1702A10WIKI0000000000250661,KR,18.9,60,43,51,3.86,0,0
A6857,1702A10WIKI0000000000250741,KR,18.6,62,47,54,4.26,0,0
A6858,1702A10WIKI0000000000250776,KR,12.5,103,80,91,8.13,0,0
A6859,1702A10WIKI0000000000250799,KR,12.5,79,75,77,5.82,0,0
A6860,1702A10WIKI0000000000250317,KR,12.2,73,67,70,4.34,17,7.5
A6861,1702A10WIKI0000000000250349,KR,18.3,64,44,54,4.19,0,0
A6862,1702A10WIKI0000000000250851,KR,15.4,81,58,69,5.76,0,0
A6863,1702A10WIKI0000000000250805,KR,16.8,62,44,53,3.71,0,0
A6864,1702A10WIKI0000000000250519,KR,17.7,66,48,57,4.52,0,0
A6865,1702A10WIKI0000000000250226,KR,16.1,60,40,50,3.16,0,0
A6866,1702A10WIKI0000000000250502,MR,16.2,58,46,52,3.44,0,0
A6867,1702A10WIKI0000000000250597,KR,13.1,55,40,47,2.27,0,0
A6868,1702A10WIKI0000000000250813,MR,11.5,69,62,65,3.82,0,0
A6869,1702A10WIKI0000000000250628,KR,18.7,70,54,62,5.65,0,0
A6870,1702A10WIKI0000000000250361,MR,13.8,53,40,46,2.29,0,0
A6871,1702A10WIKI0000000000250733,KR,20.9,70,45,57,5.33,0,0
A6872,1702A10WIKI0000000000250724,MB,19.8,74,58,66,6.77,0,0
A6873,1702A10WIKI0000000000250207,MB,15.4,64,51,57,3.93,0,0
A6874,1702A10WIKI0000000000250107,MB,16.8,71,59,65,4.76,22,14.6
A6875,1702A10WIKI0000000000250419,KR,20.3,79,60,69,7.59,0,0
A6876,1702A10WIKI0000000000250680,KR,18.1,63,44,53,3.99,0,0
A6877,1702A10WIKI0000000000250735,MR,14.3,60,48,54,3.28,0,0
A6878,1702A10WIKI0000000000250454,KR,12.4,55,40,47,2.15,0,0
A6879,1702A10WIKI0000000000250481,BNS,16.1,82,72,77,6.57,24,12.4
A6880,1702A10WIKI0000000000250580,KR,19.3,65,48,56,4.75,0,0
A6881,1702A10WIKI0000000000250602,MB,11.9,55,40,47,2.06,0,0
A6882,1702A10WIKI0000000000250192,KR,14.9,58,47,52,3.16,0,0
A6883,1702A10WIKI0000000000247479,KR,18.6,76,56,66,6.36,0,0
A6884,1702A10WIKI0000000000247997,MR,15.7,77,66,71,6.22,0,0
A6885,1702A10WIKI0000000000247974,MR,17.3,63,52,57,4.41,0,0
A6886,1702A10WIKI0000000000247803,MR,15.3,70,57,63,4.77,0,0
A6887,1702A10WIKI0000000000247823,MR,16.9,64,47,55,4.02,0,0
A6888,1702A10WIKI0000000000247584,MR,17.9,75,58,66,6.12,0,0
A6889,1702A10WIKI0000000000248195,MR,14.7,71,55,63,4.58,0,0
A6890,1702A10WIKI0000000000247484,MR,13.9,60,46,53,3.07,0,0
A6891,1702A10WIKI0000000000247895,MR,19.1,80,61,70,7.35,0,0
A6892,1702A10WIKI0000000000247718,MR,21.6,72,50,61,6.31,0,0
A6893,1702A10WIKI0000000000247847,MR,14.1,60,47,53,3.11,0,0
A6894,1702A10WIKI0000000000247689,MR,20.1,68,57,62,6.07,0,0
A6895,1702A10WIKI0000000000247562,MR,16.9,80,69,74,7.27,0,0
A6896,1702A10WIKI0000000000247360,MR,21.4,65,43,54,4.9,0,0
A6897,1702A10WIKI0000000000248060,MR,19.2,72,53,62,5.8,0,0
A6898,1702A10WIKI0000000000248081,BNS,11.6,129,118,123,13.78,0,0
A6899,1702A10WIKI0000000000248183,MR,11.7,59,47,53,2.58,0,0
A6900,1702A10WIKI0000000000248202,MR,20.1,73,53,63,6.27,0,0
A6901,1702A10WIKI0000000000247408,BNS,18.2,63,53,58,4.81,0,0
A6902,1702A10WIKI0000000000247887,MR,10.8,65,54,59,2.95,0,0
A6903,1702A10WIKI0000000000248128,BNS,15,57,44,50,2.73,12,7.3
A6904,1702A10WIKI0000000000247844,MR,20.7,91,70,80,10.4,0,0
A6905,1702A10WIKI0000000000247864,KR,14.2,71,59,65,4.71,0,0
A6906,1702A10WIKI0000000000247636,MR,12.8,61,53,57,3.27,0,0
A6907,1702A10WIKI0000000000248008,KR,11.2,86,69,77,5.22,0,0
A6908,1702A10WIKI0000000000247704,KR,13,69,54,61,3.8,0,0
A6909,1702A10WIKI0000000000247439,MR,22.6,68,47,57,5.77,0,0
A6910,1702A10WIKI0000000000247581,MR,17.9,58,47,52,3.8,0,0
A6911,1702A10WIKI0000000000247657,MR,16.8,80,65,72,6.84,0,0
A6912,1702A10WIKI0000000000248114,MR,11.8,60,52,56,2.91,0,0
A6913,1702A10WIKI0000000000254547,MR,16.3,67,56,61,4.76,0,0
A6914,1702A10WIKI0000000000254090,KR,18,63,42,52,3.82,0,0
A6915,1702A10WIKI0000000000254111,KR,19.7,58,42,50,3.87,0,0
A6916,1702A10WIKI0000000000254395,MR,17.4,58,45,51,3.55,0,0
A6917,1702A10WIKI0000000000254505,KR,18.7,86,67,76,8.48,0,0
A6918,1702A10WIKI0000000000253750,MR,11.4,92,76,84,6.06,15,4.1
A6919,1702A10WIKI0000000000254396,MR,12.4,77,67,72,5.05,0,0
A6920,1702A10WIKI0000000000254541,MR,13.6,62,51,56,3.35,0,0
A6921,1702A10WIKI0000000000254308,MR,20.7,57,43,50,4.06,0,0
A6922,1702A10WIKI0000000000254424,KR,16.1,71,49,60,4.55,0,0
A6923,1702A10WIKI0000000000253693,KR,14.8,58,40,49,2.79,0,0
A6924,1702A10WIKI0000000000254116,KR,13.2,58,46,52,2.8,0,0
A6925,1702A10WIKI0000000000254416,KR,17.4,60,43,51,3.55,0,0
A6926,1702A10WIKI0000000000254593,KR,15,55,40,47,2.6,0,0
A6927,1702A10WIKI0000000000253707,KR,18.5,60,48,54,4.24,0,0
A6928,1702A10WIKI0000000000254161,MR,13.6,60,46,53,3,0,0
A6929,1702A10WIKI0000000000254030,MR,14.6,58,47,52,3.1,0,0
A6930,1702A10WIKI0000000000254744,MB,9.5,60,55,57,2.42,0,0
A6931,1702A10WIKI0000000000253629,MB,13.6,65,50,57,3.47,0,0
A6932,1702A10WIKI0000000000254620,MB,16.1,61,49,55,3.3,18,13.6
A6933,1702A10WIKI0000000000253780,KR,12.6,70,60,65,4.18,0,0
A6934,1702A10WIKI0000000000254685,KR,18.2,61,40,50,3.57,0,0
A6935,1702A10WIKI0000000000259587,MB,9.9,74,62,68,3.2,20,11
A6936,1702A10WIKI0000000000259963,KR,14.3,57,40,48,2.59,0,0
A6937,1702A10WIKI0000000000260157,MRS,13.8,54,46,50,2.71,0,0
A6938,1702A10WIKI0000000000259365,MB,15.7,54,40,47,2.21,18,18.7
A6939,1702A10WIKI0000000000259817,MB,15.1,55,45,50,2.96,0,0
A6940,1702A10WIKI0000000000259825,MR,13.3,56,47,51,2.72,0,0
A6941,1702A10WIKI0000000000259367,MB,15.1,63,46,54,3.46,0,0
A6942,1702A10WIKI0000000000259753,MB,15.4,72,52,62,4.65,0,0
A6943,1702A10WIKI0000000000259364,MR,18.1,65,48,56,4.46,0,0
A6944,1702A10WIKI0000000000243629,MB,20.6,58,42,50,4.04,0,0
A6945,1702A10WIKI0000000000243844,MR,19.5,67,51,59,5.33,0,0
A6946,1702A10WIKI0000000000244060,MR,17.4,62,52,57,3.81,19,14.1
A6947,1702A10WIKI0000000000243784,BNS,18.9,78,59,68,6.86,0,0
A6948,1702A10WIKI0000000000243850,KR,22.9,70,45,57,4.93,20,15.7
A6949,1702A10WIKI0000000000243459,BNS,19.4,69,52,60,5.49,0,0
A6950,1702A10WIKI0000000000243493,MR,17.1,75,64,69,6.39,0,0
A6951,1702A10WIKI0000000000243441,MR,20.5,73,51,62,6.19,0,0
A6952,1702A10WIKI0000000000243819,MR,16.7,92,90,91,10.86,0,0
A6953,1702A10WIKI0000000000243899,KR,10.9,91,75,83,5.9,0,0
A6954,1702A10WIKI0000000000243824,KR,17.6,77,66,71,6.97,0,0
A6955,1702A10WIKI0000000000243826,KR,14.8,81,64,72,6.03,0,0
A6956,1702A10WIKI0000000000244131,KR,20.2,60,40,50,3.97,0,0
A6957,1702A10WIKI0000000000243438,KR,20.1,77,52,64,6.47,0,0
A6958,1702A10WIKI0000000000244024,MR,20,94,69,81,10.31,0,0
A6959,1702A10WIKI0000000000254031,KR,13.1,76,56,66,4.48,0,0
A6960,1702A10WIKI0000000000254028,KR,20.3,54,40,47,3.52,0,0
A6961,1702A10WIKI0000000000253898,MR,11.4,59,50,54,2.61,0,0
A6962,1702A10WIKI0000000000253916,MR,15.3,58,43,50,3,0,0
A6963,1702A10WIKI0000000000254120,MB,14.5,76,52,64,4.66,0,0
A6964,1702A10WIKI0000000000253811,KR,19.6,61,50,55,4.66,0,0
A6965,1702A10WIKI0000000000253813,MB,15.6,61,41,51,3.19,0,0
A6966,1702A10WIKI0000000000254568,MB,15.5,89,73,81,7.99,0,0
A6967,1702A10WIKI0000000000253587,KR,17.7,56,41,48,3.2,0,0
A6968,1702A10WIKI0000000000253589,KR,16.1,68,47,57,4.11,0,0
A6969,1702A10WIKI0000000000253804,KR,18.9,80,55,67,6.66,0,0
A6970,1702A10WIKI0000000000254626,KR,16.3,57,40,48,2.95,0,0
A6971,1702A10WIKI0000000000253604,KR,21,62,43,52,4.46,0,0
A6972,1702A10WIKI0000000000254142,KR,19.4,70,55,62,5.86,0,0
A6973,1702A10WIKI0000000000254117,KR,16.3,58,48,53,3.6,0,0
A6974,1702A10WIKI0000000000259609,MB,12.7,57,42,49,2.07,16,13.6
A6975,1702A10WIKI0000000000259842,MB,17,62,44,53,3.75,0,0
A6976,1702A10WIKI0000000000259780,MB,14.4,56,45,50,2.83,0,0
A6977,1702A10WIKI0000000000259897,KR,14.4,56,45,50,2.83,0,0
A6978,1702A10WIKI0000000000259886,KR,17.1,60,42,51,3.49,0,0
A6979,1702A10WIKI0000000000259733,KR,15.5,55,40,47,2.69,0,0
A6980,1702A10WIKI0000000000259673,KR,15.3,55,40,47,2.65,0,0
A6981,1702A10WIKI0000000000260056,KR,15.5,58,43,50,3.04,0,0
A6982,1702A10WIKI0000000000259557,BNS,13.3,111,104,107,11.43,20,4.4
A6983,1702A10WIKI0000000000259935,KR,18.4,66,50,58,4.86,0,0
A6984,1702A10WIKI0000000000260152,KR,14.4,58,43,50,2.5,15,11.5
A6985,1702A10WIKI0000000000259508,BNS,15.7,50,43,46,2.61,0,0
A5538,1702A10WIKI0000000000259235.02,MR,14.8,57,52,54,3.39,0,0
A6986,1702A10WIKI0000000000255523,KR,21.1,75,50,62,6.37,0,0
A6987,1702A10WIKI0000000000255150,KR,18.8,60,46,53,4.15,0,0
A6988,1702A10WIKI0000000000254972,KR,21.6,74,45,59,5.91,0,0
A6989,1702A10WIKI0000000000254801,KR,20.2,78,58,68,7.34,0,0
A6990,1702A10WIKI0000000000254949,MB,16.6,62,45,53,3.66,0,0
A6991,1702A10WIKI0000000000255125,MB,15.8,80,58,69,5.91,0,0
A6992,1702A10WIKI0000000000255457,BNS,13.9,72,63,67,4.9,0,0
A6993,1702A10WIKI0000000000255420,KR,11.7,64,53,58,3.09,0,0
A6994,1702A10WIKI0000000000255446,KR,19.2,63,49,56,4.73,0,0
A6995,1702A10WIKI0000000000219419,KR,18.4,60,40,50,3.61,0,0
A6996,1702A10WIKI0000000000255558,KR,21,74,52,63,6.55,0,0
A6997,1702A10WIKI0000000000255095,KR,17.4,61,48,54,3.98,0,0
A6998,1702A10WIKI0000000000254864,MR,16.2,70,54,62,4.89,0,0
A6999,1702A10WIKI0000000000255234,BNS,16.2,62,52,57,4.13,0,0
A7000,1702A10WIKI0000000000255260,BNS,16.3,64,50,57,4,10,3.9
A7001,1702A10WIKI0000000000254830,KR,17.1,58,45,51,3.49,0,0
A7002,1702A10WIKI0000000000255269,KR,18.1,59,44,51,3.7,0,0
A7003,1702A10WIKI0000000000255382,KR,18.5,60,41,50,3.63,0,0
A7004,1702A10WIKI0000000000255019,KR,18,58,40,49,3.04,14,10.4
A7005,1702A10WIKI0000000000254836,KR,17.8,62,40,51,3.64,0,0
A7006,1702A10WIKI0000000000255608,KR,17.9,61,42,51,3.66,0,0
A7007,1702A10WIKI0000000000254803,MB,11,60,52,56,2.71,0,0
A7008,1702A10WIKI0000000000254914,KR,15.6,60,45,52,3.31,0,0
A7009,1702A10WIKI0000000000255080,MB,14.8,55,47,51,2.77,13,8.3
A7010,1702A10WIKI0000000000255616,KR,14.3,56,40,48,2.59,0,0
A7011,1702A10WIKI0000000000255587,KR,21.1,71,50,60,5.97,0,0
A7012,1702A10WIKI0000000000255253,BNS,18.4,59,43,51,3.76,0,0
A7013,1702A10WIKI0000000000254935,MB,18.7,60,49,54,4.28,0,0
A7014,1702A10WIKI0000000000255416,MR,18.1,52,45,48,3.28,0,0
A7015,1702A10WIKI0000000000255625,MR,17.1,70,60,65,5.67,0,0
A7016,1702A10WIKI0000000000255274,MR,17.4,60,45,52,3.7,0,0
A7017,1702A10WIKI0000000000255492,MB,16,60,49,54,3.66,0,0
A7018,1702A10WIKI0000000000255097,MB,16,60,52,56,3.94,0,0
A7019,1702A10WIKI0000000000255145,BNS,16,62,50,56,3.94,0,0
A7020,1702A10WIKI0000000000255618,MR,12.9,54,44,49,2.3,10,5.3
A7021,1702A10WIKI0000000000254907,MB,16.6,51,40,45,2.27,15,14.1
A7022,1702A10WIKI0000000000255527,MB,15,54,45,49,2.83,0,0
A7023,1702A10WIKI0000000000255090,MB,14.3,51,40,45,2.27,0,0
A7024,1702A10WIKI0000000000255541,MR,21.8,62,47,54,4.99,0,0
A7025,1702A10WIKI0000000000255438,MB,17.8,65,50,57,4.09,16,10
A7026,1702A10WIKI0000000000254835,MB,19.1,67,52,59,5.22,0,0
A7027,1702A10WIKI0000000000255066,MR,16,65,47,56,3.94,0,0
A7028,1702A10WIKI0000000000218092,MB,8.9,62,53,57,2.27,0,0
A7029,1702A10WIKI0000000000255544,MR,15.8,66,50,58,4.17,0,0
A7030,1702A10WIKI0000000000255429,MR,17.2,90,75,82,9.08,0,0
A7031,1702A10WIKI0000000000255169,MR,17.9,66,55,60,5.06,0,0
A7032,1702A10WIKI0000000000255344,MB,18.7,56,49,52,3.97,0,0
A7033,1702A10WIKI0000000000255186,KR,19.3,78,53,65,6.4,0,0
A7034,1702A10WIKI0000000000255394,KR,20.9,77,57,67,7.37,0,0
A7035,1702A10WIKI0000000000255374,KR,20.9,70,56,63,6.52,0,0
A7036,1702A10WIKI0000000000254992,MB,17.6,78,64,71,6.97,0,0
A7037,1702A10WIKI0000000000255237,MR,15.8,67,47,57,4.03,0,0
A7038,1702A10WIKI0000000000255626,MR,13.5,86,73,79,6.07,20,8.2
A7039,1702A10WIKI0000000000255364,MR,13.9,107,93,100,10.6,15,2.9
A7040,1702A10WIKI0000000000255266,MR,16.1,63,51,57,4.11,0,0
A7041,1702A10WIKI0000000000255574,MR,11.1,62,56,59,3.03,0,0
A7042,1702A10WIKI0000000000255042,MR,16.4,67,53,60,4.64,0,0
A7043,1702A10WIKI0000000000260596,MR,16,64,46,55,3.8,0,0
A7044,1702A10WIKI0000000000260382,MR,13.8,61,40,50,2.71,0,0
A7045,1702A10WIKI0000000000260878,KR,17.3,56,42,49,3.26,0,0
A7046,1702A10WIKI0000000000260714,KR,17.1,64,47,55,4.06,0,0
A7047,1702A10WIKI0000000000260563,KR,17.5,61,49,55,4.16,0,0
A7048,1702A10WIKI0000000000260235,KR,14.2,55,40,47,2.46,0,0
A7049,1702A10WIKI0000000000260427,KR,21,73,59,66,7.18,0,0
A7050,1702A10WIKI0000000000260872,KR,18.8,67,53,60,5.32,0,0
A7051,1702A10WIKI0000000000260628,KR,17.3,56,43,49,3.26,0,0
A7052,1702A10WIKI0000000000260720,KR,17.9,69,52,60,5.06,0,0
A7053,1702A10WIKI0000000000260346,KR,15,60,41,50,2.95,0,0
A7054,1702A10WIKI0000000000261060,KR,17.7,66,53,59,4.84,0,0
A7055,1702A10WIKI0000000000260201,KR,16.6,70,49,59,4.54,0,0
A7056,1702A10WIKI0000000000260565,MR,20.5,60,44,52,4.35,0,0
A7057,1702A10WIKI0000000000260242,MB,16,60,44,52,3.4,0,0
A7058,1702A10WIKI0000000000259755,MR,19.1,60,48,54,4.37,0,0
A7059,1702A10WIKI0000000000260148,MR,15.1,72,59,65,5.01,0,0
A7060,1702A10WIKI0000000000259582,MR,19.9,65,50,57,5.08,0,0
A7061,1702A10WIKI0000000000259861,MR,16.5,60,52,56,4.06,0,0
A7062,1702A10WIKI0000000000260018,MR,15.1,75,62,68,5.48,0,0
A7063,1702A10WIKI0000000000259523,MR,14.1,70,58,64,4.54,0,0
A7064,1702A10WIKI0000000000259504,MR,11.6,59,45,52,2.46,0,0
A7065,1702A10WIKI0000000000259359,MR,12.8,85,71,78,6.12,0,0
A7066,1702A10WIKI0000000000259534,MR,15.9,69,57,63,4.96,0,0
A7067,1702A10WIKI0000000000260053,MR,22.8,62,52,57,5.82,0,0
A7068,1702A10WIKI0000000000259634,MR,18.1,65,48,56,4.46,0,0
A7069,1702A10WIKI0000000000259526,MR,18.3,65,46,55,4.35,0,0
A7070,1702A10WIKI0000000000260086,MR,18.8,65,46,55,4.47,0,0
A7071,1702A10WIKI0000000000259958,MR,22.3,66,47,56,5.49,0,0
A7072,1702A10WIKI0000000000259676,MR,20.5,70,50,60,5.8,0,0
A7073,1702A10WIKI0000000000260129,MR,16.5,58,45,51,2.71,20,19.6
A7074,1702A10WIKI0000000000259298,MR,17.1,78,62,70,6.58,0,0
A7075,1702A10WIKI0000000000259944,MR,14.1,70,62,66,4.82,0,0
A7076,1702A10WIKI0000000000259595,MR,17.1,57,40,48,3.09,0,0
A7077,1702A10WIKI0000000000259930,MR,14.1,81,63,72,5.74,0,0
A7078,1702A10WIKI0000000000260079,MR,18.4,70,52,61,5.38,0,0
A7079,1702A10WIKI0000000000259807,KR,16.6,63,50,56,4.09,0,0
A7080,1702A10WIKI0000000000259598,MR,17.5,62,45,53,3.86,0,0
A7081,1702A10WIKI0000000000259915,MR,17.9,71,51,61,5.23,0,0
A7082,1702A10WIKI0000000000260104,MR,20.4,67,47,57,5.21,0,0
A7083,1702A10WIKI0000000000259776,MR,19.4,67,48,57,4.95,0,0
A7084,1702A10WIKI0000000000259491,MR,14.5,62,51,56,3.32,13,6.9
A7085,1702A10WIKI0000000000259314,MR,17.6,57,47,52,3.74,0,0
A7086,1702A10WIKI0000000000259771,MR,18.6,62,46,54,4.26,0,0
A7087,1702A10WIKI0000000000259524,MR,14.2,71,50,60,4.01,0,0
A7088,1702A10WIKI0000000000260127,MR,16.5,77,59,68,5.99,0,0
A7089,1702A10WIKI0000000000259858,MR,16.8,66,44,55,3.99,0,0
A7090,1702A10WIKI0000000000259554,MR,13.3,58,47,52,2.82,0,0
A7091,1702A10WIKI0000000000259363,MR,18.4,62,45,53,4.06,0,0
A7092,1702A10WIKI0000000000260531,KR,19,69,57,63,5.92,0,0
A7093,1702A10WIKI0000000000259900,MR,22.1,83,62,72,9,0,0
A7094,1702A10WIKI0000000000259593,MR,17.9,70,55,62,4.76,19,12
A7095,1702A10WIKI0000000000259646,MR,19.9,70,53,61,5.82,0,0
A7096,1702A10WIKI0000000000259606,MR,20.8,64,45,54,4.76,0,0
A7097,1702A10WIKI0000000000259695,MR,21.7,65,50,57,5.54,0,0
A7098,1702A10WIKI0000000000259494,MR,17.1,80,57,68,6.21,0,0
A7099,1702A10WIKI0000000000259616,MR,20.2,60,45,52,4.29,0,0
A7100,1702A10WIKI0000000000259535,MR,12.9,70,56,63,4.02,0,0
A7101,1702A10WIKI0000000000259546,MR,14.4,81,62,71,5.7,0,0
A7102,1702A10WIKI0000000000259744,MR,16.1,72,55,63,5.02,0,0
A7103,1702A10WIKI0000000000259974,MR,18.3,62,43,52,3.89,0,0
A7104,1702A10WIKI0000000000260124,MR,14.8,72,56,64,4.76,0,0
A7105,1702A10WIKI0000000000259425,MR,11.5,71,60,65,3.82,0,0
A7106,1702A10WIKI0000000000259345,MR,19.3,64,44,54,4.42,0,0
A7107,1702A10WIKI0000000000259836,MB,13.6,60,51,55,3.23,0,0
A7108,1702A10WIKI0000000000259558,MB,14.2,61,52,56,3.5,0,0
A7109,1702A10WIKI0000000000259370,MR,12,83,67,75,5.3,0,0
A7110,1702A10WIKI0000000000259966,MR,13.2,67,55,61,3.86,0,0
A7111,1702A10WIKI0000000000260131,MB,14.5,80,68,74,6.24,0,0
A7112,1702A10WIKI0000000000259955,MR,18.1,62,47,54,4.15,0,0
A7113,1702A10WIKI0000000000259355,MR,20.8,64,45,54,4.76,0,0
A7114,1702A10WIKI0000000000259876,MR,21.4,72,53,62,6.46,0,0
A7115,1702A10WIKI0000000000259519,MR,16.9,65,51,58,4.47,0,0
A7116,1702A10WIKI0000000000259655,MR,11,81,67,74,4.73,0,0
A7117,1702A10WIKI0000000000259627,MR,13.6,67,58,62,4.11,0,0
A7118,1702A10WIKI0000000000260487,KR,22.1,74,57,65,6.83,15,6.8
A7119,1702A10WIKI0000000000260705,KR,19.9,70,46,58,5.26,0,0
A7120,1702A10WIKI0000000000260749,KR,19.9,80,65,72,8.1,0,0
A7121,1702A10WIKI0000000000259352,KR,14.8,60,40,50,2.91,0,0
A7122,1702A10WIKI0000000000259310,KR,14.6,63,44,53,3.22,0,0
A7123,1702A10WIKI0000000000259351,KR,16.8,62,48,55,3.99,0,0
A7124,1702A10WIKI0000000000260610,KR,21.7,84,60,72,8.84,0,0
A7125,1702A10WIKI0000000000260956,KR,21.7,63,48,55,5.16,0,0
A7126,1702A10WIKI0000000000260792,KR,20.4,75,50,62,6.16,0,0
A7127,1702A10WIKI0000000000260216,KR,22.1,60,48,54,5.06,0,0
A7128,1702A10WIKI0000000000259659,KR,11.7,60,50,55,2.78,0,0
A7129,1702A10WIKI0000000000259726,KR,10.7,74,60,67,3.77,0,0
A7130,1702A10WIKI0000000000259670,MR,21.7,63,49,56,5.34,0,0
A7131,1702A10WIKI0000000000260917,KR,18.4,67,46,56,4.53,0,0
A7132,1702A10WIKI0000000000260093,MB,15.7,55,48,51,2.85,15,11
A7133,1702A10WIKI0000000000259784,KR,17.3,55,44,49,3.26,0,0
A7134,1702A10WIKI0000000000259470,MB,18,59,50,54,3.82,13,7.4
A7135,1702A10WIKI0000000000259597,KR,13.8,67,54,60,3.9,0,0
A7136,1702A10WIKI0000000000259826,MR,20.3,67,48,57,5.18,0,0
A7137,1702A10WIKI0000000000260075,MR,18.8,67,46,56,4.63,0,0
A7138,1702A10WIKI0000000000259332,MR,21.9,87,60,73,9.17,0,0
A7139,1702A10WIKI0000000000259500,MR,20.1,64,48,56,4.95,0,0
A7140,1702A10WIKI0000000000259762,MR,15.1,67,53,60,4.27,0,0
A7141,1702A10WIKI0000000000260717,KR,18.9,64,48,56,4.66,0,0
A7142,1702A10WIKI0000000000260982,KR,19.7,80,64,72,8.02,0,0
A7143,1702A10WIKI0000000000260559,KR,17.3,76,52,64,5.57,0,0
A7144,1702A10WIKI0000000000259946,MR,20.4,62,50,56,5.02,0,0
A7145,1702A10WIKI0000000000259801,MR,15,60,48,54,3.22,12,6.3
A7146,1702A10WIKI0000000000259440,MR,20,73,56,64,6.43,0,0
A7147,1702A10WIKI0000000000259866,MR,17.7,55,42,48,3.2,0,0
A7148,1702A10WIKI0000000000259799,MR,19.5,78,58,68,7.08,0,0
A7149,1702A10WIKI0000000000259594,MR,17.9,71,55,63,5.58,0,0
A7150,1702A10WIKI0000000000260027,MR,20.5,70,47,58,5.42,0,0
A7151,1702A10WIKI0000000000259624,MR,15.6,60,42,51,3.19,0,0
A7152,1702A10WIKI0000000000260110,MB,13.2,59,50,54,3.02,0,0
A7153,1702A10WIKI0000000000259315,MR,13.2,62,48,55,3.14,0,0
A7154,1702A10WIKI0000000000260039,MR,19.1,54,40,47,3.31,0,0
A7155,1702A10WIKI0000000000259664,MB,15.2,57,50,53,3.35,0,0
A7156,1702A10WIKI0000000000259977,MB,18.9,69,58,63,5.89,0,0
A7157,1702A10WIKI0000000000259518,MR,10.9,63,56,59,2.98,0,0
A7158,1702A10WIKI0000000000259997,MB,19.1,68,57,62,5.77,0,0
A7159,1702A10WIKI0000000000260609,KR,18.7,72,53,62,5.65,0,0
A7160,1702A10WIKI0000000000259947,MR,14.3,69,52,60,4.04,0,0
A7161,1702A10WIKI0000000000260141,MR,17.9,69,52,60,5.06,0,0
A7162,1702A10WIKI0000000000259346,MR,19.3,65,49,57,4.92,0,0
A7163,1702A10WIKI0000000000259770,MR,11.5,66,54,60,3.25,0,0
A7164,1702A10WIKI0000000000259927,MR,17.3,67,50,58,4.57,0,0
A7165,1702A10WIKI0000000000260119,MR,19.2,84,64,74,8.26,0,0
A7166,1702A10WIKI0000000000259588,MB,14.7,67,51,59,4.02,0,0
A7167,1702A10WIKI0000000000259380,MR,17.6,57,48,52,3.74,0,0
A7168,1702A10WIKI0000000000259423,MB,14.5,72,60,66,4.44,19,10.5
A7169,1702A10WIKI0000000000259649,MB,15.1,58,40,49,2.85,0,0
A7170,1702A10WIKI0000000000260704,KR,11.8,56,40,48,2.14,0,0
A7171,1702A10WIKI0000000000259317,MB,9.3,57,45,51,1.77,12,7
A7172,1702A10WIKI0000000000260420,KR,11.7,87,72,79,5.73,0,0
A7173,1702A10WIKI0000000000260523,KR,10.3,57,52,54,2.36,0,0
A7174,1702A10WIKI0000000000260374,KR,20,80,58,69,7.48,0,0
A7175,1702A10WIKI0000000000261063,KR,20.3,67,52,59,5.55,0,0
A7176,1702A10WIKI0000000000260536,KR,19.7,65,48,56,4.85,0,0
A7177,1702A10WIKI0000000000260895,KR,18.1,75,59,67,6.38,0,0
A7178,1702A10WIKI0000000000260489,KR,17.2,66,50,58,4.54,0,0
A7179,1702A10WIKI0000000000261064,KR,14.7,55,40,47,2.55,0,0
A7180,1702A10WIKI0000000000260548,KR,20.8,64,44,54,4.76,0,0
A7181,1702A10WIKI0000000000260706,KR,17.1,54,40,47,2.97,0,0
A7182,1702A10WIKI0000000000259738,MB,18.7,53,43,48,3.2,10,5.5
A7183,1702A10WIKI0000000000259863,MR,16.2,56,41,48,2.93,0,0
A7184,1702A10WIKI0000000000260368,KR,21.4,69,48,58,5.65,0,0
A7185,1702A10WIKI0000000000261045,KR,20.8,60,46,53,4.59,0,0
A7186,1702A10WIKI0000000000260654,KR,18.8,72,54,63,5.86,0,0
A7187,1702A10WIKI0000000000260580,KR,19.2,63,40,51,3.92,0,0
A7188,1702A10WIKI0000000000260997,KR,17.3,84,59,71,6.85,0,0
A7189,1702A10WIKI0000000000260433,KR,13.6,57,40,48,2.46,0,0
A7190,1702A10WIKI0000000000260949,KR,15.8,57,40,48,2.86,0,0
A7191,1702A10WIKI0000000000260860,KR,12.6,60,45,52,2.68,0,0
A7192,1702A10WIKI0000000000260715,KR,18.9,61,43,52,3.4,18,15.3
A7193,1702A10WIKI0000000000261025,KR,17.8,62,47,54,4.08,0,0
A7194,1702A10WIKI0000000000260718,KR,18.3,66,43,54,4.19,0,0
A7195,1702A10WIKI0000000000260501,KR,16,55,40,47,2.78,0,0
A7196,1702A10WIKI0000000000260865,KR,19.9,70,49,59,5.44,0,0
A7197,1702A10WIKI0000000000260475,KR,17.5,56,40,48,3.17,0,0
A7198,1702A10WIKI0000000000260709,KR,17.7,54,40,47,3.07,0,0
A7199,1702A10WIKI0000000000260703,KR,18.2,59,47,53,4.02,0,0
A7200,1702A10WIKI0000000000261054,KR,18.9,64,46,55,4.49,0,0
A7201,1702A10WIKI0000000000260326,KR,17.5,55,40,47,2.86,10,5.8
A7202,1702A10WIKI0000000000260542,KR,19.6,62,42,52,4.16,0,0
A7203,1702A10WIKI0000000000259957,MB,14.6,75,62,68,4.72,20,11
A7204,1702A10WIKI0000000000259844,MR,21.9,67,52,59,5.99,0,0
A7205,1702A10WIKI0000000000259639,MR,14.7,87,72,79,7.21,0,0
A7206,1702A10WIKI0000000000259998,MR,16.6,78,62,70,6.39,0,0
A7207,1702A10WIKI0000000000259719,MR,17.4,64,52,58,4.6,0,0
A7208,1702A10WIKI0000000000259940,MR,18.7,65,46,55,4.44,0,0
A7209,1702A10WIKI0000000000259487,MR,16.3,64,52,58,4.31,0,0
A7210,1702A10WIKI0000000000259452,MR,22.7,73,51,62,6.85,0,0
A7211,1702A10WIKI0000000000259943,MR,19.7,81,65,73,7.92,13,4
A7212,1702A10WIKI0000000000259692,MR,15.9,66,47,56,3.4,18,13.2
A7213,1702A10WIKI0000000000259635,MR,13.2,60,47,53,2.39,20,18.1
A7214,1702A10WIKI0000000000260099,MR,16.9,58,45,51,3.45,0,0
A7215,1702A10WIKI0000000000259362,MR,19.3,67,54,60,5.46,0,0
A7216,1702A10WIKI0000000000259390,MR,21.8,65,47,56,5.37,0,0
A7217,1702A10WIKI0000000000259308,MR,17.9,66,45,55,4.25,0,0
A7218,1702A10WIKI0000000000260045,MR,14.3,55,41,48,2.59,0,0
A7219,1702A10WIKI0000000000259451,MR,15.3,84,68,76,6.94,0,0
A7220,1702A10WIKI0000000000259845,MR,20.4,81,59,70,7.85,0,0
A7221,1702A10WIKI0000000000259474,MR,13.2,64,46,55,3.14,0,0
A7222,1702A10WIKI0000000000259443,MR,15.9,64,45,54,3.64,0,0
A7223,1702A10WIKI0000000000259786,MR,15.7,62,50,56,3.87,0,0
A7224,1702A10WIKI0000000000259945,MR,21.7,70,53,61,6.34,0,0
A7225,1702A10WIKI0000000000259319,MR,15.3,72,58,65,5.08,0,0
A7226,1702A10WIKI0000000000259589,MR,19.6,63,53,58,5.18,0,0
A7227,1702A10WIKI0000000000259937,MR,20.8,72,57,64,6.69,0,0
A7228,1702A10WIKI0000000000260349,KR,18.4,59,43,51,3.76,0,0
A7229,1702A10WIKI0000000000260540,KR,17.3,60,45,52,3.67,0,0
A7230,1702A10WIKI0000000000259960,MR,16.9,66,50,58,4.47,0,0
A7231,1702A10WIKI0000000000260122,MR,15.4,59,45,52,3.27,0,0
A7232,1702A10WIKI0000000000260719,KR,17.1,61,46,53,3.09,20,18.1
A7233,1702A10WIKI0000000000260144,MR,20.6,64,45,54,4.72,0,0
A7234,1702A10WIKI0000000000260107,MR,11.7,70,63,66,4,0,0
A7235,1702A10WIKI0000000000259471,MR,17,68,57,62,4.58,18,10.7
A7236,1702A10WIKI0000000000259449,MR,16.2,62,45,53,2.93,20,18.1
A7237,1702A10WIKI0000000000259983,MR,17.2,69,52,60,4.86,0,0
A7238,1702A10WIKI0000000000259435,MR,13.5,54,44,49,2.55,0,0
A7239,1702A10WIKI0000000000260861,KR,17.8,75,56,65,5.91,0,0
A7240,1702A10WIKI0000000000260760,KR,16.3,61,48,54,3.73,0,0
A7241,1702A10WIKI0000000000260882,KR,14.5,102,93,97,10.72,0,0
A7242,1702A10WIKI0000000000260834,KR,19.8,71,50,60,4.55,23,18.7
A7243,1702A10WIKI0000000000260473,KR,16.5,73,60,66,5.64,0,0
A7244,1702A10WIKI0000000000243698,KR,21.2,97,64,80,10.66,0,0
A7245,1702A10WIKI0000000000243779,KR,16.8,67,50,58,4.44,0,0
A7246,1702A10WIKI0000000000243915,BNS,18.6,85,72,78,8.47,15,4.7
A7247,1702A10WIKI0000000000244110,MR,21.4,68,51,59,5.85,0,0
A7248,1702A10WIKI0000000000243782,BNS,15.8,57,48,52,3.09,13,8
A7249,1702A10WIKI0000000000243886,MR,15.8,54,44,49,2.82,10,5.3
A7250,1702A10WIKI0000000000243649,MR,22.5,76,52,64,7.24,0,0
A7251,1702A10WIKI0000000000243449,MR,12,69,58,63,3.74,0,0
A7252,1702A10WIKI0000000000243540,MR,15.7,65,54,59,4.29,0,0
A7253,1702A10WIKI0000000000243944,MB,11.2,59,52,55,2.66,0,0
A7254,1702A10WIKI0000000000243959,MR,13.2,64,49,56,3.06,12,5.8
A7255,1702A10WIKI0000000000243773,KR,13.2,76,60,68,4.79,0,0
A7256,1702A10WIKI0000000000244136,KR,8.5,65,63,64,2.73,0,0
A7257,1702A10WIKI0000000000243475,KR,13.9,84,80,82,7.34,0,0
A7258,1702A10WIKI0000000000244019,KR,11.8,64,53,58,3.12,0,0
A7259,1702A10WIKI0000000000243751,KR,12,55,40,47,2.08,0,0
A7260,1702A10WIKI0000000000244026,KR,11.5,54,40,47,2,0,0
A7261,1702A10WIKI0000000000243577,KR,18.4,82,62,72,7.49,0,0
A7262,1702A10WIKI0000000000243685,MR,18.5,64,51,57,4.72,0,0
A7263,1702A10WIKI0000000000243842,MR,13.6,60,51,55,2.57,22,20.4
A7264,1702A10WIKI0000000000243998,KR,21.1,59,41,50,4.14,0,0
A7265,1702A10WIKI0000000000243490,KR,21,67,40,53,4.63,0,0
A7266,1702A10WIKI0000000000243500,KR,19.6,63,58,60,5.54,0,0
A7267,1702A10WIKI0000000000243581,KR,20,55,40,47,3.47,0,0
A7268,1702A10WIKI0000000000243706,KR,12,55,47,51,2.45,0,0
A7269,1702A10WIKI0000000000243569,KR,19.8,54,40,47,3.44,0,0
A7270,1702A10WIKI0000000000243344,MB,15.3,72,63,67,4.78,20,11.3
A7271,1702A10WIKI0000000000244048,MR,22.3,71,52,61,6.52,0,0
A7272,1702A10WIKI0000000000243568,MR,11.6,55,42,48,2.1,0,0
A7273,1702A10WIKI0000000000243746,MB,13.4,54,40,47,2.32,0,0
A7274,1702A10WIKI0000000000244092,MR,15.6,64,51,57,3.53,17,11.3
A7275,1702A10WIKI0000000000243785,MR,13.2,58,45,51,2.51,12,7
A7276,1702A10WIKI0000000000243607,MR,17.6,70,54,62,5.31,0,0
A7277,1702A10WIKI0000000000244107,MR,15.6,54,46,50,2.91,10,5.1
A7278,1702A10WIKI0000000000243518,KR,15.4,57,46,51,3.15,0,0
A7279,1702A10WIKI0000000000243543,MR,19.5,102,74,88,11.48,14,3.2
A7280,1702A10WIKI0000000000244037,MR,15.7,62,52,57,3.61,16,10
A7281,1702A10WIKI0000000000243905,MR,16,61,51,56,3.94,0,0
A7282,1702A10WIKI0000000000244102,MR,15.6,58,46,52,2.86,17,13.6
A7283,1702A10WIKI0000000000243900,MB,13.8,65,52,58,3.38,14,7.4
A7284,1702A10WIKI0000000000243786,KR,17.8,60,43,51,3.64,0,0
A7285,1702A10WIKI0000000000243951,KR,15.1,75,63,69,5.65,0,0
A7286,1702A10WIKI0000000000244003,KR,17.7,62,44,53,3.9,0,0
A7287,1702A10WIKI0000000000244114,MB,18.3,54,44,49,3.45,0,0
A7288,1702A10WIKI0000000000243492,KR,17.5,60,42,51,3.57,0,0
A7289,1702A10WIKI0000000000243838,KR,22.4,71,46,58,5.92,0,0
A7290,1702A10WIKI0000000000243551,KR,20.2,61,41,51,4.13,0,0
A7291,1702A10WIKI0000000000243862,KR,22.1,61,43,52,4.69,0,0
A7292,1702A10WIKI0000000000243676,KR,15.8,55,41,48,2.86,0,0
A7293,1702A10WIKI0000000000244134,KR,14.2,54,40,47,2.46,0,0
A7294,1702A10WIKI0000000000243497,KR,13.1,59,42,50,2.57,0,0
A7295,1702A10WIKI0000000000243342,KR,19.4,60,42,51,3.96,0,0
A7296,1702A10WIKI0000000000243680,KR,13,54,40,47,2.26,0,0
A7297,1702A10WIKI0000000000243456,MR,12.8,67,55,61,3.41,16,8.8
A7298,1702A10WIKI0000000000243894,MR,14.8,55,41,48,2.68,0,0
A7299,1702A10WIKI0000000000243971,KR,15.6,60,58,59,4.27,0,0
A7300,1702A10WIKI0000000000244054,KR,17.4,56,46,51,3.55,0,0
A7301,1702A10WIKI0000000000243821,MB,17.4,65,47,56,3.99,13,6.9
A7302,1702A10WIKI0000000000244071,MR,15.4,65,54,59,4.21,0,0
A7303,1702A10WIKI0000000000243868,MR,18.7,65,53,59,5.11,0,0
A7304,1702A10WIKI0000000000244017,MB,12.6,55,40,47,2.19,0,0
A7305,1702A10WIKI0000000000244145,KR,15.2,54,43,48,2.75,0,0
A7306,1702A10WIKI0000000000243514,MR,14.9,67,55,61,4.35,0,0
A7307,1702A10WIKI0000000000243726,MR,14.6,94,72,83,7.9,0,0
A7308,1702A10WIKI0000000000243495,MR,13.1,54,44,49,2.47,0,0
A7309,1702A10WIKI0000000000243654,MR,11,74,61,67,3.88,0,0
A7310,1702A10WIKI0000000000243777,MR,19.2,68,42,55,4.56,0,0
A7311,1702A10WIKI0000000000243962,MR,12.9,55,43,49,2.43,0,0
A7312,1702A10WIKI0000000000243763,MR,14.2,66,57,61,4.15,0,0
A7313,1702A10WIKI0000000000243933,MR,19.9,86,62,74,8.56,0,0
A7314,1702A10WIKI0000000000243513,MR,19.5,70,53,61,5.7,0,0
A7315,1702A10WIKI0000000000243804,KR,18.7,55,40,47,3.24,0,0
A7316,1702A10WIKI0000000000243871,KR,17.7,61,40,50,3.48,0,0
A7317,1702A10WIKI0000000000243652,BNS,16.7,57,44,50,3.28,0,0
A7318,1702A10WIKI0000000000244095,KR,17.4,61,50,55,4.13,0,0
A7319,1702A10WIKI0000000000243529,KR,12.6,55,48,51,2.36,13,8.3
A7320,1702A10WIKI0000000000243870,KR,17.3,59,46,52,3.67,0,0
A7321,1702A10WIKI0000000000244089,KR,19,62,45,53,4.19,0,0
A7322,1702A10WIKI0000000000243884,KR,16.1,57,45,51,3.29,0,0
A7323,1702A10WIKI0000000000244078,KR,17.5,84,64,74,7.53,0,0
A7324,1702A10WIKI0000000000243637,KR,20.4,65,47,56,5.02,0,0
A7325,1702A10WIKI0000000000243839,KR,18.1,57,40,48,3.28,0,0
A7326,1702A10WIKI0000000000243953,KR,17.9,59,45,52,3.8,0,0
A7327,1702A10WIKI0000000000243511,KR,21,70,48,59,5.74,0,0
A7328,1702A10WIKI0000000000243965,KR,12.7,87,70,78,6.07,0,0
A7329,1702A10WIKI0000000000243523,KR,10.1,70,61,65,3.35,0,0
A7330,1702A10WIKI0000000000243747,MR,15.8,60,52,56,3.73,10,4.1
A7331,1702A10WIKI0000000000243460,KR,13,60,50,55,3.09,0,0
A7332,1702A10WIKI0000000000244000,KR,20.7,70,53,61,6.05,0,0
A7333,1702A10WIKI0000000000243358,KR,20.4,62,40,51,4.17,0,0
A7334,1702A10WIKI0000000000243798,KR,17.1,55,40,47,2.97,0,0
A7335,1702A10WIKI0000000000243742,KR,18.1,56,40,48,3.28,0,0
A7336,1702A10WIKI0000000000243545,MR,16.9,61,50,55,4.02,0,0
A7337,1702A10WIKI0000000000243332,KR,14.4,64,59,61,4.21,0,0
A7338,1702A10WIKI0000000000243677,KR,20.1,64,45,54,4.31,12,6.3
A7339,1702A10WIKI0000000000243863,KR,19.5,65,52,58,5.15,0,0
A7340,1702A10WIKI0000000000243625,KR,19.9,60,44,52,4.23,0,0
A7341,1702A10WIKI0000000000244063,MB,13.7,72,58,65,4.55,0,0
A7342,1702A10WIKI0000000000244068,BNS,13.5,84,66,75,5.25,23,12
A7343,1702A10WIKI0000000000243627,MR,18.6,72,54,63,5.8,0,0
A7344,1702A10WIKI0000000000244042,KR,16.4,59,40,49,3.09,0,0
A7345,1702A10WIKI0000000000243553,MR,19.6,65,46,55,4.66,0,0
A7346,1702A10WIKI0000000000251728,MR,20,81,59,70,7.7,0,0
A7347,1702A10WIKI0000000000243615,KR,20,75,59,67,7.05,0,0
A7348,1702A10WIKI0000000000252483,MR,15.1,92,76,84,8.15,12,2.6
A7349,1702A10WIKI0000000000252384,MR,15.8,75,60,67,5.57,0,0
A7350,1702A10WIKI0000000000251852,MR,19,87,67,77,8.85,0,0
A7351,1702A10WIKI0000000000244020,KR,17.7,80,60,70,6.81,0,0
A7352,1702A10WIKI0000000000243810,KR,17.2,65,46,55,4.09,0,0
A7353,1702A10WIKI0000000000243542,MR,15.7,57,43,50,3.08,0,0
A7354,1702A10WIKI0000000000243527,MR,16.9,55,41,48,2.68,15,12.4
A7355,1702A10WIKI0000000000243974,KR,17.8,67,54,60,5.03,0,0
A7356,1702A10WIKI0000000000243843,KR,16.8,70,50,60,4.75,0,0
A7357,1702A10WIKI0000000000252528,MR,17.5,80,60,70,6.73,0,0
A7358,1702A10WIKI0000000000243672,MR,14.3,66,51,58,3.78,0,0
A7359,1702A10WIKI0000000000252235,MR,20.4,76,52,64,6.56,0,0
A7360,1702A10WIKI0000000000243921,MR,16.7,67,52,59,4.57,0,0
A7361,1702A10WIKI0000000000243912,MR,18.9,62,42,52,4.01,0,0
A7362,1702A10WIKI0000000000243734,MR,17,60,40,50,3.34,0,0
A7363,1702A10WIKI0000000000243715,MR,13,62,55,58,3.1,16,9.7
A7364,1702A10WIKI0000000000243612,MR,17,55,42,48,3.08,0,0
A7365,1702A10WIKI0000000000243346,MR,19.2,71,56,63,5.29,19,11.6
A7366,1702A10WIKI0000000000243440,MR,13.7,71,60,65,4.55,0,0
A7367,1702A10WIKI0000000000243709,MR,16.8,60,44,52,3.57,0,0
A7368,1702A10WIKI0000000000251955,MR,13.8,76,68,72,5.62,0,0
A7369,1702A10WIKI0000000000252410,MR,19.6,70,51,60,5.54,0,0
A7370,1702A10WIKI0000000000252065,MR,18.8,70,54,62,5.68,0,0
A7371,1702A10WIKI0000000000251855,MR,20.7,72,48,60,5.85,0,0
A7372,1702A10WIKI0000000000251904,MR,21.6,76,53,64,6.95,0,0
A7373,1702A10WIKI0000000000244039,MR,22.3,66,47,56,5.49,0,0
A7374,1702A10WIKI0000000000243455,MR,14.6,67,56,61,4.27,0,0
A7375,1702A10WIKI0000000000252268,MR,18,80,57,68,6.54,0,0
A7376,1702A10WIKI0000000000243558,MR,17.3,69,56,62,5.22,0,0
A7377,1702A10WIKI0000000000244010,MR,13.2,80,64,72,5.37,0,0
A7378,1702A10WIKI0000000000243623,MR,13.9,65,53,59,3.8,0,0
A7379,1702A10WIKI0000000000243834,MR,15.3,57,48,52,3.25,0,0
A7380,1702A10WIKI0000000000243659,MR,13.9,64,50,57,3.55,0,0
A7381,1702A10WIKI0000000000243535,MR,17,68,52,60,4.81,0,0
A7382,1702A10WIKI0000000000243787,MR,17.5,70,54,62,5.28,0,0
A7383,1702A10WIKI0000000000260518,MB,15.4,60,50,55,3.51,10,4.2
A7384,1702A10WIKI0000000000260787,MB,11.6,80,69,74,4.99,0,0
A7385,1702A10WIKI0000000000260344,MR,17.8,98,82,90,11.32,0,0
A7386,1702A10WIKI0000000000261076,KR,20,72,59,65,6.64,0,0
A7387,1702A10WIKI0000000000260528,KR,18.5,105,75,90,11.77,0,0
A7388,1702A10WIKI0000000000260170,KR,19.9,88,67,77,9.27,0,0
A7389,1702A10WIKI0000000000260693,KR,11.6,77,70,73,4.86,0,0
A7390,1702A10WIKI0000000000260558,KR,12.6,101,77,89,7.84,0,0
A7391,1702A10WIKI0000000000260977,KR,22.4,65,43,54,5.13,0,0
A7392,1702A10WIKI0000000000261046,KR,21.6,58,40,49,4.07,0,0
A7393,1702A10WIKI0000000000260795,MR,12.7,67,59,63,3.96,0,0
A7394,1702A10WIKI0000000000260644,MR,11.2,59,51,55,2.66,0,0
A7395,1702A10WIKI0000000000260773,KR,16.9,63,48,55,4.02,0,0
A7396,1702A10WIKI0000000000260663,KR,10.8,52,40,46,1.79,0,0
A7397,1702A10WIKI0000000000260444,KR,14.2,64,53,58,3.75,0,0
A7398,1702A10WIKI0000000000260737,KR,18.5,68,50,59,5.06,0,0
A7399,1702A10WIKI0000000000260645,KR,20.9,63,43,53,4.61,0,0
A7400,1702A10WIKI0000000000260230,KR,23,73,49,61,6.72,0,0
A7401,1702A10WIKI0000000000260874,KR,22.9,70,52,61,6.69,0,0
A7402,1702A10WIKI0000000000260894,MR,22.7,76,50,63,7.08,0,0
A7403,1702A10WIKI0000000000260938,MR,12.3,54,46,50,2.42,0,0
A7404,1702A10WIKI0000000000260692,MB,21,77,58,67,6.86,16,7.3
A7405,1702A10WIKI0000000000260404,MB,13.8,60,46,53,2.69,16,11.6
A7406,1702A10WIKI0000000000260655,MR,13.4,64,54,59,3.66,0,0
A7407,1702A10WIKI0000000000260824,MR,18.1,66,53,59,4.95,0,0
A7408,1702A10WIKI0000000000260665,MR,21.3,70,51,60,6.02,0,0
A7409,1702A10WIKI0000000000260241,MR,19,82,63,72,7.74,0,0
A7410,1702A10WIKI0000000000260181,KR,12.5,51,40,45,1.99,0,0
A7411,1702A10WIKI0000000000260755,KR,14,50,40,45,2.23,0,0
A7412,1702A10WIKI0000000000261062,KR,11.3,50,40,45,1.8,0,0
A7413,1702A10WIKI0000000000260273,KR,13,51,40,45,2.07,0,0
A7414,1702A10WIKI0000000000260358,KR,12.5,52,40,46,2.08,0,0
A7415,1702A10WIKI0000000000260517,MB,16,53,40,46,2.66,0,0
A7416,1702A10WIKI0000000000261011,KR,13.4,50,45,47,2.32,0,0
A7417,1702A10WIKI0000000000260365,MR,22.1,60,42,51,4.51,0,0
A7418,1702A10WIKI0000000000260363,KR,16.1,68,50,59,4.4,0,0
A7419,1702A10WIKI0000000000260505,MR,21.7,85,60,72,8.84,0,0
A7420,1702A10WIKI0000000000260844,MR,19,98,76,87,11.29,0,0
A7421,1702A10WIKI0000000000260583,MR,20.4,70,57,63,6.36,0,0
A7422,1702A10WIKI0000000000260671,MB,14.3,130,102,116,15.11,0,0
A7423,1702A10WIKI0000000000261016,MR,9.4,86,74,80,4.35,20,8
A7424,1702A10WIKI0000000000260369,MR,13.5,78,58,68,4.9,0,0
A7425,1702A10WIKI0000000000261052,MR,20.4,93,60,76,9.25,0,0
A7426,1702A10WIKI0000000000261001,MR,16.7,62,47,54,3.22,19,15.8
A7427,1702A10WIKI0000000000260434,MR,14.9,65,44,54,3.41,0,0
A7428,1702A10WIKI0000000000260856,MR,16.8,58,48,53,3.71,0,0
A7429,1702A10WIKI0000000000261048,MR,18.6,90,63,76,7.7,20,8.8
A7430,1702A10WIKI0000000000260617,MR,19.3,98,66,82,10.19,0,0
A7431,1702A10WIKI0000000000260479,MR,14.2,61,51,56,3.35,10,4.1
A7432,1702A10WIKI0000000000260527,MR,19.7,69,44,56,4.85,0,0
A7433,1702A10WIKI0000000000260177,MR,20.1,57,45,51,4.11,0,0
A7434,1702A10WIKI0000000000260452,MR,19.8,76,57,66,6.77,0,0
A7435,1702A10WIKI0000000000260564,MR,22,91,65,78,10.51,0,0
A7436,1702A10WIKI0000000000260662,MR,18.6,61,43,52,3.95,0,0
A7437,1702A10WIKI0000000000260869,KR,20.8,66,45,55,4.94,0,0
A7438,1702A10WIKI0000000000260863,KR,18.1,67,48,57,4.62,0,0
A7439,1702A10WIKI0000000000260246,MR,17.3,58,46,52,3.67,0,0
A7440,1702A10WIKI0000000000260987,MR,18.7,64,50,57,4.77,0,0
A7441,1702A10WIKI0000000000260789,MR,12.6,71,56,63,3.93,0,0
A7442,1702A10WIKI0000000000260937,MR,16.6,64,48,56,4.09,0,0
A7443,1702A10WIKI0000000000260286,MR,17.3,54,40,47,3,0,0
A7444,1702A10WIKI0000000000260512,MR,19,57,42,49,3.58,0,0
A7445,1702A10WIKI0000000000260337,MR,14.9,61,52,56,3.67,0,0
A7446,1702A10WIKI0000000000260345,MR,20,62,47,54,4.58,0,0
A7447,1702A10WIKI0000000000260667,MR,17.9,71,48,59,4.89,0,0
A7448,1702A10WIKI0000000000260849,MR,17,62,45,53,3.75,0,0
A7449,1702A10WIKI0000000000260734,MR,18.1,87,65,76,8.21,0,0
A7450,1702A10WIKI0000000000260750,MR,18.8,62,51,56,4.63,0,0
A7451,1702A10WIKI0000000000261075,KR,15,60,52,56,3.69,0,0
A7452,1702A10WIKI0000000000260656,MR,18.2,70,49,59,4.98,0,0
A7453,1702A10WIKI0000000000260240,MR,13.8,59,42,50,2.71,0,0
A7454,1702A10WIKI0000000000260450,MR,15.3,77,61,69,5.72,0,0
A7455,1702A10WIKI0000000000260299,MR,17.8,79,59,69,6.66,0,0
A7456,1702A10WIKI0000000000260641,MR,18.7,65,48,56,4.61,0,0
A7457,1702A10WIKI0000000000261049,KR,21.3,69,45,57,5.44,0,0
A7458,1702A10WIKI0000000000259666,MR,22.7,66,51,58,6,0,0
A7459,1702A10WIKI0000000000255245,MR,15.8,64,55,59,4.32,0,0
A7460,1702A10WIKI0000000000259653,MR,19.7,69,48,58,5.2,0,0
A7461,1702A10WIKI0000000000254792,MR,18.2,60,43,51,3.72,0,0
A7462,1702A10WIKI0000000000255201,MR,9.7,61,51,56,2.39,0,0
A7463,1702A10WIKI0000000000254892,MR,12.6,62,50,56,3.1,0,0
A7464,1702A10WIKI0000000000254993,MR,13.3,55,47,51,2.46,14,9.6
A7465,1702A10WIKI0000000000260051,MR,12.6,75,62,68,4.58,0,0
A7466,1702A10WIKI0000000000259505,MR,17.4,72,55,63,5.42,0,0
A7467,1702A10WIKI0000000000259804,MR,17.8,71,51,61,5.2,0,0
A7468,1702A10WIKI0000000000259434,MR,18.8,70,53,61,5.49,0,0
A7469,1702A10WIKI0000000000259503,MR,18.4,71,52,61,5.38,0,0
A7470,1702A10WIKI0000000000259353,MR,14.9,90,73,81,7.68,0,0
A7471,1702A10WIKI0000000000259701,MR,17.2,75,50,62,5.19,0,0
A7472,1702A10WIKI0000000000259954,MR,19.6,75,58,66,6.71,0,0
A7473,1702A10WIKI0000000000254911,MR,17.1,60,43,51,3.32,10,4.9
A7474,1702A10WIKI0000000000255412,MR,13.7,62,46,54,3.14,0,0
A7475,1702A10WIKI0000000000255085,MR,15,62,44,53,3.31,0,0
A7476,1702A10WIKI0000000000259708,MR,19.1,72,60,66,6.53,0,0
A7477,1702A10WIKI0000000000259428,MR,14.7,82,75,78,7.02,0,0
A7478,1702A10WIKI0000000000255624,MR,11.6,75,64,69,4.34,0,0
A7479,1702A10WIKI0000000000255107,MR,15.3,60,45,52,3.25,0,0
A7480,1702A10WIKI0000000000255190,MR,18.3,60,47,53,4.04,0,0
A7481,1702A10WIKI0000000000255144,MR,15.5,57,42,49,2.92,0,0
A7482,1702A10WIKI0000000000254824,MR,16.3,61,48,54,3.73,0,0
A7483,1702A10WIKI0000000000259928,MR,17,80,64,72,6.92,0,0
A7484,1702A10WIKI0000000000259879,MR,16.8,85,64,74,7.23,0,0
A7485,1702A10WIKI0000000000260061,MR,20.7,58,50,54,4.74,0,0
A7486,1702A10WIKI0000000000255377,MR,12.1,55,46,50,2.38,0,0
A7487,1702A10WIKI0000000000259832,MR,20.5,65,50,57,5.23,0,0
A7488,1702A10WIKI0000000000254983,MR,13.7,70,58,64,4.41,0,0
A7489,1702A10WIKI0000000000260058,MR,22.3,79,60,69,8.34,0,0
A7490,1702A10WIKI0000000000259439,MR,21,67,46,56,5.17,0,0
A7491,1702A10WIKI0000000000259816,MR,17.9,79,62,70,6.89,0,0
A7492,1702A10WIKI0000000000259570,MR,14.6,77,65,71,5.78,0,0
A7493,1702A10WIKI0000000000259856,MR,18,73,55,64,5.79,0,0
A7494,1702A10WIKI0000000000255585,MR,13.4,68,60,64,4.31,0,0
A7495,1702A10WIKI0000000000259698,MR,22.3,69,42,55,5.3,0,0
A7496,1702A10WIKI0000000000259437,MR,21.1,77,60,68,7.66,0,0
A7497,1702A10WIKI0000000000255128,MR,18.3,61,41,51,3.74,0,0
A7498,1702A10WIKI0000000000255588,MR,15.1,58,51,54,3.46,0,0
A7499,1702A10WIKI0000000000255272,MR,11.6,60,53,56,2.86,0,0
A7500,1702A10WIKI0000000000255026,MR,8.5,90,78,84,4.49,16,4.6
A7501,1702A10WIKI0000000000254866,MR,15.2,63,50,56,3.74,0,0
A7502,1702A10WIKI0000000000255016,MR,15.8,65,54,59,4.32,0,0
A7503,1702A10WIKI0000000000259904,MR,16.4,86,60,73,6.86,0,0
A7504,1702A10WIKI0000000000260156,MR,15.8,90,76,83,8.55,0,0
A7505,1702A10WIKI0000000000259489,MR,19.5,77,57,67,6.88,0,0
A7506,1702A10WIKI0000000000259422,MR,20.1,81,60,70,7.74,0,0
A7507,1702A10WIKI0000000000254884,MR,14.7,67,49,58,3.88,0,0
A7508,1702A10WIKI0000000000260117,MR,21.9,88,60,74,9.42,0,0
A7509,1702A10WIKI0000000000259910,MR,20.6,82,67,74,8.86,0,0
A7510,1702A10WIKI0000000000260103,MR,20.7,64,50,57,5.28,0,0
A7511,1702A10WIKI0000000000259629,MR,21.8,68,44,56,5.37,0,0
A7512,1702A10WIKI0000000000255390,MR,12.3,70,62,66,4.21,0,0
A7513,1702A10WIKI0000000000255373,MR,11.4,62,48,55,2.71,0,0
A7514,1702A10WIKI0000000000259794,MR,18.7,91,69,80,9.4,0,0
A7515,1702A10WIKI0000000000259971,MR,17.9,71,52,61,5.23,0,0
A7516,1702A10WIKI0000000000255565,MR,15.8,60,43,51,3.23,0,0
A7517,1702A10WIKI0000000000259772,MR,22.2,65,45,55,5.05,10,4.2
A7518,1702A10WIKI0000000000259337,MR,16.9,91,82,86,9.82,0,0
A7519,1702A10WIKI0000000000259815,MR,17.5,100,72,86,9.72,16,4.4
A7520,1702A10WIKI0000000000259642,MR,20.6,83,56,69,7.7,0,0
A7521,1702A10WIKI0000000000255275,MR,16,60,50,55,3.8,0,0
A7522,1702A10WIKI0000000000259421,MR,15.6,75,63,69,5.83,0,0
A7523,1702A10WIKI0000000000254882,MR,14.4,68,58,63,4.49,0,0
A7524,1702A10WIKI0000000000254822,MR,17.3,58,44,51,3.53,0,0
A7525,1702A10WIKI0000000000255450,MR,19.6,59,42,50,3.06,20,20.4
A7526,1702A10WIKI0000000000255521,MR,14.7,69,56,62,4.44,0,0
A7527,1702A10WIKI0000000000255485,MR,14.5,62,50,56,3.57,0,0
A7528,1702A10WIKI0000000000255560,MR,12.4,69,58,63,3.87,0,0
A7529,1702A10WIKI0000000000260003,MR,16.9,75,61,68,6.14,0,0
A7530,1702A10WIKI0000000000259429,MR,15.5,78,66,72,6.31,0,0
A7531,1702A10WIKI0000000000259490,MR,17.1,69,50,59,4.68,0,0
A7532,1702A10WIKI0000000000260102,MR,13.5,72,60,66,4.62,0,0
A7533,1702A10WIKI0000000000255035,KR,19.8,70,54,62,5.98,0,0
A7534,1702A10WIKI0000000000254883,MR,11.7,66,50,58,3.09,0,0
A7535,1702A10WIKI0000000000260149,MR,15.5,80,60,70,5.97,0,0
A7536,1702A10WIKI0000000000259543,MR,19.3,70,52,61,5.64,0,0
A7537,1702A10WIKI0000000000259566,MR,23.6,70,51,60,6.67,0,0
A7538,1702A10WIKI0000000000255159,MR,12.2,56,49,52,2.59,0,0
A7539,1702A10WIKI0000000000255232,MR,16.5,64,51,57,4.21,0,0
A7540,1702A10WIKI0000000000259339,MR,19.4,66,49,57,4.95,0,0
A7541,1702A10WIKI0000000000259527,MR,17.3,65,52,58,4.57,0,0
A7542,1702A10WIKI0000000000255401,BNS,12.3,150,128,139,17.56,30,5.9
A7543,1702A10WIKI0000000000260290,KR,10.7,73,66,69,4,0,0
A7544,1702A10WIKI0000000000250737,KR,12.9,93,75,84,7.15,0,0
A7545,1702A10WIKI0000000000260612,KR,11.9,50,47,48,2.03,10,5.5
A7546,1702A10WIKI0000000000257586,MB,12.3,66,55,60,3.3,12,5.1
A7547,1702A10WIKI0000000000257789,MB,12.8,72,50,61,3.74,0,0
A7548,1702A10WIKI0000000000260659,MB,16,54,44,49,3.02,0,0
A7549,1702A10WIKI0000000000260629,KR,12.3,63,43,53,2.71,0,0
A7550,1702A10WIKI0000000000260298,KR,19.4,57,45,51,3.96,0,0
A7551,1702A10WIKI0000000000250304,KR,17.9,78,58,68,6.5,0,0
A7552,1702A10WIKI0000000000260458,KR,21.8,59,46,52,4.63,0,0
A7553,1702A10WIKI0000000000260265,KR,15.7,54,40,47,2.72,0,0
A7554,1702A10WIKI0000000000260443,KR,14.3,57,40,48,2.59,0,0
A7555,1702A10WIKI0000000000260600,MR,20.4,62,46,54,4.67,0,0
A7556,1702A10WIKI0000000000250523,KR,21.8,70,50,60,6.16,0,0
A7557,1702A10WIKI0000000000260963,MR,16.9,71,51,61,4.94,0,0
A7558,1702A10WIKI0000000000261030,MR,12.6,68,62,65,4.18,0,0
A7559,1702A10WIKI0000000000260911,MR,22.7,80,62,71,8.99,0,0
A7560,1702A10WIKI0000000000260403,MR,15.7,58,42,50,3.08,0,0
A7561,1702A10WIKI0000000000260785,MR,18.6,95,73,84,10.31,0,0
A7562,1702A10WIKI0000000000260569,KR,13.9,50,41,45,2.21,0,0
A7563,1702A10WIKI0000000000250629,KR,20.3,80,53,66,6.95,0,0
A7564,1702A10WIKI0000000000261002,KR,16.1,69,58,63,5.02,0,0
A7565,1702A10WIKI0000000000250814,KR,20.1,76,52,64,6.47,0,0
A7566,1702A10WIKI0000000000260205,KR,13.2,50,40,45,2.1,0,0
A7567,1702A10WIKI0000000000260271,KR,14.5,58,40,49,2.73,0,0
A7568,1702A10WIKI0000000000257386,MB,13.4,68,56,62,3.66,17,9.6
A7569,1702A10WIKI0000000000257768,MB,16.4,67,57,62,4.01,24,19.1
A7570,1702A10WIKI0000000000260962,MR,18.5,55,40,47,3.21,0,0
A7571,1702A10WIKI0000000000257461,MB,23.4,80,51,65,7.53,10,3
A7572,1702A10WIKI0000000000260553,MR,17.5,86,66,76,7.94,0,0
A7573,1702A10WIKI0000000000260511,BNS,13.1,68,56,62,3.77,12,4.8
A7574,1702A10WIKI0000000000260968,BNS,14.3,60,43,51,2.92,0,0
A7575,1702A10WIKI0000000000260811,BNS,13.1,66,55,60,3.33,17,10.2
A7576,1702A10WIKI0000000000260287,BNS,12.9,50,41,45,2.05,0,0
A7577,1702A10WIKI0000000000261036,BNS,16.4,56,44,50,2.35,23,26.9
A7578,1702A10WIKI0000000000260947,KR,17.3,57,43,50,3.4,0,0
A7579,1702A10WIKI0000000000260981,KR,18.6,56,42,49,3.51,0,0
A7580,1702A10WIKI0000000000260837,KR,14.9,59,43,51,3.04,0,0
A7581,1702A10WIKI0000000000260274,KR,16.8,60,42,51,3.43,0,0
A7582,1702A10WIKI0000000000260194,KR,18.4,64,49,56,4.53,0,0
A7583,1702A10WIKI0000000000260754,KR,12.9,55,40,47,2.24,0,0
A7584,1702A10WIKI0000000000260626,KR,17.9,50,40,45,2.85,0,0
A7585,1702A10WIKI0000000000260888,KR,13.4,50,40,45,2.13,0,0
A7586,1702A10WIKI0000000000260507,KR,20.4,66,45,55,4.32,16,10.8
A7587,1702A10WIKI0000000000260280,KR,17.9,65,52,58,4.73,0,0
A7588,1702A10WIKI0000000000261080,KR,19.4,62,43,52,4.12,0,0
A7589,1702A10WIKI0000000000260244,KR,16.9,56,44,50,3.32,0,0
A7590,1702A10WIKI0000000000260250,KR,20,56,40,48,3.62,0,0
A7591,1702A10WIKI0000000000260393,KR,20.3,65,46,55,4.82,0,0
A7592,1702A10WIKI0000000000260353,KR,17.5,64,42,53,3.86,0,0
A7593,1702A10WIKI0000000000261005,KR,17.5,52,41,46,2.91,0,0
A7594,1702A10WIKI0000000000260347,KR,17.4,52,40,46,2.89,0,0
A7595,1702A10WIKI0000000000260301,KR,22.2,59,42,50,4.36,0,0
A7596,1702A10WIKI0000000000250308,KR,21.3,73,48,60,6.02,0,0
A7597,1702A10WIKI0000000000250557,KR,21.5,73,51,62,6.49,0,0
A7598,1702A10WIKI0000000000260520,MR,19.4,56,41,48,3.51,0,0
A7599,1702A10WIKI0000000000260896,KR,19.3,74,46,60,5.46,0,0
A7600,1702A10WIKI0000000000260584,KR,19.8,64,46,55,4.7,0,0
A7601,1702A10WIKI0000000000260573,MR,18,56,44,50,3.53,0,0
A7602,1702A10WIKI0000000000257468,MB,17.5,72,60,66,5.48,17,8.4
A7603,1702A10WIKI0000000000260983,MB,14.4,57,43,50,2.83,0,0
A7604,1702A10WIKI0000000000260763,MB,13.9,56,42,49,2.62,0,0
A7605,1702A10WIKI0000000000257601,MB,16.8,60,44,52,3.57,0,0
A7606,1702A10WIKI0000000000260174,MB,12.7,51,43,47,2.2,0,0
A7607,1702A10WIKI0000000000260735,MR,20.3,68,52,60,5.74,0,0
A7608,1702A10WIKI0000000000260652,MR,18.7,78,59,68,6.79,0,0
A7609,1702A10WIKI0000000000260830,MR,12,63,53,58,3.17,0,0
A7610,1702A10WIKI0000000000260328,MR,14.5,66,53,59,3.96,0,0
A7611,1702A10WIKI0000000000260777,MR,18.8,70,49,59,5.14,0,0
A7612,1702A10WIKI0000000000260637,MR,17.1,85,71,78,8.17,0,0
A7613,1702A10WIKI0000000000260498,MR,17.9,84,65,74,7.7,0,0
A7614,1702A10WIKI0000000000260401,MR,17.8,65,48,56,4.38,0,0
A7615,1702A10WIKI0000000000250717,KR,17.7,79,55,67,6.24,0,0
A7616,1702A10WIKI0000000000250132,KR,18,95,70,82,9.51,0,0
A7617,1702A10WIKI0000000000260682,KR,12.9,73,59,66,4.41,0,0
A7618,1702A10WIKI0000000000260996,MR,13.2,65,47,56,3.25,0,0
A7619,1702A10WIKI0000000000260218,MR,18.9,71,54,62,5.02,19,12
A7620,1702A10WIKI0000000000260647,MR,18.6,73,55,64,5.98,0,0
A7621,1702A10WIKI0000000000260485,MR,16.9,65,44,54,3.87,0,0
A7622,1702A10WIKI0000000000261039,KR,15.2,52,40,46,2.53,0,0
A7623,1702A10WIKI0000000000260313,MR,12.9,60,50,55,3.06,0,0
A7624,1702A10WIKI0000000000260769,KR,15.2,50,40,45,2.42,0,0
A7625,1702A10WIKI0000000000258091,MB,15.2,68,54,61,4.44,0,0
A7626,1702A10WIKI0000000000257520,MB,19.2,65,48,56,4.73,0,0
A7627,1702A10WIKI0000000000260929,MR,21,66,40,53,4.63,0,0
A7628,1702A10WIKI0000000000260970,MR,17.1,76,60,68,6.21,0,0
A7629,1702A10WIKI0000000000260999,MR,18.3,61,42,51,3.74,0,0
A7630,1702A10WIKI0000000000257513,MB,18.9,65,49,57,4.82,0,0
A7631,1702A10WIKI0000000000260233,MR,19.1,77,59,68,6.94,0,0
A7632,1702A10WIKI0000000000257914,MB,17,69,58,63,5.3,0,0
A7633,1702A10WIKI0000000000260615,MB,16.3,57,47,52,3.18,13,8
A7634,1702A10WIKI0000000000260614,MR,17.9,69,53,61,5.23,0,0
A7635,1702A10WIKI0000000000260448,MR,17.3,60,49,54,3.96,0,0
A7636,1702A10WIKI0000000000260324,MR,16.6,64,55,59,4.54,0,0
A7637,1702A10WIKI0000000000260998,MR,15.1,66,50,58,3.99,0,0
A7638,1702A10WIKI0000000000260348,MR,14.5,69,45,57,3.7,0,0
A7639,1702A10WIKI0000000000250363,KR,22.2,78,55,66,7.6,0,0
A7640,1702A10WIKI0000000000260621,KR,20.2,66,42,54,4.63,0,0
A7641,1702A10WIKI0000000000260648,MR,21.2,93,63,78,10.13,0,0
A7642,1702A10WIKI0000000000260355,MR,14.9,60,46,53,3.29,0,0
A7643,1702A10WIKI0000000000260325,KR,15,74,58,66,5.13,0,0
A7644,1702A10WIKI0000000000250654,KR,21,92,58,75,9.28,0,0
A7645,1702A10WIKI0000000000250043,KR,21,67,53,60,5.94,0,0
A7646,1702A10WIKI0000000000260624,KR,21.5,65,45,55,5.11,0,0
A7647,1702A10WIKI0000000000250215,KR,18.9,82,59,70,7.27,0,0
A7648,1702A10WIKI0000000000250167,KR,20.8,76,52,64,6.69,0,0
A7649,1702A10WIKI0000000000250821,KR,20.5,75,54,64,6.59,0,0
A7650,1702A10WIKI0000000000250551,KR,21.6,65,52,58,5.71,0,0
A7651,1702A10WIKI0000000000260488,MR,21.7,78,54,66,6.8,17,8.4
A7652,1702A10WIKI0000000000260805,MR,18,92,78,85,9.5,20,7
A7653,1702A10WIKI0000000000257556,MB,17.6,63,52,57,4.15,14,7.7
A7654,1702A10WIKI0000000000260631,MR,20.7,77,60,68,7.11,14,5.4
A7655,1702A10WIKI0000000000260758,BNS,17,70,52,61,4.35,19,12.4
A7656,1702A10WIKI0000000000260859,MR,15.4,78,63,70,5.93,0,0
A7657,1702A10WIKI0000000000260327,MR,14.3,64,55,59,3.91,0,0
A7658,1702A10WIKI0000000000260176,MR,20.7,79,55,67,7.3,0,0
A7659,1702A10WIKI0000000000260661,MR,21,82,63,72,8.55,0,0
A7660,1702A10WIKI0000000000260446,MR,11.8,100,90,95,8.06,16,3.6
A7661,1702A10WIKI0000000000260768,BNS,17.3,71,61,66,5.92,0,0
A7662,1702A10WIKI0000000000260163,MR,19.1,80,59,69,7.14,0,0
A7663,1702A10WIKI0000000000260162,MR,23.1,72,53,62,6.97,0,0
A7664,1702A10WIKI0000000000260820,MR,20.5,60,50,55,4.87,0,0
A7665,1702A10WIKI0000000000260225,KR,21.5,60,52,56,4.26,22,19.6
A7666,1702A10WIKI0000000000250561,KR,19.5,92,67,79,9.56,0,0
A7667,1702A10WIKI0000000000260875,KR,17.9,65,46,55,4.25,0,0
A7668,1702A10WIKI0000000000260807,KR,21.5,62,42,52,4.57,0,0
A7669,1702A10WIKI0000000000260905,KR,18.2,62,46,54,4.17,0,0
A7670,1702A10WIKI0000000000260276,KR,17.2,62,48,55,4.09,0,0
A7671,1702A10WIKI0000000000260940,MR,21.7,70,50,60,6.14,0,0
A7672,1702A10WIKI0000000000260845,KR,17.9,68,54,61,4.65,18,11.1
A7673,1702A10WIKI0000000000260866,KR,18.8,60,41,50,3.69,0,0
A7674,1702A10WIKI0000000000250632,KR,21.7,72,52,62,6.55,0,0
A7675,1702A10WIKI0000000000260483,KR,22.4,68,45,56,5.52,0,0
A7676,1702A10WIKI0000000000260978,KR,17.7,59,45,52,3.76,0,0
A7677,1702A10WIKI0000000000260378,KR,18.7,63,46,54,4.28,0,0
A7678,1702A10WIKI0000000000260781,MR,11.1,85,70,77,5.17,0,0
A7679,1702A10WIKI0000000000258178,MB,14.5,70,61,65,4.05,23,15.9
A7680,1702A10WIKI0000000000260165,MR,17,72,59,65,5.35,13,5.1
A7681,1702A10WIKI0000000000257306,MB,17.6,71,60,65,4.91,23,15.9
A7682,1702A10WIKI0000000000258010,MB,17,63,48,55,3.75,13,7.1
A7683,1702A10WIKI0000000000257886,MB,20.1,85,60,72,7.98,10,2.5
A7684,1702A10WIKI0000000000260329,BNS,18.1,64,48,56,4.46,0,0
A7685,1702A10WIKI0000000000260928,BNS,19.3,62,40,51,3.94,0,0
A7686,1702A10WIKI0000000000260966,MR,19.1,62,44,53,4.21,0,0
A7687,1702A10WIKI0000000000257395,MB,16.4,77,60,68,5.96,0,0
A7688,1702A10WIKI0000000000260598,MR,17.9,62,47,54,4.1,0,0
A7689,1702A10WIKI0000000000260257,KR,14.5,63,44,53,3.2,0,0
A7690,1702A10WIKI0000000000260733,KR,20.4,62,42,52,4.33,0,0
A7691,1702A10WIKI0000000000257898,MB,17.7,60,45,52,3.76,0,0
A7692,1702A10WIKI0000000000260316,MB,15.9,61,41,51,3.09,10,4.9
A7693,1702A10WIKI0000000000257383,MB,18.2,62,44,53,3.79,11,5.5
A7694,1702A10WIKI0000000000257779,MB,15.8,60,46,53,3.49,0,0
A7695,1702A10WIKI0000000000261034,KR,13.6,54,43,48,2.46,0,0
A7696,1702A10WIKI0000000000250794,MR,13.4,73,64,68,4.87,0,0
A7697,1702A10WIKI0000000000250233,KR,18,69,56,62,5.17,12,4.8
A7698,1702A10WIKI0000000000250248,KR,12.9,85,72,78,6.16,0,0
A7699,1702A10WIKI0000000000250234,KR,15.3,81,62,71,6.06,0,0
A7700,1702A10WIKI0000000000250223,KR,15.7,78,62,70,5.64,16,6.7
A7701,1702A10WIKI0000000000250839,KR,15,67,52,59,4.1,0,0
A7702,1702A10WIKI0000000000250258,KR,20.5,57,40,48,3.71,0,0
A7703,1702A10WIKI0000000000250282,KR,21.3,64,42,53,4.7,0,0
A7704,1702A10WIKI0000000000250381,KR,22.7,65,42,53,5.01,0,0
A7705,1702A10WIKI0000000000250587,KR,17.2,72,57,64,5.53,0,0
A7706,1702A10WIKI0000000000250571,KR,22.1,69,45,57,5.64,0,0
A7707,1702A10WIKI0000000000250447,KR,16.3,72,53,62,4.92,0,0
A7708,1702A10WIKI0000000000250452,KR,21.9,61,47,54,5.02,0,0
A7709,1702A10WIKI0000000000250409,KR,19.2,66,50,58,5.07,0,0
A7710,1702A10WIKI0000000000250841,KR,13.3,80,68,74,5.72,0,0
A7711,1702A10WIKI0000000000250560,KR,11.5,80,72,76,4.8,19,8
A7712,1702A10WIKI0000000000250120,MR,15.6,74,60,67,5.24,13,4.8
A7713,1702A10WIKI0000000000250327,MR,20.6,65,44,54,4.72,0,0
A7714,1702A10WIKI0000000000250064,MR,14.9,60,48,54,3.41,0,0
A7715,1702A10WIKI0000000000250320,MR,11.6,61,59,60,3.28,0,0
A7716,1702A10WIKI0000000000250691,MR,19.2,92,62,77,8.94,0,0
A7717,1702A10WIKI0000000000255356,BNS,23.1,110,74,92,14.53,19,5.4
A7718,1702A10WIKI0000000000250690,MR,22.7,88,60,74,9.76,0,0
A7719,1702A10WIKI0000000000250106,MR,12.7,78,62,70,4.89,0,0
A7720,1702A10WIKI0000000000250413,MR,15.8,92,76,84,8.76,0,0
A7721,1702A10WIKI0000000000250264,MR,14.7,80,50,65,4.88,0,0
A7722,1702A10WIKI0000000000250042,MR,9.5,85,79,82,4.92,10,1.9
A7723,1702A10WIKI0000000000250246,MR,11.1,75,63,69,4.15,0,0
A7724,1702A10WIKI0000000000250385,MR,17.7,55,40,47,3.07,0,0
A7725,1702A10WIKI0000000000250476,MR,17.7,59,43,51,3.62,0,0
A7726,1702A10WIKI0000000000255292,BNS,12.3,102,94,98,9.28,0,0
A7727,1702A10WIKI0000000000254995,BNS,16.8,58,42,50,3.3,0,0
A7728,1702A10WIKI0000000000255577,BNS,11.2,100,88,94,6.4,35,17.6
A7729,1702A10WIKI0000000000250144,MR,12.9,57,50,53,2.85,0,0
A7730,1702A10WIKI0000000000255426,BNS,16.7,61,54,57,3.59,20,15.7
A7731,1702A10WIKI0000000000255499,BNS,21.3,70,51,60,6.02,0,0
A7732,1702A10WIKI0000000000250257,MR,17.8,72,51,61,5.2,0,0
A7733,1702A10WIKI0000000000250301,MR,15.7,102,83,92,10.44,0,0
A7734,1702A10WIKI0000000000250777,MR,14.2,120,101,110,13.49,0,0
A7735,1702A10WIKI0000000000250249,KR,15.6,85,74,79,7.02,20,8.2
A7736,1702A10WIKI0000000000250837,KR,9.8,105,88,96,6.85,16,3.5
A7737,1702A10WIKI0000000000250500,KR,13.1,92,84,88,7.97,0,0
A7738,1702A10WIKI0000000000250431,MR,16.2,59,43,51,3.31,0,0
A7739,1702A10WIKI0000000000250153,MR,15.7,74,60,67,5.54,0,0
A7740,1702A10WIKI0000000000250423,MR,13.6,63,47,55,3.23,0,0
A7741,1702A10WIKI0000000000255387,MB,15,71,53,62,3.66,24,19.1
A7742,1702A10WIKI0000000000250652,KR,14,62,50,56,3.45,0,0
A7743,1702A10WIKI0000000000255178,BNS,21,77,58,67,7.4,0,0
A7744,1702A10WIKI0000000000250357,KR,18.9,97,77,87,10.15,24,9.7
A7745,1702A10WIKI0000000000250653,MR,22.8,78,56,67,8.04,0,0
A7746,1702A10WIKI0000000000250372,MR,11.5,115,105,110,10.93,0,0
A7747,1702A10WIKI0000000000250116,MR,10.1,55,50,52,2.14,0,0
A7748,1702A10WIKI0000000000250306,MR,14.3,59,48,53,3.15,0,0
A7749,1702A10WIKI0000000000255381,BNS,15.2,70,54,62,4.2,16,8.5
A7750,1702A10WIKI0000000000250134,MR,21.1,71,52,61,6.17,0,0
A7751,1702A10WIKI0000000000250722,MR,17.2,63,48,55,4.09,0,0
A7752,1702A10WIKI0000000000250495,MR,17.4,62,44,53,3.84,0,0
A7753,1702A10WIKI0000000000250369,MR,16,61,50,55,3.8,0,0
A7754,1702A10WIKI0000000000250325,MR,22,73,50,61,6.43,0,0
A7755,1702A10WIKI0000000000250057,MR,14,66,52,59,3.83,0,0
A7756,1702A10WIKI0000000000250852,MR,13.2,84,66,75,5.83,0,0
A7757,1702A10WIKI0000000000250089,MR,21,88,68,78,9.43,17,6
A7758,1702A10WIKI0000000000250767,MR,19.7,66,47,56,4.85,0,0
A7759,1702A10WIKI0000000000250803,MR,12.4,70,58,64,3.99,0,0
A7760,1702A10WIKI0000000000250642,MR,10.9,82,69,75,4.82,0,0
A7761,1702A10WIKI0000000000250778,MR,19.8,67,45,56,4.68,10,4.1
A7762,1702A10WIKI0000000000255069,MB,17.9,77,52,64,5.58,10,3.1
A7763,1702A10WIKI0000000000254880,MB,17.3,85,70,77,7.49,18,7
A7764,1702A10WIKI0000000000250457,MR,12.1,90,76,83,6.55,0,0
A7765,1702A10WIKI0000000000250683,MR,11.2,70,64,67,3.95,0,0
A7766,1702A10WIKI0000000000250080,MR,14.1,56,45,50,2.77,0,0
A7767,1702A10WIKI0000000000250619,MR,14.2,84,74,79,6.96,0,0
A7768,1702A10WIKI0000000000250284,MR,18,82,58,70,6.93,0,0
A7769,1702A10WIKI0000000000250350,MR,19.3,62,52,57,4.92,0,0
A7770,1702A10WIKI0000000000255106,BNS,16.7,60,42,51,3.08,14,9.6
A7771,1702A10WIKI0000000000250047,MR,21.4,65,52,58,5.65,0,0
A7772,1702A10WIKI0000000000250400,MR,14.7,59,44,51,2.83,11,5.9
A7773,1702A10WIKI0000000000250488,MR,18.6,67,57,62,5.62,0,0
A7774,1702A10WIKI0000000000250194,MR,16.9,70,56,63,5.27,0,0
A7775,1702A10WIKI0000000000250280,MR,15.4,78,65,71,5.88,12,3.6
A7776,1702A10WIKI0000000000250483,MR,16.8,60,52,56,4.14,0,0
A7777,1702A10WIKI0000000000250062,MR,8.2,65,50,57,2.09,0,0
A7778,1702A10WIKI0000000000250198,MR,13.9,75,62,68,5.05,0,0
A7779,1702A10WIKI0000000000250442,MR,11.7,73,62,67,4.13,0,0
A7780,1702A10WIKI0000000000255244,BNS,23.5,81,63,72,8.8,18,8
A7781,1702A10WIKI0000000000255596,BNS,12.7,108,95,101,10.18,0,0
A7782,1702A10WIKI0000000000255062,BNS,12.4,130,108,119,10.69,50,22.5
A7783,1702A10WIKI0000000000255473,BNS,16.5,122,104,113,16.55,0,0
A7784,1702A10WIKI0000000000250040,KR,17.2,80,60,70,6.62,0,0
A7785,1702A10WIKI0000000000255398,MB,18.7,110,93,101,12.42,37,17.1
A7786,1702A10WIKI0000000000255545,MB,16.2,70,58,64,4.57,20,12.4
A7787,1702A10WIKI0000000000255043,MB,19.9,62,45,53,3.6,20,18.1
A7788,1702A10WIKI0000000000255131,MB,19.1,66,45,55,3.34,25,26.3
A7789,1702A10WIKI0000000000250161,KR,17.4,61,45,53,3.84,0,0
A7790,1702A10WIKI0000000000250534,KR,13.1,64,52,58,3.46,0,0
A7791,1702A10WIKI0000000000255233,BNS,13.3,70,58,64,3.45,25,19.4
A7792,1702A10WIKI0000000000254918,MB,12.6,55,51,53,2.32,19,16.4
A7793,1702A10WIKI0000000000250261,MR,19.4,60,42,51,3.69,12,7
A7794,1702A10WIKI0000000000250675,KR,19.7,58,45,51,4.02,0,0
A7795,1702A10WIKI0000000000250731,KR,15.3,58,45,51,3.13,0,0
A7796,1702A10WIKI0000000000250609,KR,10.2,108,85,96,7.38,0,0
A7797,1702A10WIKI0000000000250670,KR,17.4,62,46,54,3.98,0,0
A7798,1702A10WIKI0000000000250734,KR,17.8,55,43,49,3.36,0,0
A7799,1702A10WIKI0000000000250755,KR,18.1,84,61,72,7.11,12,3.5
A7800,1702A10WIKI0000000000250783,KR,19.5,57,44,50,3.83,0,0
A7801,1702A10WIKI0000000000250313,KR,14.8,57,40,48,2.68,0,0
A7802,1702A10WIKI0000000000250634,KR,14.9,58,44,51,3.04,0,0
A7803,1702A10WIKI0000000000250535,KR,20.6,68,44,56,5.07,0,0
A7804,1702A10WIKI0000000000250065,KR,17.9,60,42,51,3.66,0,0
A7805,1702A10WIKI0000000000250810,KR,17,63,43,53,3.75,0,0
A7806,1702A10WIKI0000000000250060,KR,18.9,69,55,62,5.71,0,0
A7807,1702A10WIKI0000000000250660,KR,17.5,75,53,64,5.63,0,0
A7808,1702A10WIKI0000000000255642,MB,12.3,85,75,80,6.18,0,0
A7809,1702A10WIKI0000000000250066,MR,18.5,79,53,66,6.33,0,0
A7810,1702A10WIKI0000000000250849,MR,10,75,62,68,3.63,0,0
A7811,1702A10WIKI0000000000250356,MR,16.3,93,75,84,9.03,0,0
A7812,1702A10WIKI0000000000250176,MR,12.9,87,72,79,6.32,0,0
A7813,1702A10WIKI0000000000250128,MR,10.3,72,60,66,3.52,0,0
A7814,1702A10WIKI0000000000250514,MR,17.9,76,60,68,6.5,0,0
A7815,1702A10WIKI0000000000250063,MR,14.4,58,47,52,2.85,12,6.8
A7816,1702A10WIKI0000000000250351,MR,9.2,55,45,50,1.81,0,0
A7817,1702A10WIKI0000000000255075,BNS,14.2,74,53,63,4.28,10,3.2
A7818,1702A10WIKI0000000000250433,KR,19.5,60,48,54,4.47,0,0
A7819,1702A10WIKI0000000000254957,BNS,21.9,69,58,63,6.4,14,6.3
A7820,1702A10WIKI0000000000255586,BNS,15.8,66,58,62,4.77,0,0
A7821,1702A10WIKI0000000000250072,MR,18.1,65,50,57,4.62,0,0
A7822,1702A10WIKI0000000000255194,MB,18.5,70,50,60,5.23,0,0
A7823,1702A10WIKI0000000000250414,KR,16.1,57,40,48,2.91,0,0
A7824,1702A10WIKI0000000000250448,MR,17.1,86,47,66,5.85,0,0
A7825,1702A10WIKI0000000000250271,KR,16.1,56,44,50,3.16,0,0
A7826,1702A10WIKI0000000000250178,KR,16,58,47,52,3.4,0,0
A7827,1702A10WIKI0000000000250532,MR,15.4,58,46,52,3.27,0,0
A7828,1702A10WIKI0000000000254913,BNS,11.9,61,50,55,2.83,0,0
A7829,1702A10WIKI0000000000250067,MR,16.8,60,50,55,3.99,0,0
A7830,1702A10WIKI0000000000250321,MR,17.1,70,52,61,5,0,0
A7831,1702A10WIKI0000000000250188,MR,15.4,65,53,59,4.21,0,0
A7832,1702A10WIKI0000000000255607,MB,10.2,90,78,84,4.96,26,12.2
A7833,1702A10WIKI0000000000255114,BNS,11.3,81,77,79,5.54,0,0
A7834,1702A10WIKI0000000000250049,MR,16.2,63,47,55,3.85,0,0
A7835,1702A10WIKI0000000000250655,MR,14.4,66,57,61,4.21,0,0
A7836,1702A10WIKI0000000000250383,MR,16.9,80,56,68,6.14,0,0
A7837,1702A10WIKI0000000000250828,MR,20.5,72,48,60,5.8,0,0
A7838,1702A10WIKI0000000000250296,MR,18.3,62,45,53,4.04,0,0
A7839,1702A10WIKI0000000000250281,MR,16.2,66,47,56,3.99,0,0
A7840,1702A10WIKI0000000000250501,MR,19.4,65,49,57,4.95,0,0
A7841,1702A10WIKI0000000000255099,MB,21,74,51,62,6.09,11,4
A7842,1702A10WIKI0000000000250326,MR,20.9,74,53,63,6.52,0,0
A7843,1702A10WIKI0000000000250830,MR,19.6,66,45,55,4.66,0,0
A7844,1702A10WIKI0000000000250846,MR,19.8,65,47,56,4.88,0,0
A7845,1702A10WIKI0000000000255546,BNS,14.3,75,70,72,4.7,28,19.3
A7846,1702A10WIKI0000000000250077,MR,20,60,40,50,3.93,0,0
A7847,1702A10WIKI0000000000250121,KR,18.8,54,40,47,3.26,0,0
A7848,1702A10WIKI0000000000250155,KR,20.1,60,46,53,4.43,0,0
A7849,1702A10WIKI0000000000250664,KR,21.1,55,41,48,3.82,0,0
A7850,1702A10WIKI0000000000250354,KR,21.5,61,43,52,4.57,0,0
A7851,1702A10WIKI0000000000250715,KR,22.9,76,46,61,6.69,0,0
A7852,1702A10WIKI0000000000250845,KR,16.9,56,40,48,3.06,0,0
A7853,1702A10WIKI0000000000250612,KR,22.2,67,45,56,5.47,0,0
A7854,1702A10WIKI0000000000250686,KR,19.1,60,46,53,4.21,0,0
A7855,1702A10WIKI0000000000250151,KR,17.8,55,40,47,3.09,0,0
A7856,1702A10WIKI0000000000250149,KR,17.1,57,40,48,3.09,0,0
A7857,1702A10WIKI0000000000250721,KR,15,75,50,62,4.53,0,0
A7858,1702A10WIKI0000000000250779,KR,17.4,72,49,60,4.92,0,0
A7859,1702A10WIKI0000000000250331,KR,13.8,76,64,70,4.91,17,7.5
A7860,1702A10WIKI0000000000250685,MR,18.2,62,43,52,3.87,0,0
A7861,1702A10WIKI0000000000250353,KR,22,62,48,55,5.23,0,0
A7862,1702A10WIKI0000000000250335,KR,19.8,65,40,52,4.2,0,0
A7863,1702A10WIKI0000000000250453,MR,19.3,61,46,53,4.26,0,0
A7864,1702A10WIKI0000000000250831,KR,19.9,60,40,50,3.91,0,0
A7865,1702A10WIKI0000000000250720,MR,21.9,70,44,57,5.59,0,0
A7866,1702A10WIKI0000000000255252,MB,16,56,40,48,2.9,0,0
A7867,1702A10WIKI0000000000250238,MR,16.9,55,40,47,2.93,0,0
A7868,1702A10WIKI0000000000250662,MR,18.2,65,41,53,3.66,14,8.9
A7869,1702A10WIKI0000000000250458,MR,15,58,45,51,3.06,0,0
A7870,1702A10WIKI0000000000250243,MR,16.5,55,41,48,2.99,0,0
A7871,1702A10WIKI0000000000255636,MB,13.1,52,40,46,1.88,15,13.5
A7872,1702A10WIKI0000000000250279,KR,21.4,65,45,55,5.08,0,0
A7873,1702A10WIKI0000000000250829,KR,16.8,90,73,81,8.66,0,0
A7874,1702A10WIKI0000000000250622,KR,16.7,57,45,51,3.41,0,0
A7875,1702A10WIKI0000000000250208,KR,14.9,57,40,48,2.7,0,0
A7876,1702A10WIKI0000000000255629,BNS,14.2,67,59,63,3.74,22,15.5
A7877,1702A10WIKI0000000000250608,MR,9.8,55,48,51,2,0,0
A7878,1702A10WIKI0000000000250143,KR,22.9,84,55,69,8.56,0,0
A7879,1702A10WIKI0000000000250160,KR,19.6,60,45,52,4.16,0,0
A7880,1702A10WIKI0000000000250237,KR,18.7,64,47,55,4.44,0,0
A7881,1702A10WIKI0000000000250726,MR,12.9,56,44,50,2.4,10,5.1
A7882,1702A10WIKI0000000000250625,KR,19.2,60,43,51,3.92,0,0
A7883,1702A10WIKI0000000000255480,MB,14.1,54,43,48,2.19,16,14.1
A7884,1702A10WIKI0000000000250469,KR,18.2,70,63,66,6.23,0,0
A7885,1702A10WIKI0000000000250376,MR,21.7,64,46,55,5.16,0,0
A7886,1702A10WIKI0000000000255151,MB,18,56,44,50,3.53,0,0
A7887,1702A10WIKI0000000000250150,KR,19.4,59,42,50,3.81,0,0
A7888,1702A10WIKI0000000000250567,KR,18.2,55,46,50,3.57,0,0
A7889,1702A10WIKI0000000000250209,KR,9.9,57,40,48,1.79,0,0
A7890,1702A10WIKI0000000000250719,KR,20,68,52,60,5.65,0,0
A7891,1702A10WIKI0000000000250380,KR,14.9,58,46,52,3.16,0,0
A7892,1702A10WIKI0000000000255489,MB,15.4,55,42,48,2.63,10,5.5
A7893,1702A10WIKI0000000000250610,MR,16.3,54,41,47,2.83,0,0
A7894,1702A10WIKI0000000000250771,MR,11.8,60,47,53,2.6,0,0
A7895,1702A10WIKI0000000000250516,MR,9.4,55,48,51,1.92,0,0
A7896,1702A10WIKI0000000000250147,MR,9.3,63,54,58,2.46,0,0
A7897,1702A10WIKI0000000000250695,MR,11.3,55,47,51,2.31,0,0
A7898,1702A10WIKI0000000000250471,MR,12.2,60,52,56,2.52,20,16.2
A7899,1702A10WIKI0000000000255370,MB,16.6,60,45,52,3.53,0,0
A7900,1702A10WIKI0000000000255165,MB,19.4,72,58,65,6.44,0,0
A7901,1702A10WIKI0000000000250455,MR,22.9,71,50,60,6.47,0,0
A7902,1702A10WIKI0000000000255203,MB,16.3,59,50,54,3.41,14,8.6
A7903,1702A10WIKI0000000000250611,KR,19.6,53,41,47,3.4,0,0
A7904,1702A10WIKI0000000000250795,KR,14.6,59,52,55,3.47,0,0
A7905,1702A10WIKI0000000000250667,KR,15.7,65,44,54,3.6,0,0
A7906,1702A10WIKI0000000000250189,MR,20.6,98,73,85,11.69,0,0
A7907,1702A10WIKI0000000000250541,MR,18.5,60,47,53,4.08,0,0
A7908,1702A10WIKI0000000000250517,MR,15.3,68,54,61,4.47,0,0
A7909,1702A10WIKI0000000000255064,MB,19,94,76,85,10.17,18,5.7
A7910,1702A10WIKI0000000000255204,MB,17.7,67,58,62,4.32,24,19.1
A7911,1702A10WIKI0000000000250225,MR,9.7,65,53,59,2.65,0,0
A7912,1702A10WIKI0000000000250300,MR,10.9,61,54,57,2.78,0,0
A7913,1702A10WIKI0000000000250125,MR,21.4,65,52,58,5.65,0,0
A7914,1702A10WIKI0000000000250411,MR,14.1,64,49,56,3.47,0,0
A7915,1702A10WIKI0000000000250096,MR,19.7,62,46,54,4.51,0,0
A7916,1702A10WIKI0000000000250487,MR,15.9,75,55,65,5.28,0,0
A7917,1702A10WIKI0000000000250601,MR,19.4,84,60,72,7.9,0,0
A7918,1702A10WIKI0000000000250157,MR,17.9,80,57,68,6.5,0,0
A7919,1702A10WIKI0000000000250123,MR,11.7,62,56,59,3.2,0,0
A7920,1702A10WIKI0000000000250765,MR,17.4,91,66,78,8.31,0,0
A7921,1702A10WIKI0000000000250798,MR,18.6,63,48,55,4.42,0,0
A7922,1702A10WIKI0000000000250480,MR,12.7,65,50,57,3.24,0,0
A7923,1702A10WIKI0000000000255140,MB,17.6,75,59,67,6.21,0,0
A7924,1702A10WIKI0000000000254811,BNS,18.1,76,62,69,6.18,18,8.7
A7925,1702A10WIKI0000000000250618,MR,19.3,92,68,80,9.7,0,0
A7926,1702A10WIKI0000000000250310,MR,16.8,74,48,61,4.91,0,0
A7927,1702A10WIKI0000000000250518,MR,16.6,70,53,61,4.85,0,0
A7928,1702A10WIKI0000000000250220,MR,11.2,60,57,58,2.96,0,0
A7929,1702A10WIKI0000000000250241,MR,18.8,68,50,59,5.14,0,0
A7930,1702A10WIKI0000000000255598,MB,8.1,96,86,91,4.72,26,10.4
A7931,1702A10WIKI0000000000250521,MR,12.1,77,72,74,5.2,0,0
A7932,1702A10WIKI0000000000250763,MR,21.5,75,60,67,7.58,0,0
A7933,1702A10WIKI0000000000250507,MR,18.1,65,46,55,4.3,0,0
A7934,1702A10WIKI0000000000250262,MR,17.4,85,60,72,7.08,0,0
A7935,1702A10WIKI0000000000250346,MR,19.5,64,49,56,4.8,0,0
A7936,1702A10WIKI0000000000250570,MR,16.3,89,70,79,7.99,0,0
A7937,1702A10WIKI0000000000250627,MR,14.8,80,60,70,5.7,0,0
A7938,1702A10WIKI0000000000250295,MR,15.7,80,72,76,7.12,0,0
A7939,1702A10WIKI0000000000250319,MR,10.8,70,60,65,3.34,15,6.8
A7940,1702A10WIKI0000000000250699,MR,19.3,60,44,52,4.1,0,0
A7941,1702A10WIKI0000000000250615,MR,18,58,55,56,4.43,0,0
A7942,1702A10WIKI0000000000250464,MR,19.4,82,65,73,8.12,0,0
A7943,1702A10WIKI0000000000250054,MR,17.8,95,72,83,9.63,0,0
A7944,1702A10WIKI0000000000250650,MR,10.1,78,70,74,4.34,0,0
A7945,1702A10WIKI0000000000250205,MR,10,72,70,71,3.96,0,0
A7946,1702A10WIKI0000000000250801,MR,19.4,56,45,50,3.25,17,14.7
A7947,1702A10WIKI0000000000250791,MR,18.1,69,53,61,5.29,0,0
A7948,1702A10WIKI0000000000250425,MR,11.8,65,55,60,3.34,0,0
A7949,1702A10WIKI0000000000250599,MR,15,55,45,50,2.95,0,0
A7950,1702A10WIKI0000000000250166,MR,11.8,82,72,77,5.15,17,6.2
A7951,1702A10WIKI0000000000250696,MR,13.2,57,42,49,2.49,0,0
A7952,1702A10WIKI0000000000254795,MB,21.1,70,56,63,6.58,0,0
A7953,1702A10WIKI0000000000250200,MR,19.2,85,72,78,9.17,0,0
A7954,1702A10WIKI0000000000250214,MR,17.1,67,46,56,3.39,22,19.6
A7955,1702A10WIKI0000000000250396,MR,13.5,72,60,66,4.62,0,0
A7956,1702A10WIKI0000000000250371,MR,10.8,72,59,65,3.58,0,0
A7957,1702A10WIKI0000000000250792,MR,11.7,69,52,60,3.31,0,0
A7958,1702A10WIKI0000000000250228,MR,20.8,52,43,47,3.61,0,0
A7959,1702A10WIKI0000000000250824,MR,16.3,74,60,67,5.75,0,0
A7960,1702A10WIKI0000000000250606,MR,18.9,72,46,59,5.17,0,0
A7961,1702A10WIKI0000000000250566,MR,19.8,63,49,56,4.88,0,0
A7962,1702A10WIKI0000000000250663,MR,21.5,64,45,54,4.92,0,0
A7963,1702A10WIKI0000000000250299,MR,17.5,65,44,54,4.01,0,0
A7964,1702A10WIKI0000000000250506,MR,13.1,71,60,65,4.09,14,5.9
A7965,1702A10WIKI0000000000243522,KR,10.6,51,44,47,1.84,0,0
A7966,1702A10WIKI0000000000250676,MR,19.6,66,48,57,5,0,0
A7967,1702A10WIKI0000000000243468,KR,16.2,58,55,56,3.99,0,0
A7968,1702A10WIKI0000000000243987,KR,16.8,70,43,56,4.14,0,0
A7969,1702A10WIKI0000000000250493,MR,20.9,69,57,63,6.31,10,3.2
A7970,1702A10WIKI0000000000243559,KR,18.2,62,46,54,4.17,0,0
A7971,1702A10WIKI0000000000250529,KR,18.1,77,60,68,6.57,0,0
A7972,1702A10WIKI0000000000243792,KR,11.6,60,45,52,2.46,0,0
A7973,1702A10WIKI0000000000243494,KR,13.7,56,46,51,2.8,0,0
A7974,1702A10WIKI0000000000243833,KR,22,64,51,57,5.61,0,0
A7975,1702A10WIKI0000000000243963,KR,18.3,64,45,54,4.19,0,0
A7976,1702A10WIKI0000000000243661,KR,14.7,70,54,62,4.44,0,0
A7977,1702A10WIKI0000000000244109,KR,14.9,62,46,54,3.41,0,0
A7978,1702A10WIKI0000000000243616,KR,18.7,63,44,53,4.13,0,0
A7979,1702A10WIKI0000000000243560,KR,16.2,60,41,50,3.18,0,0
A7980,1702A10WIKI0000000000244061,KR,14.4,60,47,53,3.18,0,0
A7981,1702A10WIKI0000000000250432,BNS,13.5,51,40,45,2.15,0,0
A7982,1702A10WIKI0000000000244072,KR,9.8,51,40,45,1.56,0,0
A7983,1702A10WIKI0000000000243536,KR,10,51,40,45,1.59,0,0
A7984,1702A10WIKI0000000000250069,BNS,13.5,50,41,45,2.01,10,6.3
A7985,1702A10WIKI0000000000243952,KR,9.5,50,40,45,1.51,0,0
A7986,1702A10WIKI0000000000243620,KR,15.2,50,40,45,2.27,10,6.3
A7987,1702A10WIKI0000000000250193,BNS,16.3,52,44,48,2.71,12,8
A7988,1702A10WIKI0000000000250470,MB,22,72,58,65,7.3,0,0
A7989,1702A10WIKI0000000000250496,KR,21.4,70,49,59,5.85,0,0
A7990,1702A10WIKI0000000000244148,KR,20.6,62,48,55,4.89,0,0
A7991,1702A10WIKI0000000000243544,KR,18.3,55,43,49,3.45,0,0
A7992,1702A10WIKI0000000000244015,KR,19.8,66,47,56,4.88,0,0
A7993,1702A10WIKI0000000000250770,MR,18.4,64,49,56,4.22,13,6.9
A7994,1702A10WIKI0000000000250563,MR,15.2,67,50,58,4.02,0,0
A7995,1702A10WIKI0000000000250293,MR,18.9,64,52,58,4.99,0,0
A7996,1702A10WIKI0000000000250109,MB,13,52,45,48,2.35,0,0
A7997,1702A10WIKI0000000000250816,MB,12.1,53,46,49,2.08,13,9
A7998,1702A10WIKI0000000000243636,KR,13.6,50,38,44,2.07,0,0
A7999,1702A10WIKI0000000000244004,KR,15.5,51,40,45,2.47,0,0
A8000,1702A10WIKI0000000000243992,KR,14.5,50,40,45,2.16,10,6.3
A8001,1702A10WIKI0000000000243956,MR,21.6,92,65,78,10.32,0,0
A8002,1702A10WIKI0000000000243341,MR,15.3,53,43,48,2.77,0,0
A8003,1702A10WIKI0000000000243351,MR,20.7,87,60,73,8.66,0,0
A8004,1702A10WIKI0000000000243718,KR,13.9,80,62,71,5.5,0,0
A8005,1702A10WIKI0000000000243632,KR,9.9,54,49,51,2.02,0,0
A8006,1702A10WIKI0000000000243704,KR,22.2,59,45,52,4.71,0,0
A8007,1702A10WIKI0000000000244115,KR,12.2,81,65,73,5.11,0,0
A8008,1702A10WIKI0000000000243735,MR,16.2,90,66,78,6.56,27,15.3
A8009,1702A10WIKI0000000000243938,MR,13.5,73,58,65,4.48,0,0
A8010,1702A10WIKI0000000000244052,BNS,14,50,46,48,2.53,0,0
A8011,1702A10WIKI0000000000243653,MR,12.9,70,58,64,4.15,0,0
A8012,1702A10WIKI0000000000243879,MR,13,90,72,81,6.7,0,0
A8013,1702A10WIKI0000000000243355,BNS,11.9,66,49,57,3.04,0,0
A8014,1702A10WIKI0000000000243995,MR,21.4,55,43,49,4.04,0,0
A8015,1702A10WIKI0000000000243829,MR,19.3,70,55,62,5.83,0,0
A8016,1702A10WIKI0000000000243363,MR,20,60,49,54,4.38,10,4.4
A8017,1702A10WIKI0000000000243702,MR,14.9,90,74,82,7.87,0,0
A8018,1702A10WIKI0000000000244121,MR,20,57,41,49,3.53,11,6.4
A8019,1702A10WIKI0000000000243473,MR,18.7,70,56,63,5.08,20,12.8
A8020,1702A10WIKI0000000000244055,MR,22.3,67,51,59,6.1,0,0
A8021,1702A10WIKI0000000000244046,KR,21.8,67,49,58,5.76,0,0
A8022,1702A10WIKI0000000000243840,KR,19.7,70,56,63,6.14,0,0
A8023,1702A10WIKI0000000000243699,KR,20,64,55,59,5.47,0,0
A8024,1702A10WIKI0000000000244111,KR,20.9,72,45,58,5.52,0,0
A8025,1702A10WIKI0000000000244077,KR,16.5,55,40,47,2.86,0,0
A8026,1702A10WIKI0000000000243864,KR,12,76,62,69,3.96,21,11.8
A8027,1702A10WIKI0000000000243586,MR,13.8,84,73,78,6.04,20,8.4
A8028,1702A10WIKI0000000000243516,BNS,15.6,64,51,57,3.76,12,5.6
A8029,1702A10WIKI0000000000243791,MR,14,66,59,62,4.09,10,3.3
A8030,1702A10WIKI0000000000244075,MB,12.1,70,61,65,3.74,15,6.8
A8031,1702A10WIKI0000000000244851,MR,17.3,66,48,57,4.41,0,0
A8032,1702A10WIKI0000000000244848,MR,10.8,62,52,57,2.57,13,6.6
A8033,1702A10WIKI0000000000244659,MR,11.8,80,60,70,4.2,17,7.5
A8034,1702A10WIKI0000000000243852,MB,15.4,62,48,55,3.66,0,0
A8035,1702A10WIKI0000000000243976,MB,14.1,82,68,75,6.02,12,3.3
A8036,1702A10WIKI0000000000244570,MR,13.1,80,69,74,5.63,0,0
A8037,1702A10WIKI0000000000244467,KR,13.9,60,46,53,3.07,0,0
A8038,1702A10WIKI0000000000243502,MB,13.3,60,54,57,3.39,0,0
A8039,1702A10WIKI0000000000244094,MB,14.8,55,49,52,3.14,0,0
A8040,1702A10WIKI0000000000244198,MR,17.1,71,51,61,5,0,0
A8041,1702A10WIKI0000000000244638,MR,17,77,57,67,5.99,0,0
A8042,1702A10WIKI0000000000244603,MR,22.6,72,52,62,6.82,0,0
A8043,1702A10WIKI0000000000243547,MB,21.4,70,61,65,7.1,0,0
A8044,1702A10WIKI0000000000244482,MR,15.6,68,51,59,4.27,0,0
A8045,1702A10WIKI0000000000244853,MR,10.6,69,57,63,3.15,12,4.6
A8046,1702A10WIKI0000000000244553,MR,17.4,65,53,59,4.76,0,0
A8047,1702A10WIKI0000000000244087,MB,15.1,102,85,93,9.96,14,2.9
A8048,1702A10WIKI0000000000244011,MB,14.4,90,78,84,7.34,21,8
A8049,1702A10WIKI0000000000244155,KR,14.7,54,40,47,2.55,0,0
A8050,1702A10WIKI0000000000244313,MR,17,65,52,58,4.49,0,0
A8051,1702A10WIKI0000000000244670,MR,14.5,55,45,50,2.85,0,0
A8052,1702A10WIKI0000000000244741,MR,12.7,59,55,57,3.24,0,0
A8053,1702A10WIKI0000000000244701,MR,13.8,55,46,50,2.71,0,0
A8054,1702A10WIKI0000000000244229,KR,14.6,58,43,50,2.39,18,16.5
A8055,1702A10WIKI0000000000243557,MB,14.8,70,58,64,4.43,15,7
A8056,1702A10WIKI0000000000244430,MR,15.6,55,47,51,3.03,10,4.9
A8057,1702A10WIKI0000000000244365,KR,15.1,58,41,49,2.85,0,0
A8058,1702A10WIKI0000000000243982,MB,13.1,57,40,48,2.37,0,0
A8059,1702A10WIKI0000000000247643,KR,16.6,94,67,80,8.34,0,0
A8060,1702A10WIKI0000000000248121,KR,21.2,77,50,63,6.61,0,0
A8061,1702A10WIKI0000000000247649,KR,19,70,55,62,5.74,0,0
A8062,1702A10WIKI0000000000247696,KR,20.9,72,50,61,6.11,0,0
A8063,1702A10WIKI0000000000244425,MR,17.7,96,72,84,9.81,0,0
A8064,1702A10WIKI0000000000248004,KR,18.4,65,49,57,4.7,0,0
A8065,1702A10WIKI0000000000244808,KR,15,55,40,47,2.6,0,0
A8066,1702A10WIKI0000000000247880,KR,20.9,69,54,61,6.11,0,0
A8067,1702A10WIKI0000000000247588,KR,22.6,73,50,61,6.6,0,0
A8068,1702A10WIKI0000000000247401,KR,17.7,71,54,62,5.34,0,0
A8069,1702A10WIKI0000000000244576,KR,15.6,57,46,51,3.19,0,0
A8070,1702A10WIKI0000000000244182,KR,12.6,59,44,51,2.57,0,0
A8071,1702A10WIKI0000000000248018,KR,19.1,84,72,78,8.81,13,3.5
A8072,1702A10WIKI0000000000244406,KR,16.6,59,42,50,3.26,0,0
A8073,1702A10WIKI0000000000244498,MR,19.8,65,46,55,4.7,0,0
A8074,1702A10WIKI0000000000247807,KR,23.1,71,55,63,7.2,0,0
A8075,1702A10WIKI0000000000244663,KR,19.9,52,40,46,3.31,0,0
A8076,1702A10WIKI0000000000247780,KR,20.9,64,48,56,5.15,0,0
A8077,1702A10WIKI0000000000247842,KR,20.1,71,52,61,5.87,0,0
A8078,1702A10WIKI0000000000244707,KR,17.5,53,40,46,2.91,0,0
A8079,1702A10WIKI0000000000244784,KR,16.4,53,40,46,2.73,0,0
A8080,1702A10WIKI0000000000247991,KR,21.6,66,47,56,5.32,0,0
A8244,1702A10WIKI0000000000248672,KR,17.1,58,40,49,3.22,0,0
A8081,1702A10WIKI0000000000248055,KR,21.1,67,50,58,5.57,0,0
A8279,1702A10WIKI0000000000248217,KR,15.5,55,40,47,2.69,0,0
A8082,1702A10WIKI0000000000247395,KR,21.5,52,40,46,3.57,0,0
A8083,1702A10WIKI0000000000247413,KR,15.7,66,52,59,4.03,13,6.2
A8084,1702A10WIKI0000000000244686,KR,17.1,60,44,52,3.38,12,6.8
A8085,1702A10WIKI0000000000247359,KR,18.6,63,43,53,4.1,0,0
A8086,1702A10WIKI0000000000244815,MR,11.1,55,45,50,2.18,0,0
A8087,1702A10WIKI0000000000243366,MB,17.2,66,50,58,3.92,19,13.7
A8088,1702A10WIKI0000000000244464,MR,18.7,60,46,53,4.13,0,0
A8089,1702A10WIKI0000000000244435,KR,13.5,59,52,55,2.86,16,10.8
A8090,1702A10WIKI0000000000244567,KR,16.7,57,40,48,3.02,0,0
A8091,1702A10WIKI0000000000244367,KR,17.1,61,41,51,3.49,0,0
A8092,1702A10WIKI0000000000247839,KR,14.8,62,53,57,3.78,0,0
A8093,1702A10WIKI0000000000247996,KR,19.4,65,40,52,4.12,0,0
A8094,1702A10WIKI0000000000248111,KR,17.4,60,46,53,3.84,0,0
A8095,1702A10WIKI0000000000247727,KR,18.5,60,44,52,3.93,0,0
A8096,1702A10WIKI0000000000247701,KR,21.1,82,57,69,7.89,0,0
A8097,1702A10WIKI0000000000248182,KR,17.9,65,47,56,4.41,0,0
A8098,1702A10WIKI0000000000247640,KR,19.8,56,42,49,3.73,0,0
A8099,1702A10WIKI0000000000244381,KR,18.2,57,40,48,3.29,0,0
A8100,1702A10WIKI0000000000244717,KR,13.6,57,46,51,2.23,20,19.6
A8101,1702A10WIKI0000000000244338,MR,19.3,60,42,51,3.94,0,0
A8102,1702A10WIKI0000000000247380,KR,16.1,60,48,54,3.69,0,0
A8103,1702A10WIKI0000000000247976,KR,18.1,62,49,55,4.3,0,0
A8104,1702A10WIKI0000000000244330,MR,18.4,66,46,56,4.53,0,0
A8105,1702A10WIKI0000000000247486,KR,20.8,76,62,69,7.78,0,0
A8106,1702A10WIKI0000000000248131,KR,14.5,73,57,65,4.81,0,0
A8107,1702A10WIKI0000000000244622,KR,16.4,62,40,51,3.35,0,0
A8108,1702A10WIKI0000000000244590,KR,14.1,55,40,47,2.45,0,0
A8109,1702A10WIKI0000000000244154,KR,16.1,57,45,51,3.29,0,0
A8110,1702A10WIKI0000000000244385,KR,16.1,55,40,47,2.79,0,0
A8111,1702A10WIKI0000000000243790,BNS,16.1,62,41,51,3.13,10,4.9
A8112,1702A10WIKI0000000000248066,KR,19.3,60,43,51,3.94,0,0
A8113,1702A10WIKI0000000000243488,MB,17.6,64,46,55,4.18,0,0
A8114,1702A10WIKI0000000000244279,MR,18.9,62,45,53,3.8,14,8.9
A8115,1702A10WIKI0000000000244502,MR,13.6,65,54,59,3.37,16,9.4
A8116,1702A10WIKI0000000000244689,MR,17,58,45,51,3.47,0,0
A8117,1702A10WIKI0000000000243783,MB,17.1,63,42,52,3.08,18,15.3
A8118,1702A10WIKI0000000000244295,MR,14.4,55,40,47,2.5,0,0
A8119,1702A10WIKI0000000000243374,MB,17.4,64,49,56,4.29,0,0
A8120,1702A10WIKI0000000000247481,KR,18.3,64,45,54,4.19,0,0
A8121,1702A10WIKI0000000000244782,KR,16.8,57,41,49,3.17,0,0
A8122,1702A10WIKI0000000000247607,KR,20.8,57,40,48,3.76,0,0
A8123,1702A10WIKI0000000000244359,KR,15.8,60,42,51,3.23,0,0
A8124,1702A10WIKI0000000000244559,KR,17.6,58,40,49,3.32,0,0
A8125,1702A10WIKI0000000000244339,KR,12.3,55,39,47,2.13,0,0
A8126,1702A10WIKI0000000000244256,KR,14.2,53,40,46,2.36,0,0
A8127,1702A10WIKI0000000000244817,KR,15.2,59,47,53,3.35,0,0
A8128,1702A10WIKI0000000000244286,KR,16.9,57,43,50,3.32,0,0
A8129,1702A10WIKI0000000000247569,KR,19.9,63,38,50,3.91,0,0
A8130,1702A10WIKI0000000000247713,KR,22.4,76,50,63,6.98,0,0
A8131,1702A10WIKI0000000000247420,KR,16.6,65,45,55,3.94,0,0
A8132,1702A10WIKI0000000000244682,KR,14.9,57,39,48,2.7,0,0
A8133,1702A10WIKI0000000000248101,KR,20.7,72,49,60,5.85,0,0
A8134,1702A10WIKI0000000000247726,KR,22.2,68,46,57,5.66,0,0
A8135,1702A10WIKI0000000000248117,KR,21,66,44,55,4.99,0,0
A8136,1702A10WIKI0000000000244654,KR,20.5,54,39,46,3.41,0,0
A8137,1702A10WIKI0000000000244703,KR,18,59,40,49,3.21,10,5.3
A8138,1702A10WIKI0000000000244519,KR,17.2,57,40,48,3.11,0,0
A8139,1702A10WIKI0000000000244348,KR,18.8,56,40,48,3.4,0,0
A8140,1702A10WIKI0000000000244193,KR,18.4,54,40,47,3.19,0,0
A8141,1702A10WIKI0000000000247687,KR,21.2,77,53,65,7.03,0,0
A8142,1702A10WIKI0000000000244661,KR,19.1,52,40,46,3.17,0,0
A8143,1702A10WIKI0000000000244845,KR,19.7,56,38,47,3.42,0,0
A8144,1702A10WIKI0000000000244735,KR,15.9,53,38,45,2.53,0,0
A8145,1702A10WIKI0000000000244273,KR,16.5,55,45,50,3.24,0,0
A8146,1702A10WIKI0000000000244414,KR,17.7,57,40,48,3.2,0,0
A8147,1702A10WIKI0000000000244303,KR,17.2,57,40,48,3.11,0,0
A8148,1702A10WIKI0000000000247662,KR,18.7,57,46,51,3.82,0,0
A8149,1702A10WIKI0000000000247454,KR,19.3,61,42,51,3.94,0,0
A8150,1702A10WIKI0000000000244452,MR,14.2,63,50,56,3.5,0,0
A8151,1702A10WIKI0000000000244664,KR,16.6,56,39,47,2.88,0,0
A8152,1702A10WIKI0000000000248199,KR,17.3,63,40,51,3.53,0,0
A8153,1702A10WIKI0000000000244592,KR,14.5,65,40,52,3.08,0,0
A8154,1702A10WIKI0000000000244437,KR,15.2,52,38,45,2.42,0,0
A8155,1702A10WIKI0000000000244518,KR,14.9,59,40,49,2.81,0,0
A8156,1702A10WIKI0000000000247583,KR,19.9,61,43,52,4.23,0,0
A8157,1702A10WIKI0000000000247918,KR,19.3,58,40,49,3.64,0,0
A8158,1702A10WIKI0000000000244668,KR,17.5,58,39,48,3.17,0,0
A8159,1702A10WIKI0000000000247604,KR,14.8,69,47,58,3.91,0,0
A8160,1702A10WIKI0000000000248177,KR,18.8,63,42,52,3.99,0,0
A8161,1702A10WIKI0000000000248001,KR,18.6,73,49,61,5.44,0,0
A8162,1702A10WIKI0000000000244363,KR,10.6,71,58,64,3.41,0,0
A8163,1702A10WIKI0000000000244347,KR,12.8,58,50,54,2.93,0,0
A8164,1702A10WIKI0000000000247533,KR,11.6,79,65,72,4.72,0,0
A8165,1702A10WIKI0000000000244655,KR,11,65,55,60,3.11,0,0
A8166,1702A10WIKI0000000000243534,BNS,10.8,52,42,47,1.63,15,13
A8167,1702A10WIKI0000000000244194,MR,13,60,50,55,3.09,0,0
A8168,1702A10WIKI0000000000244500,MR,14.8,55,42,48,2.68,0,0
A8169,1702A10WIKI0000000000243750,MB,13.5,65,52,58,3.22,16,9.7
A8170,1702A10WIKI0000000000243837,MB,13.2,52,43,47,1.81,19,20.8
A8171,1702A10WIKI0000000000243505,MB,12.7,69,52,60,3.59,0,0
A8172,1702A10WIKI0000000000243466,MB,13,69,56,62,3.41,20,13.2
A8173,1702A10WIKI0000000000244491,MR,19.5,70,60,65,6.47,0,0
A8174,1702A10WIKI0000000000244322,MR,17.3,70,54,62,5.22,0,0
A8175,1702A10WIKI0000000000244401,MR,16.1,60,42,51,3.29,0,0
A8176,1702A10WIKI0000000000247743,KR,21.7,67,53,60,6.14,0,0
A8177,1702A10WIKI0000000000244013,BNS,16.7,70,56,63,4.72,17,9.3
A8178,1702A10WIKI0000000000247673,KR,17,64,53,58,4.49,0,0
A8179,1702A10WIKI0000000000247937,KR,18.4,63,46,54,4.21,0,0
A8180,1702A10WIKI0000000000247468,KR,21.1,68,43,55,5.01,0,0
A8181,1702A10WIKI0000000000244239,MR,14.4,58,43,50,2.62,12,7.3
A8182,1702A10WIKI0000000000247455,KR,18.6,73,52,62,5.62,0,0
A8183,1702A10WIKI0000000000243371,MB,16.7,80,64,72,5.99,22,11.9
A8184,1702A10WIKI0000000000244691,KR,16.6,57,46,51,3.39,0,0
A8185,1702A10WIKI0000000000243602,MB,15.4,74,56,65,4.76,15,6.8
A8186,1702A10WIKI0000000000243928,MB,13.2,68,55,61,3.86,0,0
A8187,1702A10WIKI0000000000244378,KR,14.6,55,44,49,2.75,0,0
A8188,1702A10WIKI0000000000248138,KR,15,69,52,60,4.24,0,0
A8189,1702A10WIKI0000000000244164,MR,10.7,58,46,52,2.27,0,0
A8190,1702A10WIKI0000000000244258,MR,10.7,54,44,49,2.02,0,0
A8191,1702A10WIKI0000000000244816,MR,12.8,58,50,54,2.56,17,12.6
A8192,1702A10WIKI0000000000243448,MB,12.2,56,40,48,2.21,0,0
A8193,1702A10WIKI0000000000244647,KR,12.1,59,47,53,2.67,0,0
A8194,1702A10WIKI0000000000244678,KR,17.5,53,40,46,2.66,12,8.7
A8195,1702A10WIKI0000000000244614,KR,17.6,55,40,47,3.05,0,0
A8196,1702A10WIKI0000000000244802,KR,18,57,40,48,3.26,0,0
A8197,1702A10WIKI0000000000244159,KR,17.8,60,41,50,3.5,0,0
A8198,1702A10WIKI0000000000244472,KR,18,58,40,49,3.39,0,0
A8199,1702A10WIKI0000000000244277,KR,13.7,57,40,48,2.48,0,0
A8200,1702A10WIKI0000000000247945,KR,21.9,66,44,55,5.2,0,0
A8201,1702A10WIKI0000000000244309,KR,15.5,52,40,46,2.58,0,0
A8202,1702A10WIKI0000000000247682,KR,17.2,59,44,51,3.51,0,0
A8203,1702A10WIKI0000000000248047,KR,21.1,80,53,66,7.22,0,0
A8204,1702A10WIKI0000000000244177,KR,14.5,56,40,48,2.62,0,0
A8205,1702A10WIKI0000000000247543,KR,15.1,87,75,81,7.05,22,9.4
A8206,1702A10WIKI0000000000248050,KR,22,69,50,59,6.01,0,0
A8207,1702A10WIKI0000000000244212,KR,12.3,55,40,47,2.13,0,0
A8208,1702A10WIKI0000000000244343,MR,17.5,62,43,52,3.72,0,0
A8209,1702A10WIKI0000000000244225,MR,11.9,60,54,57,3.04,0,0
A8210,1702A10WIKI0000000000243377,MB,8,75,63,69,2.91,10,2.7
A8211,1702A10WIKI0000000000244692,MR,19.9,61,44,52,4.23,0,0
A8212,1702A10WIKI0000000000248130,KR,15.8,70,54,62,4.77,0,0
A8213,1702A10WIKI0000000000247862,KR,16.8,58,49,53,3.71,0,0
A8214,1702A10WIKI0000000000247561,KR,15.4,80,60,70,5.77,10,2.6
A8215,1702A10WIKI0000000000247818,KR,16.7,67,52,59,4.57,0,0
A8216,1702A10WIKI0000000000243650,MB,13.7,73,64,68,3.9,28,21.6
A8217,1702A10WIKI0000000000244366,MR,13,60,52,56,3.2,0,0
A8218,1702A10WIKI0000000000243330,MB,12.3,68,60,64,3.96,0,0
A8219,1702A10WIKI0000000000243728,MB,15.9,56,42,49,2.84,10,5.3
A8220,1702A10WIKI0000000000247451,KR,17.5,60,43,51,3.57,0,0
A8221,1702A10WIKI0000000000244835,MR,14.9,60,44,52,3.16,0,0
A8222,1702A10WIKI0000000000244393,KR,17.5,58,40,49,3.3,0,0
A8223,1702A10WIKI0000000000244761,MR,17.2,62,55,58,4.54,0,0
A8224,1702A10WIKI0000000000243861,MB,23,64,44,54,4.88,13,7.4
A8225,1702A10WIKI0000000000243947,MB,12.7,77,68,72,4.17,28,19.3
A8226,1702A10WIKI0000000000244580,MR,13.7,69,53,61,3.87,10,3.4
A8227,1702A10WIKI0000000000244404,MR,13.7,60,48,54,3.14,0,0
A8228,1702A10WIKI0000000000243768,MB,14.6,64,59,61,4.12,10,3.4
A8229,1702A10WIKI0000000000244045,MB,8.8,52,40,46,1.37,10,6
A8230,1702A10WIKI0000000000248338,KR,17.8,59,44,51,3.64,0,0
A8231,1702A10WIKI0000000000248264,KR,17.4,54,42,48,3.15,0,0
A8232,1702A10WIKI0000000000248929,KR,19.6,64,42,53,4.32,0,0
A8233,1702A10WIKI0000000000248986,KR,19.7,72,44,58,5.2,0,0
A8234,1702A10WIKI0000000000248861,KR,21.9,58,40,49,4.13,0,0
A8235,1702A10WIKI0000000000248732,KR,21.2,61,41,51,4.33,0,0
A8236,1702A10WIKI0000000000243942,MR,19.1,59,41,50,3.75,0,0
A8237,1702A10WIKI0000000000248304,KR,11.7,55,46,50,2.3,0,0
A8238,1702A10WIKI0000000000248713,KR,9.6,65,55,60,2.71,0,0
A8239,1702A10WIKI0000000000248448,KR,11.5,56,40,48,2.08,0,0
A8240,1702A10WIKI0000000000244419,MB,14.2,60,44,52,2.87,10,4.7
A8241,1702A10WIKI0000000000244583,MR,19.7,68,56,62,5.95,0,0
A8242,1702A10WIKI0000000000244215,MR,16.6,66,52,59,4.54,0,0
A8243,1702A10WIKI0000000000248964,KR,19.1,51,45,48,3.46,0,0
A8245,1702A10WIKI0000000000248950,KR,14.5,56,40,48,2.62,0,0
A8246,1702A10WIKI0000000000248768,KR,15,58,40,49,2.83,0,0
A8247,1702A10WIKI0000000000244619,MB,15.2,55,41,48,2.36,16,14.1
A8248,1702A10WIKI0000000000244269,MB,15.3,51,40,45,2.43,0,0
A8249,1702A10WIKI0000000000244218,MR,19.4,80,58,69,7.25,0,0
A8250,1702A10WIKI0000000000243686,BNS,13.6,72,58,65,3.66,25,18.8
A8251,1702A10WIKI0000000000244473,MB,12.6,80,71,75,5.28,15,5.1
A8252,1702A10WIKI0000000000243694,MR,22.4,55,41,48,4.05,0,0
A8253,1702A10WIKI0000000000244699,MB,12.2,87,69,78,5.83,0,0
A8254,1702A10WIKI0000000000244222,MB,13.2,69,56,62,3.69,15,7.5
A8255,1702A10WIKI0000000000244774,MB,16.2,69,48,58,4.28,0,0
A8256,1702A10WIKI0000000000243580,MR,13.1,60,51,55,3.11,0,0
A8257,1702A10WIKI0000000000244579,MB,16.2,65,54,59,3.78,20,14.6
A8258,1702A10WIKI0000000000244360,MB,14.9,61,52,56,3.34,15,9.1
A8259,1702A10WIKI0000000000244612,MB,11.2,54,42,48,1.92,10,5.5
A8260,1702A10WIKI0000000000244104,MR,20.9,57,40,48,3.78,0,0
A8261,1702A10WIKI0000000000248510,KR,16.3,54,41,47,2.83,0,0
A8262,1702A10WIKI0000000000248480,KR,19.7,55,43,49,3.71,0,0
A8263,1702A10WIKI0000000000248321,KR,21.2,68,49,58,5.6,0,0
A8264,1702A10WIKI0000000000248987,KR,19.1,55,39,47,3.31,0,0
A8265,1702A10WIKI0000000000248715,KR,15,68,55,61,4.38,0,0
A8266,1702A10WIKI0000000000248671,KR,20.2,78,58,68,7.34,0,0
A8267,1702A10WIKI0000000000248789,KR,21.1,62,48,55,5.01,0,0
A8268,1702A10WIKI0000000000248750,KR,18.9,66,46,56,4.66,0,0
A8269,1702A10WIKI0000000000248459,KR,20.6,52,40,46,3.42,0,0
A8270,1702A10WIKI0000000000244263,MR,14.5,72,54,63,4.52,0,0
A8271,1702A10WIKI0000000000244475,MB,16.5,72,55,63,5.14,0,0
A8272,1702A10WIKI0000000000244376,MB,18.2,60,41,50,3.57,0,0
A8273,1702A10WIKI0000000000244294,MB,17.8,50,40,45,2.43,15,14.1
A8274,1702A10WIKI0000000000243369,MR,13.5,64,55,59,3.69,0,0
A8275,1702A10WIKI0000000000244777,MB,13.6,58,51,54,3.11,0,0
A8276,1702A10WIKI0000000000244499,MB,16.6,72,58,65,4.84,20,12.1
A8277,1702A10WIKI0000000000248315,KR,13.2,52,40,46,2.19,0,0
A8278,1702A10WIKI0000000000248914,KR,19,60,47,53,4.19,0,0
A8280,1702A10WIKI0000000000248503,KR,19.4,56,40,48,3.51,0,0
A8281,1702A10WIKI0000000000248394,KR,21.1,68,49,58,5.57,0,0
A8282,1702A10WIKI0000000000248674,KR,17.7,68,54,61,5.17,0,0
A8283,1702A10WIKI0000000000248265,KR,19.3,63,46,54,4.42,0,0
A8284,1702A10WIKI0000000000249026,KR,19.4,55,43,49,3.66,0,0
A8285,1702A10WIKI0000000000248984,KR,20.8,58,41,49,3.92,0,0
A8286,1702A10WIKI0000000000248533,KR,22.5,56,40,48,4.07,0,0
A8287,1702A10WIKI0000000000248650,KR,14.3,56,51,53,3.15,0,0
A8288,1702A10WIKI0000000000249043,KR,16.4,58,44,51,3.35,0,0
A8289,1702A10WIKI0000000000248857,KR,19.9,63,43,53,4.19,10,4.5
A8290,1702A10WIKI0000000000248539,KR,19.4,53,42,47,3.37,0,0
A8291,1702A10WIKI0000000000248641,KR,21.1,56,38,47,3.66,0,0
A8292,1702A10WIKI0000000000248947,KR,14.6,53,40,46,2.43,0,0
A8293,1702A10WIKI0000000000248697,KR,20.8,59,41,50,4.08,0,0
A8294,1702A10WIKI0000000000248391,KR,18.7,55,38,46,3.11,0,0
A8295,1702A10WIKI0000000000248872,KR,16.8,60,40,50,3.3,0,0
A8296,1702A10WIKI0000000000248946,KR,12,53,40,46,1.99,0,0
A8297,1702A10WIKI0000000000248322,KR,14.3,50,40,45,2.27,0,0
A8298,1702A10WIKI0000000000248540,KR,16,55,40,47,2.78,0,0
A8299,1702A10WIKI0000000000248252,KR,17.9,55,40,47,3.11,0,0
A8300,1702A10WIKI0000000000248809,KR,13.6,56,40,48,2.46,0,0
A8301,1702A10WIKI0000000000248354,KR,13.8,52,40,46,2.29,0,0
A8302,1702A10WIKI0000000000248375,KR,22.5,67,52,59,6.15,0,0
A8303,1702A10WIKI0000000000248874,KR,13.9,50,40,45,2.21,0,0
A8304,1702A10WIKI0000000000248293,KR,17.2,68,55,61,5.03,0,0
A8305,1702A10WIKI0000000000244572,MR,21.8,69,50,59,5.96,0,0
A8306,1702A10WIKI0000000000244043,MR,15.6,65,53,59,4.27,0,0
A8307,1702A10WIKI0000000000244382,MR,15,71,58,64,4.83,0,0
A8308,1702A10WIKI0000000000244841,MR,16.4,87,70,78,7.84,0,0
A8309,1702A10WIKI0000000000243873,MR,16.3,62,45,53,3.6,0,0
A8310,1702A10WIKI0000000000243712,MR,13,60,48,54,2.98,0,0
A8311,1702A10WIKI0000000000244093,MR,18.1,60,46,53,3.64,14,8.9
A8312,1702A10WIKI0000000000244056,MR,21.2,55,44,49,4,0,0
A8313,1702A10WIKI0000000000244528,MR,14.1,71,60,65,4.68,0,0
A8314,1702A10WIKI0000000000244257,MR,19.7,70,49,59,5.39,0,0
A8315,1702A10WIKI0000000000244128,MR,17,55,44,49,3.21,0,0
A8316,1702A10WIKI0000000000244697,MR,19.8,82,65,73,8.29,0,0
A8317,1702A10WIKI0000000000244080,MR,16.7,70,45,57,4.26,0,0
A8318,1702A10WIKI0000000000244620,MR,12.8,92,69,80,6.43,0,0
A8319,1702A10WIKI0000000000244350,MR,23.1,95,68,81,10.97,20,7.8
A8320,1702A10WIKI0000000000244683,MR,10.7,88,77,82,5.65,0,0
A8321,1702A10WIKI0000000000248445,KR,15.1,75,56,65,5.01,0,0
A8322,1702A10WIKI0000000000248730,KR,16.4,92,70,81,8.45,0,0
A8323,1702A10WIKI0000000000248900,KR,19.6,57,40,48,3.55,0,0
A8324,1702A10WIKI0000000000244150,MB,12.4,66,53,59,3.11,15,8.2
A8325,1702A10WIKI0000000000248932,KR,19.6,82,51,66,6.71,0,0
A8326,1702A10WIKI0000000000248792,KR,18,60,41,50,3.53,0,0
A8327,1702A10WIKI0000000000244716,MB,13.4,60,47,53,2.96,0,0
A8328,1702A10WIKI0000000000248317,KR,19.1,58,41,49,3.6,0,0
A8329,1702A10WIKI0000000000243573,MR,13.3,63,52,57,3.39,0,0
A8330,1702A10WIKI0000000000244800,MB,16.1,55,49,52,3.42,0,0
A8331,1702A10WIKI0000000000244843,MB,14.1,50,42,46,1.94,17,17.4
A8332,1702A10WIKI0000000000244514,MB,17.2,58,41,49,2.69,18,17.2
A8333,1702A10WIKI0000000000248246,KR,15.2,60,42,51,3.11,0,0
A8334,1702A10WIKI0000000000248982,KR,12.7,60,43,51,2.59,0,0
A8335,1702A10WIKI0000000000244594,MB,12.4,52,48,50,2.43,0,0
A8336,1702A10WIKI0000000000244536,MB,15,56,48,52,3.19,0,0
A8337,1702A10WIKI0000000000244479,MB,13.6,51,40,45,1.97,12,9.1
A8338,1702A10WIKI0000000000244119,MR,14.4,55,40,47,2.35,10,5.8
A8339,1702A10WIKI0000000000248848,KR,12.5,50,40,45,1.99,0,0
A8340,1702A10WIKI0000000000249001,KR,22.3,66,47,56,5.49,0,0
A8341,1702A10WIKI0000000000248945,KR,22.8,58,40,49,4.3,0,0
A8342,1702A10WIKI0000000000249012,KR,19,55,42,48,3.44,0,0
A8343,1702A10WIKI0000000000248530,KR,20.7,67,42,54,4.74,0,0
A8344,1702A10WIKI0000000000248248,KR,21,61,43,52,4.46,0,0
A8345,1702A10WIKI0000000000248302,KR,18.7,61,40,50,3.67,0,0
A8346,1702A10WIKI0000000000249008,KR,14,55,45,50,2.75,0,0
A8347,1702A10WIKI0000000000248296,KR,11.5,52,40,46,1.91,0,0
A8348,1702A10WIKI0000000000248333,KR,12.6,51,40,45,2,0,0
A8349,1702A10WIKI0000000000244725,MB,21,85,60,72,7.44,23,13
A8350,1702A10WIKI0000000000248594,KR,18.2,61,43,52,3.87,0,0
A8351,1702A10WIKI0000000000248717,KR,16.8,52,40,46,2.79,0,0
A8352,1702A10WIKI0000000000248218,KR,12.6,53,40,46,2.09,0,0
A8353,1702A10WIKI0000000000248213,KR,12,51,40,45,1.91,0,0
A8354,1702A10WIKI0000000000248628,KR,12.4,51,40,45,1.97,0,0
A8355,1702A10WIKI0000000000248471,KR,23,76,46,61,6.72,0,0
A8356,1702A10WIKI0000000000249007,KR,19.3,57,42,49,3.64,0,0
A8357,1702A10WIKI0000000000248930,KR,20.4,63,46,54,4.67,0,0
A8358,1702A10WIKI0000000000248514,KR,18.6,66,44,55,4.42,0,0
A8359,1702A10WIKI0000000000248658,KR,20.6,64,47,55,4.89,0,0
A8360,1702A10WIKI0000000000244607,MB,10.9,55,46,50,2.14,0,0
A8361,1702A10WIKI0000000000243701,MR,20.4,60,49,54,4.27,14,8.6
A8362,1702A10WIKI0000000000244228,MR,20.8,68,44,56,5.12,0,0
A8363,1702A10WIKI0000000000244065,MR,19.1,66,42,54,4.37,0,0
A8364,1702A10WIKI0000000000244513,MR,19.1,70,49,59,5.22,0,0
A8365,1702A10WIKI0000000000243667,MR,17.5,59,46,52,3.72,0,0
A8366,1702A10WIKI0000000000244665,MR,14.1,76,62,69,5.27,0,0
A8367,1702A10WIKI0000000000244517,MB,18.3,65,46,55,4.17,10,4.2
A8368,1702A10WIKI0000000000244084,MR,13.8,60,46,53,3.04,0,0
A8369,1702A10WIKI0000000000244604,MR,18.4,71,55,63,5.74,0,0
A8370,1702A10WIKI0000000000244721,MR,14.4,81,60,70,5.54,0,0
A8371,1702A10WIKI0000000000243610,MR,14.2,63,50,56,3.5,0,0
A8372,1702A10WIKI0000000000243793,MR,11.4,55,42,48,2.06,0,0
A8373,1702A10WIKI0000000000244615,MR,21.8,79,58,68,7.92,0,0
A8374,1702A10WIKI0000000000244370,MR,17.5,66,50,58,4.62,0,0
A8375,1702A10WIKI0000000000244823,MR,23,66,46,56,5.66,0,0
A8376,1702A10WIKI0000000000244247,MR,21.3,76,55,65,7.07,0,0
A8377,1702A10WIKI0000000000244221,MR,22.2,75,53,64,7.14,0,0
A8378,1702A10WIKI0000000000243578,MR,13.6,65,49,57,3.47,0,0
A8379,1702A10WIKI0000000000243926,MR,15.1,65,52,58,3.99,0,0
A8380,1702A10WIKI0000000000244447,MR,20.5,62,46,54,4.69,0,0
A8381,1702A10WIKI0000000000244361,MR,22.6,72,49,60,6.39,0,0
A8382,1702A10WIKI0000000000244720,MR,19.7,62,50,56,4.85,0,0
A8383,1702A10WIKI0000000000244578,MR,19.7,65,46,55,4.48,10,4.2
A8384,1702A10WIKI0000000000243617,MR,13.6,60,50,55,3.23,0,0
A8385,1702A10WIKI0000000000244006,MR,21.1,59,44,51,4.31,0,0
A8386,1702A10WIKI0000000000244772,MR,14.5,76,60,68,5.27,0,0
A8387,1702A10WIKI0000000000244448,MR,17.7,84,62,73,7.41,0,0
A8388,1702A10WIKI0000000000244846,MR,18.5,66,46,56,4.56,0,0
A8389,1702A10WIKI0000000000244423,MR,17.7,70,49,59,4.84,0,0
A8390,1702A10WIKI0000000000244795,MR,17.3,74,60,67,6.1,0,0
A8391,1702A10WIKI0000000000244554,MR,15.8,83,65,74,6.8,0,0
A8392,1702A10WIKI0000000000244834,MR,18.4,82,58,70,7.08,0,0
A8393,1702A10WIKI0000000000243724,MR,17.6,61,45,53,3.88,0,0
A8394,1702A10WIKI0000000000243957,MR,16.5,60,50,55,3.92,0,0
A8395,1702A10WIKI0000000000244538,MR,19.8,73,59,66,6.27,16,7.5
A8396,1702A10WIKI0000000000243901,MR,8.7,73,61,67,2.98,10,2.8
A8397,1702A10WIKI0000000000244418,MR,14.8,89,75,82,7.82,0,0
A8398,1702A10WIKI0000000000244276,MR,20.7,68,50,59,5.66,0,0
A8399,1702A10WIKI0000000000244351,MR,17.6,80,56,68,5.88,17,8
A8400,1702A10WIKI0000000000243579,MR,15.1,56,42,49,2.85,0,0
A8401,1702A10WIKI0000000000243913,MR,12.9,66,54,60,3.65,0,0
A8402,1702A10WIKI0000000000243910,MR,17.4,62,43,52,3.7,0,0
A8403,1702A10WIKI0000000000244296,MR,20.1,82,50,66,6.88,0,0
A8404,1702A10WIKI0000000000243801,MR,12.2,69,52,60,3.45,0,0
A8405,1702A10WIKI0000000000243531,MR,16.4,59,42,50,3.22,0,0
A8406,1702A10WIKI0000000000244444,MR,22.4,72,46,59,6.12,0,0
A8407,1702A10WIKI0000000000243714,MR,17.5,63,50,56,4.31,0,0
A8408,1702A10WIKI0000000000243877,MR,16,62,48,55,3.8,0,0
A8409,1702A10WIKI0000000000243823,MR,15.2,57,46,51,3.11,0,0
A8410,1702A10WIKI0000000000244234,MR,19.2,88,64,76,8.71,0,0
A8411,1702A10WIKI0000000000244125,MR,18.4,60,46,53,4.06,0,0
A8412,1702A10WIKI0000000000244117,MR,16.5,61,48,54,3.78,0,0
A8413,1702A10WIKI0000000000243889,MR,17.9,55,40,47,3.11,0,0
A8414,1702A10WIKI0000000000244173,MB,17.6,90,82,86,9.88,14,3.4
A8415,1702A10WIKI0000000000244733,MR,22.1,94,72,83,11.96,0,0
A8416,1702A10WIKI0000000000244628,MR,21.7,87,68,77,10.1,0,0
A8417,1702A10WIKI0000000000244244,MR,11.5,80,63,71,4.55,0,0
A8418,1702A10WIKI0000000000243618,MR,15.1,63,52,57,3.85,0,0
A8419,1702A10WIKI0000000000244289,MR,21.2,83,64,73,8.87,0,0
A8420,1702A10WIKI0000000000248486,KR,13.5,68,51,59,3.69,0,0
A8421,1702A10WIKI0000000000244779,MR,16.1,80,67,73,6.74,0,0
A8422,1702A10WIKI0000000000244023,MR,16.7,65,48,56,4.11,0,0
A8423,1702A10WIKI0000000000243755,MR,16.2,55,45,50,3.18,0,0
A8424,1702A10WIKI0000000000244064,MR,20.2,60,47,53,4.46,0,0
A8425,1702A10WIKI0000000000243483,MR,17.5,69,46,57,4.47,0,0
A8426,1702A10WIKI0000000000244304,MR,14.2,75,55,65,4.71,0,0
A8427,1702A10WIKI0000000000244633,MR,16.5,79,58,68,5.2,22,13.3
A8428,1702A10WIKI0000000000244818,MR,15.6,70,56,63,4.86,0,0
A8429,1702A10WIKI0000000000244265,MR,14.6,70,62,66,4.99,0,0
A8430,1702A10WIKI0000000000244243,MR,11.4,81,66,73,4.77,0,0
A8431,1702A10WIKI0000000000244669,MR,9.1,104,89,96,6.59,0,0
A8432,1702A10WIKI0000000000244280,MR,15,84,70,77,6.98,0,0
A8433,1702A10WIKI0000000000244190,MR,17,100,80,90,10.57,12,2.3
A8434,1702A10WIKI0000000000248842,KR,22.3,85,71,78,10.66,0,0
A8435,1702A10WIKI0000000000248253,KR,18.4,95,76,85,10.44,0,0
A8436,1702A10WIKI0000000000244773,MR,19.6,65,53,59,5.36,0,0
A8437,1702A10WIKI0000000000243655,MR,19.2,56,48,52,3.89,10,4.7
A8438,1702A10WIKI0000000000244546,MR,21.2,65,51,58,5.6,0,0
A8439,1702A10WIKI0000000000244533,MR,18.5,75,55,65,6.14,0,0
A8440,1702A10WIKI0000000000244231,MR,19.1,64,50,57,4.87,0,0
A8441,1702A10WIKI0000000000243943,MR,10.7,68,61,64,3.44,0,0
A8442,1702A10WIKI0000000000243892,MR,15,61,58,59,4.1,0,0
A8443,1702A10WIKI0000000000244302,MR,13.8,68,65,66,4.72,0,0
A8444,1702A10WIKI0000000000244144,MR,12.9,65,56,60,3.4,14,6.9
A8445,1702A10WIKI0000000000248662,KR,22.1,60,44,52,4.69,0,0
A8446,1702A10WIKI0000000000253070,MB,19.2,70,51,60,5.43,0,0
A8447,1702A10WIKI0000000000248596,KR,19.8,65,43,54,4.53,0,0
A8448,1702A10WIKI0000000000248840,KR,21.7,66,43,54,4.97,0,0
A8449,1702A10WIKI0000000000248398,KR,21.4,78,61,69,8,0,0
A8450,1702A10WIKI0000000000248390,KR,22.8,66,43,54,5.22,0,0
A8451,1702A10WIKI0000000000252947,MR,16.2,57,41,49,3.05,0,0
A8452,1702A10WIKI0000000000248256,KR,13.4,60,48,54,3.07,0,0
A8453,1702A10WIKI0000000000248623,KR,16.6,54,41,47,2.88,0,0
A8454,1702A10WIKI0000000000248793,KR,15.8,65,46,55,3.75,0,0
A8455,1702A10WIKI0000000000248707,KR,17.8,52,42,47,3.09,0,0
A8456,1702A10WIKI0000000000248708,KR,18.4,53,40,46,3.06,0,0
A8457,1702A10WIKI0000000000252870,MB,17.1,52,40,46,2.84,0,0
A8458,1702A10WIKI0000000000252799,MR,16.2,62,47,54,3.71,0,0
A8459,1702A10WIKI0000000000253043,MB,19,73,59,66,6.01,16,7.5
A8460,1702A10WIKI0000000000253320,MB,13,63,52,57,2.94,17,11.3
A8461,1702A10WIKI0000000000252980,MR,17.7,56,41,48,3.2,0,0
A8462,1702A10WIKI0000000000253139,MR,19.2,66,45,55,4.19,14,8.2
A8463,1702A10WIKI0000000000253464,MB,16.2,73,58,65,4.91,17,8.7
A8464,1702A10WIKI0000000000252952,MB,15,54,43,48,2.71,0,0
A8465,1702A10WIKI0000000000252814,BNS,16.3,50,41,45,2.59,0,0
A8466,1702A10WIKI0000000000248288,KR,20.6,72,62,67,7.26,0,0
A8467,1702A10WIKI0000000000248639,KR,21.1,65,41,53,4.66,0,0
A8468,1702A10WIKI0000000000248261,KR,19.4,62,42,52,4.12,0,0
A8469,1702A10WIKI0000000000248603,KR,16.7,62,40,51,3.41,0,0
A8470,1702A10WIKI0000000000252652,MR,10.1,60,45,52,2.14,0,0
A8471,1702A10WIKI0000000000252757,MR,14.9,57,46,51,3.04,0,0
A8472,1702A10WIKI0000000000252845,MR,17.7,55,43,49,3.34,0,0
A8473,1702A10WIKI0000000000253391,MR,20.2,66,42,54,4.63,0,0
A8474,1702A10WIKI0000000000253408,MR,18.2,58,44,51,3.72,0,0
A8475,1702A10WIKI0000000000253499,MR,14.8,61,42,51,3.02,0,0
A8476,1702A10WIKI0000000000252680,MR,17,70,56,63,5.3,0,0
A8477,1702A10WIKI0000000000253565,MR,17.7,70,52,61,5.17,0,0
A8478,1702A10WIKI0000000000252881,MR,15.4,64,49,56,3.79,0,0
A8479,1702A10WIKI0000000000252856,MR,19.6,72,55,63,6.11,0,0
A8480,1702A10WIKI0000000000253398,MR,20.2,71,49,60,5.71,0,0
A8481,1702A10WIKI0000000000253143,MR,19.4,60,41,50,3.81,0,0
A8482,1702A10WIKI0000000000253372,MR,16.1,68,50,59,4.4,0,0
A8483,1702A10WIKI0000000000253261,MR,15.9,60,46,53,3.51,0,0
A8484,1702A10WIKI0000000000253021,MR,14.8,68,52,60,4.18,0,0
A8485,1702A10WIKI0000000000253465,MR,16.3,55,44,49,3.07,0,0
A8486,1702A10WIKI0000000000248235,KR,23,80,52,66,7.87,0,0
A8487,1702A10WIKI0000000000252824,MR,17,60,45,52,3.61,0,0
A8488,1702A10WIKI0000000000253552,MR,21.3,82,65,73,8.91,0,0
A8489,1702A10WIKI0000000000248592,KR,22.6,74,49,61,6.6,0,0
A8490,1702A10WIKI0000000000253204,MR,14.2,76,57,66,4.86,0,0
A8491,1702A10WIKI0000000000253361,MR,14.4,70,55,62,4.2,10,3.3
A8492,1702A10WIKI0000000000252906,MR,17.4,60,51,55,4.13,0,0
A8493,1702A10WIKI0000000000252789,MR,18.5,75,61,68,6.72,0,0
A8494,1702A10WIKI0000000000252740,MR,21.4,64,50,57,5.46,0,0
A8495,1702A10WIKI0000000000253296,MR,17.2,81,57,69,6.43,0,0
A8496,1702A10WIKI0000000000253335,MR,21.7,61,43,52,4.61,0,0
A8497,1702A10WIKI0000000000252628,MR,16.9,57,43,50,3.32,0,0
A8498,1702A10WIKI0000000000252772,MR,17.8,86,67,76,8.07,0,0
A8499,1702A10WIKI0000000000252796,MR,15.6,54,41,47,2.71,0,0
A8500,1702A10WIKI0000000000253230,MR,17.1,66,49,57,4.36,0,0
A8501,1702A10WIKI0000000000252706,MR,15.3,58,44,51,3.13,0,0
A8502,1702A10WIKI0000000000253218,MR,15.2,77,68,72,6.19,0,0
A8503,1702A10WIKI0000000000252664,MR,17.8,93,69,81,9.17,0,0
A8504,1702A10WIKI0000000000252983,MR,9.9,70,64,67,3.49,0,0
A8505,1702A10WIKI0000000000252630,MR,18.1,60,48,54,4.15,0,0
A8506,1702A10WIKI0000000000252780,MR,15.1,62,45,53,3.33,0,0
A8507,1702A10WIKI0000000000253452,MR,12.7,83,70,76,5.76,0,0
A8508,1702A10WIKI0000000000253541,MR,19.7,102,73,87,11.71,0,0
A8509,1702A10WIKI0000000000253238,MR,17,75,56,65,5.64,0,0
A8510,1702A10WIKI0000000000252710,MR,20.2,62,45,53,4.46,0,0
A8511,1702A10WIKI0000000000252654,MR,16.1,72,60,66,5.51,0,0
A8512,1702A10WIKI0000000000253020,MR,15.6,54,44,49,2.94,0,0
A8513,1702A10WIKI0000000000253501,MR,9,80,64,72,3.66,0,0
A8514,1702A10WIKI0000000000253109,MR,19.2,73,52,62,5.8,0,0
A8515,1702A10WIKI0000000000252857,MR,16.8,64,50,57,4.29,0,0
A8516,1702A10WIKI0000000000253253,MR,22.2,56,44,50,4.36,0,0
A8517,1702A10WIKI0000000000252923,MR,21,70,57,63,6.55,0,0
A8518,1702A10WIKI0000000000252807,MR,16.6,60,44,52,3.53,0,0
A8519,1702A10WIKI0000000000248777,MR,9.7,87,79,83,5.25,0,0
A8520,1702A10WIKI0000000000248212,MR,14.6,61,47,54,3.34,0,0
A8521,1702A10WIKI0000000000248326,MR,16,55,41,48,2.9,0,0
A8522,1702A10WIKI0000000000248770,MR,13,55,45,50,2.55,0,0
A8523,1702A10WIKI0000000000248620,MR,14.9,70,51,60,4.21,0,0
A8524,1702A10WIKI0000000000248507,MB,12.4,50,40,45,1.97,0,0
A8525,1702A10WIKI0000000000248995,MB,21.1,62,44,53,4.66,0,0
A8526,1702A10WIKI0000000000248864,KR,17.1,53,42,47,2.97,0,0
A8527,1702A10WIKI0000000000248822,KR,18.5,60,42,51,3.78,0,0
A8528,1702A10WIKI0000000000248722,KR,9.2,50,40,45,1.46,0,0
A8529,1702A10WIKI0000000000248519,KR,21.2,68,46,57,5.41,0,0
A8530,1702A10WIKI0000000000248299,MR,21,72,44,58,5.55,0,0
A8531,1702A10WIKI0000000000248426,MR,19.1,66,46,56,4.7,0,0
A8532,1702A10WIKI0000000000248765,KR,13.1,66,50,58,3.46,0,0
A8533,1702A10WIKI0000000000248739,KR,20.3,61,45,53,4.48,0,0
A8534,1702A10WIKI0000000000248474,KR,19,62,46,54,4.35,0,0
A8535,1702A10WIKI0000000000248364,MR,20.3,68,51,59,5.55,0,0
A8536,1702A10WIKI0000000000249037,MR,14.8,62,53,57,3.78,0,0
A8537,1702A10WIKI0000000000248969,MR,14.6,65,50,57,3.73,0,0
A8538,1702A10WIKI0000000000248269,MR,22.3,81,64,72,9.08,0,0
A8539,1702A10WIKI0000000000248958,MR,16.2,62,47,54,3.71,0,0
A8540,1702A10WIKI0000000000248844,MR,16.5,70,51,60,4.67,0,0
A8541,1702A10WIKI0000000000248694,KR,15.7,61,42,51,3.21,0,0
A8542,1702A10WIKI0000000000248669,MR,16,70,51,60,4.52,0,0
A8543,1702A10WIKI0000000000248272,MR,18,67,50,58,4.76,0,0
A8544,1702A10WIKI0000000000248307,KR,20.9,74,54,64,6.72,0,0
A8545,1702A10WIKI0000000000248759,MR,13.9,76,60,68,5.05,0,0
A8546,1702A10WIKI0000000000248753,MR,19.6,79,57,68,7.12,0,0
A8547,1702A10WIKI0000000000248450,MR,15.5,58,42,50,3.04,0,0
A8548,1702A10WIKI0000000000248626,MR,16.9,62,49,55,4.02,0,0
A8549,1702A10WIKI0000000000248881,MR,18.6,70,51,60,5.26,0,0
A8550,1702A10WIKI0000000000248470,MR,21.7,62,46,54,4.97,0,0
A8551,1702A10WIKI0000000000248676,MR,18.7,66,54,60,5.29,0,0
A8552,1702A10WIKI0000000000248636,MR,18.5,74,58,66,6.33,0,0
A8553,1702A10WIKI0000000000248581,KR,16.8,83,59,71,6.65,0,0
A8554,1702A10WIKI0000000000248487,MR,18.9,64,53,58,4.99,0,0
A8555,1702A10WIKI0000000000248502,MR,17.2,81,64,72,7,0,0
A8556,1702A10WIKI0000000000248339,MR,20.5,81,64,72,8.35,0,0
A8557,1702A10WIKI0000000000248303,MR,18.3,58,50,54,3.88,13,7.4
A8558,1702A10WIKI0000000000248846,MR,24,62,44,53,5.29,0,0
A8559,1702A10WIKI0000000000248621,MR,19,61,47,54,4.35,0,0
A8560,1702A10WIKI0000000000248710,MR,18.4,55,41,48,3.33,0,0
A8561,1702A10WIKI0000000000248747,MR,14.9,55,42,48,2.7,0,0
A8562,1702A10WIKI0000000000248262,MR,13.6,55,47,51,2.78,0,0
A8563,1702A10WIKI0000000000248681,MR,19,81,66,73,7.95,0,0
A8564,1702A10WIKI0000000000248241,MR,20.2,78,58,68,7.34,0,0
A8565,1702A10WIKI0000000000248228,MR,12.1,60,52,56,2.98,0,0
A8566,1702A10WIKI0000000000249044,MR,17.5,73,46,59,4.78,0,0
A8567,1702A10WIKI0000000000248570,MR,18.1,55,40,47,3.14,0,0
A8568,1702A10WIKI0000000000248310,MR,20.8,67,50,58,5.5,0,0
A8569,1702A10WIKI0000000000248215,MR,20.5,70,58,64,6.59,0,0
A8570,1702A10WIKI0000000000248366,MR,19.3,90,71,80,9.37,13,3.4
A8571,1702A10WIKI0000000000248245,MR,22.2,80,50,65,7.37,0,0
A8572,1702A10WIKI0000000000248443,MR,18.2,64,41,52,3.87,0,0
A8573,1702A10WIKI0000000000248949,MR,15.6,100,70,85,8.29,19,6.4
A8574,1702A10WIKI0000000000248439,MR,16.2,60,43,51,3.31,0,0
A8575,1702A10WIKI0000000000248866,MR,15.2,58,41,49,2.87,0,0
A8576,1702A10WIKI0000000000248856,MR,19,58,41,49,3.58,0,0
A8577,1702A10WIKI0000000000248491,MR,15.9,77,50,63,4.96,0,0
A8578,1702A10WIKI0000000000248593,MR,15.6,55,40,47,2.71,0,0
A8579,1702A10WIKI0000000000248362,MR,11.4,62,50,56,2.81,0,0
A8580,1702A10WIKI0000000000248920,MR,12.3,65,57,61,3.59,0,0
A8581,1702A10WIKI0000000000248845,MR,11.9,57,40,48,2.15,0,0
A8582,1702A10WIKI0000000000248746,MR,17.3,62,44,53,3.82,0,0
A8583,1702A10WIKI0000000000248812,MR,17.5,62,48,55,4.16,0,0
A8584,1702A10WIKI0000000000248429,MR,19.7,62,48,55,4.68,0,0
A8585,1702A10WIKI0000000000248657,MR,19,59,40,49,3.58,0,0
A8586,1702A10WIKI0000000000249035,MR,21,62,43,52,4.46,0,0
A8587,1702A10WIKI0000000000248524,MR,11.3,72,60,66,3.87,0,0
A8588,1702A10WIKI0000000000248209,MB,17.1,69,51,60,4.83,0,0
A8589,1702A10WIKI0000000000248300,MR,13.9,72,64,68,4.31,23,14.6
A8590,1702A10WIKI0000000000248951,MR,8,70,63,66,2.74,0,0
A8591,1702A10WIKI0000000000248492,KR,14,56,40,48,2.53,0,0
A8592,1702A10WIKI0000000000248464,MR,21,76,52,64,6.76,0,0
A8593,1702A10WIKI0000000000248341,MR,15.2,73,56,64,4.89,0,0
A8594,1702A10WIKI0000000000248858,MB,14,67,55,61,4.09,0,0
A8595,1702A10WIKI0000000000248511,MR,11.5,55,44,49,2.17,0,0
A8596,1702A10WIKI0000000000248673,MB,14.2,56,44,50,2.79,0,0
A8597,1702A10WIKI0000000000248729,KR,13.7,69,49,59,3.75,0,0
A8598,1702A10WIKI0000000000248959,KR,16.8,55,40,47,2.91,0,0
A8599,1702A10WIKI0000000000248610,MB,16.5,62,51,56,3.9,10,4.1
A8600,1702A10WIKI0000000000248670,MB,13,50,42,46,1.87,15,13.5
A8601,1702A10WIKI0000000000248396,MR,16.5,61,47,54,3.78,0,0
A8602,1702A10WIKI0000000000248580,MB,18.2,59,47,53,4.02,0,0
A8603,1702A10WIKI0000000000248508,MR,14.4,60,47,53,3.18,0,0
A8604,1702A10WIKI0000000000248814,MB,15.4,66,53,59,4.21,0,0
A8605,1702A10WIKI0000000000248385,KR,21.2,74,56,65,7.03,0,0
A8606,1702A10WIKI0000000000248744,KR,16.8,63,45,54,3.85,0,0
A8607,1702A10WIKI0000000000248727,MB,16.2,64,51,57,4.13,0,0
A8608,1702A10WIKI0000000000248566,MB,15.7,62,47,54,3.37,12,6.3
A8609,1702A10WIKI0000000000248357,MR,16.2,57,40,48,2.93,0,0
A8610,1702A10WIKI0000000000248483,KR,18,67,44,55,4.28,0,0
A8611,1702A10WIKI0000000000248289,KR,21.1,63,44,53,4.66,0,0
A8612,1702A10WIKI0000000000248587,KR,16.8,65,52,58,4.44,0,0
A8613,1702A10WIKI0000000000248457,KR,17,58,46,52,3.61,0,0
A8614,1702A10WIKI0000000000248340,KR,18.3,59,45,52,3.89,0,0
A8615,1702A10WIKI0000000000248263,KR,16.8,57,48,52,3.57,0,0
A8616,1702A10WIKI0000000000248204,KR,19.7,62,44,53,4.35,0,0
A8617,1702A10WIKI0000000000248743,KR,17.1,61,40,50,3.19,10,5.1
A8618,1702A10WIKI0000000000248284,KR,16,55,40,47,2.78,0,0
A8619,1702A10WIKI0000000000254243,MR,12.7,56,42,49,2.39,0,0
A8620,1702A10WIKI0000000000253647,MR,13,68,55,61,3.8,0,0
A8621,1702A10WIKI0000000000254630,MR,19.4,65,42,53,4.28,0,0
A8622,1702A10WIKI0000000000254429,BNS,11.7,106,92,99,8.15,27,9.5
A8623,1702A10WIKI0000000000254678,MB,19.8,63,45,54,4.53,0,0
A8624,1702A10WIKI0000000000254495,MR,18.6,68,55,61,5.44,0,0
A8625,1702A10WIKI0000000000254299,MR,15,61,50,55,3.56,0,0
A8626,1702A10WIKI0000000000253794,KR,10.3,66,60,63,2.98,15,7.2
A8627,1702A10WIKI0000000000254614,KR,23,70,50,60,6.17,12,5.1
A8628,1702A10WIKI0000000000253574,KR,23.3,62,45,53,5.14,0,0
A8629,1702A10WIKI0000000000253963,KR,15.3,62,51,56,3.77,0,0
A8630,1702A10WIKI0000000000253582,MR,13.6,72,59,65,4.38,10,3
A8631,1702A10WIKI0000000000254206,MR,18.1,66,50,58,4.78,0,0
A8632,1702A10WIKI0000000000254738,MR,14.9,59,43,51,3.04,0,0
A8633,1702A10WIKI0000000000254162,MR,23.1,68,55,61,6.75,0,0
A8634,1702A10WIKI0000000000254684,MR,20.6,92,72,82,10.88,0,0
A8635,1702A10WIKI0000000000254288,MR,20.5,76,62,69,7.67,0,0
A8636,1702A10WIKI0000000000253640,MR,21.2,67,42,54,4.86,0,0
A8637,1702A10WIKI0000000000253840,MR,20.5,80,58,69,7.67,0,0
A8638,1702A10WIKI0000000000254240,MR,12.6,56,45,50,2.47,0,0
A8639,1702A10WIKI0000000000254258,MR,15.3,62,51,56,3.77,0,0
A8640,1702A10WIKI0000000000253994,MR,13.8,55,41,48,2.5,0,0
A8641,1702A10WIKI0000000000254379,MR,17.7,65,53,59,4.84,0,0
A8642,1702A10WIKI0000000000254019,MR,19,72,50,61,5.55,0,0
A8643,1702A10WIKI0000000000254127,MR,23.6,80,65,72,9.61,0,0
A8644,1702A10WIKI0000000000254179,MR,17.9,78,63,70,6.89,0,0
A8645,1702A10WIKI0000000000254014,MR,15.7,80,70,75,6.94,0,0
A8646,1702A10WIKI0000000000253894,MR,18,72,62,67,6.35,0,0
A8647,1702A10WIKI0000000000254369,BNS,18.8,98,81,89,11.02,19,5.8
A8648,1702A10WIKI0000000000253730,MR,11.5,87,73,80,5.78,0,0
A8649,1702A10WIKI0000000000254607,MR,18.6,83,60,71,7.36,0,0
A8650,1702A10WIKI0000000000253934,MR,20.2,56,45,50,3.97,0,0
A8651,1702A10WIKI0000000000254459,MR,18.7,56,40,48,3.38,0,0
A8652,1702A10WIKI0000000000254654,MR,13.7,66,52,59,3.14,21,16.1
A8653,1702A10WIKI0000000000254287,MR,16,60,43,51,3.27,0,0
A8654,1702A10WIKI0000000000254732,MR,19.6,72,57,64,6.31,0,0
A8655,1702A10WIKI0000000000254772,MR,20.1,86,64,75,8.88,0,0
A8656,1702A10WIKI0000000000253864,KR,19.6,61,40,50,3.85,0,0
A8657,1702A10WIKI0000000000254190,KR,19.5,68,47,57,4.98,0,0
A8658,1702A10WIKI0000000000254349,KR,20.3,88,72,80,10.2,0,0
A8659,1702A10WIKI0000000000254358,KR,21,60,40,50,4.12,0,0
A8660,1702A10WIKI0000000000254023,KR,19.9,63,44,53,4.39,0,0
A8661,1702A10WIKI0000000000254413,KR,19.1,61,46,53,4.21,0,0
A8662,1702A10WIKI0000000000254036,KR,16.5,52,41,46,2.74,0,0
A8663,1702A10WIKI0000000000253821,MB,17.5,65,54,59,4.57,11,4.4
A8664,1702A10WIKI0000000000254085,MR,20.9,83,60,71,8.27,0,0
A8665,1702A10WIKI0000000000254787,MR,15.8,69,60,64,4.32,22,15
A8666,1702A10WIKI0000000000254741,MR,20.1,91,85,88,12.23,0,0
A8667,1702A10WIKI0000000000253682,MR,15.9,80,66,73,6.65,0,0
A8668,1702A10WIKI0000000000254710,MR,12.1,55,40,47,2.1,0,0
A8669,1702A10WIKI0000000000254140,MR,18.4,60,42,51,3.76,0,0
A8670,1702A10WIKI0000000000254677,MR,17.8,84,68,76,8.07,0,0
A8671,1702A10WIKI0000000000254731,MR,22.3,96,70,83,12.07,0,0
A8672,1702A10WIKI0000000000254517,MR,18.6,67,54,60,5.26,0,0
A8673,1702A10WIKI0000000000254094,MR,15.8,75,65,70,5.38,21,11.5
A8674,1702A10WIKI0000000000254646,MR,18.1,57,44,50,3.55,0,0
A8675,1702A10WIKI0000000000253803,MR,20.4,90,73,81,10.51,0,0
A8676,1702A10WIKI0000000000254701,MR,18.9,96,75,85,10.72,0,0
A8677,1702A10WIKI0000000000254098,MR,20.6,60,42,51,4.21,0,0
A8678,1702A10WIKI0000000000254152,MR,20.7,70,57,63,6.45,0,0
A8679,1702A10WIKI0000000000239407,MR,20.1,63,45,54,4.6,0,0
A8680,1702A10WIKI0000000000239231,BNS,19.7,65,51,58,5.2,0,0
A8681,1702A10WIKI0000000000238882,BNS,21.3,104,75,89,13.25,0,0
A8682,1702A10WIKI0000000000238861,MB,14.9,58,48,53,3.29,0,0
A8683,1702A10WIKI0000000000239236,MB,23.9,70,48,59,6.53,0,0
A8684,1702A10WIKI0000000000239106,MB,20.1,62,54,58,5.31,0,0
A8685,1702A10WIKI0000000000239130,MR,12.3,60,46,53,2.71,0,0
A8686,1702A10WIKI0000000000239031,MR,20.9,72,52,62,5.77,16,8.5
A8687,1702A10WIKI0000000000239226,MR,13.9,66,55,60,3.48,18,11.5
A8688,1702A10WIKI0000000000238502,MB,15.8,61,52,56,3.89,0,0
A8689,1702A10WIKI0000000000239341,MB,17.7,60,48,54,4.05,0,0
A8690,1702A10WIKI0000000000239029,MB,20.6,82,63,72,7.64,19,8.9
A8691,1702A10WIKI0000000000238713,BNS,14.6,110,97,103,10.85,30,10.8
A8692,1702A10WIKI0000000000238916,MR,16,78,68,73,6.7,0,0
A8693,1702A10WIKI0000000000238644,MR,13.9,63,59,61,4.06,0,0
A8694,1702A10WIKI0000000000238919,KR,17.3,59,43,51,3.53,0,0
A8695,1702A10WIKI0000000000239402,KR,23.1,88,57,72,9.41,0,0
A8696,1702A10WIKI0000000000238948,KR,19.1,76,49,62,5.77,0,0
A8697,1702A10WIKI0000000000238881,KR,23,80,56,68,8.35,0,0
A8698,1702A10WIKI0000000000238848,KR,21.8,90,70,80,10.96,0,0
A8699,1702A10WIKI0000000000239162,KR,21.3,83,66,74,9.16,0,0
A8700,1702A10WIKI0000000000238906,KR,21.8,64,54,59,5.96,0,0
A8701,1702A10WIKI0000000000239409,MR,21.2,63,43,53,4.68,0,0
A8702,1702A10WIKI0000000000239246,KR,20.2,64,45,54,4.63,0,0
A8703,1702A10WIKI0000000000238661,KR,15.9,68,50,59,4.35,0,0
A8704,1702A10WIKI0000000000238593,KR,20.8,82,64,73,8.71,0,0
A8705,1702A10WIKI0000000000238506,KR,20.3,78,59,68,7.37,0,0
A8706,1702A10WIKI0000000000239023,KR,22.2,81,62,71,8.79,0,0
A8707,1702A10WIKI0000000000239392,MR,22.7,70,45,57,4.88,20,15.7
A8708,1702A10WIKI0000000000238767,MR,17.4,88,65,76,7.89,0,0
A8709,1702A10WIKI0000000000238762,MR,22,93,70,81,11.34,0,0
A8710,1702A10WIKI0000000000238613,KR,19.3,60,43,51,3.94,0,0
A8711,1702A10WIKI0000000000238875,KR,21.2,63,45,54,4.86,0,0
A8712,1702A10WIKI0000000000239151,KR,19.1,60,42,51,3.9,0,0
A8713,1702A10WIKI0000000000238623,KR,14.3,82,70,76,6.49,0,0
A8714,1702A10WIKI0000000000238470,KR,20.1,58,42,50,3.95,0,0
A8715,1702A10WIKI0000000000254567,MR,15.7,72,60,66,5.37,0,0
A8716,1702A10WIKI0000000000254103,MR,13.5,57,45,51,2.76,0,0
A8717,1702A10WIKI0000000000254515,KR,18.3,56,43,49,3.45,0,0
A8718,1702A10WIKI0000000000254290,KR,17.6,78,56,67,6.21,0,0
A8719,1702A10WIKI0000000000254362,MB,14,52,50,51,2.86,0,0
A8720,1702A10WIKI0000000000254337,MB,14.8,78,61,69,5.2,15,6
A8721,1702A10WIKI0000000000253923,MB,8.7,62,56,59,2.38,0,0
A8722,1702A10WIKI0000000000253611,MB,15.4,58,53,55,3.66,0,0
A8723,1702A10WIKI0000000000254749,MB,15.7,59,42,50,3.08,0,0
A8724,1702A10WIKI0000000000253903,MB,17.8,70,60,65,5.91,0,0
A8725,1702A10WIKI0000000000254367,KR,15.3,75,54,64,4.92,0,0
A8726,1702A10WIKI0000000000253577,MB,13.5,56,47,51,2.76,0,0
A8727,1702A10WIKI0000000000254129,MR,21.3,95,65,80,10.71,0,0
A8728,1702A10WIKI0000000000254585,MR,13.9,55,41,48,2.52,0,0
A8729,1702A10WIKI0000000000254733,KR,17.1,80,56,68,6.21,0,0
A8730,1702A10WIKI0000000000253614,KR,16.2,57,43,50,3.18,0,0
A8731,1702A10WIKI0000000000254775,KR,12.3,56,41,48,2.23,0,0
A8732,1702A10WIKI0000000000254001,KR,12.7,110,91,100,9.97,0,0
A8733,1702A10WIKI0000000000253909,KR,13.7,66,51,58,3.62,0,0
A8734,1702A10WIKI0000000000253781,MR,15,90,73,81,7.73,0,0
A8735,1702A10WIKI0000000000253644,KR,23.7,61,47,54,5.43,0,0
A8736,1702A10WIKI0000000000254173,KR,17.5,92,73,82,9.24,0,0
A8737,1702A10WIKI0000000000254748,KR,20.3,80,57,68,7.37,0,0
A8738,1702A10WIKI0000000000253600,MR,21.2,77,58,67,7.47,0,0
A8739,1702A10WIKI0000000000254376,MR,18.7,90,67,78,8.94,0,0
A8740,1702A10WIKI0000000000253668,MR,22.7,82,65,73,9.5,0,0
A8741,1702A10WIKI0000000000254187,MR,12.6,68,57,62,3.8,0,0
A8742,1702A10WIKI0000000000253774,MR,14.1,58,45,51,2.74,10,4.9
A8743,1702A10WIKI0000000000254176,MR,13.3,63,48,55,3.16,0,0
A8744,1702A10WIKI0000000000253874,KR,13.5,63,47,55,3.21,0,0
A8745,1702A10WIKI0000000000254404,KR,17.9,58,40,49,3.38,0,0
A8746,1702A10WIKI0000000000261637,KR,23,62,43,52,4.88,0,0
A8747,1702A10WIKI0000000000261592,KR,19.9,70,51,60,5.63,0,0
A8748,1702A10WIKI0000000000261527,KR,19.5,70,51,60,5.51,0,0
A8749,1702A10WIKI0000000000261723,BNS,17.1,84,69,76,7.32,16,5.6
A8750,1702A10WIKI0000000000261305,MR,18.3,61,48,54,4.19,0,0
A8751,1702A10WIKI0000000000261386,KR,15.8,59,42,50,3.1,0,0
A8752,1702A10WIKI0000000000261145,KR,17.6,59,47,53,3.88,0,0
A8753,1702A10WIKI0000000000261859,KR,17.4,51,45,48,3.15,0,0
A8754,1702A10WIKI0000000000261882,KR,16.6,60,51,55,3.94,0,0
A8755,1702A10WIKI0000000000261100,KR,19.2,64,44,54,4.4,0,0
A8756,1702A10WIKI0000000000261774,KR,21,66,50,58,5.55,0,0
A8757,1702A10WIKI0000000000261474,KR,18.3,56,47,51,3.74,0,0
A8758,1702A10WIKI0000000000261439,KR,21.9,72,54,63,6.83,0,0
A8759,1702A10WIKI0000000000261314,KR,23.6,73,60,66,8.07,0,0
A8760,1702A10WIKI0000000000261716,MR,19.5,65,43,54,4.47,0,0
A8761,1702A10WIKI0000000000261585,KR,20,65,50,57,5.1,0,0
A8762,1702A10WIKI0000000000261295,KR,19.8,56,40,48,3.58,0,0
A8763,1702A10WIKI0000000000261402,KR,21.3,68,46,57,5.44,0,0
A8764,1702A10WIKI0000000000261732,MR,19.5,70,50,60,5.51,0,0
A8765,1702A10WIKI0000000000261626,KR,18.3,75,58,66,6.26,0,0
A8766,1702A10WIKI0000000000261590,KR,20.8,74,54,64,6.34,13,5.3
A8767,1702A10WIKI0000000000261106,KR,19.9,77,59,68,7.23,0,0
A8768,1702A10WIKI0000000000261446,KR,16.8,72,54,63,5.24,0,0
A8769,1702A10WIKI0000000000261468,KR,17.4,56,40,48,3.15,0,0
A8770,1702A10WIKI0000000000261829,KR,19,59,44,51,3.88,0,0
A8771,1702A10WIKI0000000000261367,KR,19.8,70,50,60,5.6,0,0
A8772,1702A10WIKI0000000000261883,KR,16.7,72,47,59,4.57,0,0
A8773,1702A10WIKI0000000000261605,KR,16.3,70,53,61,4.76,0,0
A8774,1702A10WIKI0000000000261461,BNS,11.9,53,47,50,2.22,10,5.1
A8775,1702A10WIKI0000000000261410,KR,16.5,57,40,48,2.99,0,0
A8776,1702A10WIKI0000000000261175,MB,17.5,65,49,57,4.47,0,0
A8777,1702A10WIKI0000000000261874,MB,10.3,70,61,65,3.12,17,8.7
A8778,1702A10WIKI0000000000261273,KR,20.5,64,48,56,5.05,0,0
A8779,1702A10WIKI0000000000261491,MR,19.1,72,52,62,5.21,17,9.6
A8780,1702A10WIKI0000000000261429,KR,11.5,55,48,51,2.35,0,0
A8781,1702A10WIKI0000000000261124,KR,14,63,42,52,2.97,0,0
A8782,1702A10WIKI0000000000261647,KR,15.4,58,42,50,2.8,12,7.3
A8783,1702A10WIKI0000000000261812,KR,19.5,62,44,53,4.3,0,0
A8784,1702A10WIKI0000000000261880,KR,21,74,44,59,5.74,0,0
A8785,1702A10WIKI0000000000261406,KR,23.1,74,47,60,6.53,0,0
A8786,1702A10WIKI0000000000261422,KR,12.5,55,40,47,2.17,0,0
A8787,1702A10WIKI0000000000247567,MR,13.1,55,45,50,2.24,16,13
A8788,1702A10WIKI0000000000261218,MR,21.6,89,56,72,8.79,0,0
A8789,1702A10WIKI0000000000261727,MR,18.9,76,55,65,6.27,0,0
A8790,1702A10WIKI0000000000261216,MR,21.9,84,64,74,9.42,0,0
A8791,1702A10WIKI0000000000261482,MR,19.2,75,59,67,6.77,0,0
A8792,1702A10WIKI0000000000261363,MR,19,68,48,58,5.02,0,0
A8793,1702A10WIKI0000000000261228,MR,20.6,70,52,61,6.02,0,0
A8794,1702A10WIKI0000000000247650,MR,18.7,59,46,52,3.97,0,0
A8795,1702A10WIKI0000000000261180,KR,19.6,66,52,59,5.36,0,0
A8796,1702A10WIKI0000000000261391,KR,17.2,67,59,63,5.36,0,0
A8797,1702A10WIKI0000000000261255,KR,15.9,58,40,49,3,0,0
A8798,1702A10WIKI0000000000261684,KR,21.5,72,51,61,6.28,0,0
A8799,1702A10WIKI0000000000261629,KR,22.9,70,50,60,6.47,0,0
A8800,1702A10WIKI0000000000261578,KR,19.3,80,59,69,7.22,0,0
A8801,1702A10WIKI0000000000261734,KR,23,74,55,64,7.4,0,0
A8802,1702A10WIKI0000000000261235,KR,22.2,80,53,66,7.6,0,0
A8803,1702A10WIKI0000000000261136,MR,11.3,78,70,74,4.86,0,0
A8804,1702A10WIKI0000000000248007,MR,14.2,60,45,52,3.02,0,0
A8805,1702A10WIKI0000000000248051,MR,12.9,67,55,61,3.59,12,4.9
A8806,1702A10WIKI0000000000247580,MR,12.3,55,42,48,2.23,0,0
A8807,1702A10WIKI0000000000261839,MR,14.6,77,64,70,5.62,0,0
A8808,1702A10WIKI0000000000247664,MR,16.4,58,44,51,3.35,0,0
A8809,1702A10WIKI0000000000261624,BNS,13,83,74,78,6.21,0,0
A8810,1702A10WIKI0000000000261775,KR,19.9,62,51,56,4.9,0,0
A8811,1702A10WIKI0000000000261195,MR,20.6,78,56,67,7.26,0,0
A8812,1702A10WIKI0000000000261348,MR,19.4,64,50,57,4.95,0,0
A8813,1702A10WIKI0000000000261873,MR,19.7,74,50,62,5.95,0,0
A8814,1702A10WIKI0000000000261361,MR,16.9,65,45,55,4.02,0,0
A8815,1702A10WIKI0000000000261388,MR,17.6,99,80,89,10.95,0,0
A8816,1702A10WIKI0000000000248167,MR,13.8,65,55,60,3.9,0,0
A8817,1702A10WIKI0000000000261453,MR,17.7,62,54,58,4.68,0,0
A8818,1702A10WIKI0000000000261666,MR,17.1,130,109,119,19.02,0,0
A8819,1702A10WIKI0000000000261473,MR,21.2,60,45,52,4.5,0,0
A8820,1702A10WIKI0000000000261767,MR,13.9,105,79,92,9.24,0,0
A8821,1702A10WIKI0000000000261604,MR,12.7,79,67,73,5.32,0,0
A8822,1702A10WIKI0000000000261208,MR,15,88,70,79,7.35,0,0
A8823,1702A10WIKI0000000000247936,MR,9.8,57,50,53,2.16,0,0
A8824,1702A10WIKI0000000000261326,MR,15.4,100,75,87,9.15,0,0
A8825,1702A10WIKI0000000000261888,MR,20.8,72,56,64,6.69,0,0
A8826,1702A10WIKI0000000000261502,MR,16.1,92,68,80,8.09,0,0
A8827,1702A10WIKI0000000000261513,MR,14.9,97,72,84,8.26,0,0
A8828,1702A10WIKI0000000000261418,MR,18.1,110,91,100,14.22,0,0
A8829,1702A10WIKI0000000000247982,MR,10.9,68,57,62,3.29,0,0
A8830,1702A10WIKI0000000000261739,MR,20.9,115,94,104,17.75,0,0
A8831,1702A10WIKI0000000000261309,MR,22.8,98,74,86,13.24,0,0
A8832,1702A10WIKI0000000000261197,MR,15.5,82,61,71,6.14,0,0
A8833,1702A10WIKI0000000000247753,MR,14.1,56,47,51,2.88,0,0
A8834,1702A10WIKI0000000000261692,MR,17.8,89,72,80,8.95,0,0
A8835,1702A10WIKI0000000000247988,MR,10.8,72,61,66,3.69,0,0
A8836,1702A10WIKI0000000000261236,MR,13.9,85,71,78,6.64,0,0
A8837,1702A10WIKI0000000000261313,MR,19.9,74,57,65,6.6,0,0
A8838,1702A10WIKI0000000000261333,MR,15.4,75,61,68,5.59,0,0
A8839,1702A10WIKI0000000000247659,MR,15.5,64,47,55,3.68,0,0
A8840,1702A10WIKI0000000000247806,MR,15.4,65,50,57,3.93,0,0
A8841,1702A10WIKI0000000000261853,MR,17.9,66,47,56,4.41,0,0
A8842,1702A10WIKI0000000000261779,MR,17.8,82,59,70,6.85,0,0
A8843,1702A10WIKI0000000000261310,MR,19.6,60,48,54,4.49,0,0
A8844,1702A10WIKI0000000000248010,MR,14,60,53,56,2.89,20,16.2
A8845,1702A10WIKI0000000000261108,MR,22.3,66,52,59,5.45,17,10.6
A8846,1702A10WIKI0000000000261495,MR,19.2,63,48,55,4.56,0,0
A8847,1702A10WIKI0000000000247962,MR,13.2,64,49,56,3.25,0,0
A8848,1702A10WIKI0000000000261423,MR,14.2,80,72,76,6.44,0,0
A8849,1702A10WIKI0000000000261690,MR,9.9,84,80,82,5.23,0,0
A8850,1702A10WIKI0000000000261375,MR,13.1,80,69,74,5.63,0,0
A8851,1702A10WIKI0000000000247724,MR,11.3,69,60,64,3.64,0,0
A8852,1702A10WIKI0000000000261243,MR,21.6,88,66,77,10.06,0,0
A8853,1702A10WIKI0000000000261797,KR,16.3,64,52,58,4.31,0,0
A8854,1702A10WIKI0000000000247990,MR,18,62,40,51,3.68,0,0
A8855,1702A10WIKI0000000000261191,MR,17.4,80,60,70,6.49,11,3.1
A8856,1702A10WIKI0000000000261718,MR,18.8,61,46,53,4.15,0,0
A8857,1702A10WIKI0000000000247387,MR,9.4,73,65,69,3.51,0,0
A8858,1702A10WIKI0000000000247841,MR,16.7,65,46,55,3.97,0,0
A8859,1702A10WIKI0000000000247467,MR,15.1,60,44,52,3.21,0,0
A8860,1702A10WIKI0000000000247679,MR,16.2,60,43,51,3.31,0,0
A8861,1702A10WIKI0000000000261120,MR,13.2,88,71,79,6.47,0,0
A8862,1702A10WIKI0000000000261304,KR,17.5,56,42,49,3.3,0,0
A8863,1702A10WIKI0000000000261597,MB,11.1,78,63,70,4.27,0,0
A8864,1702A10WIKI0000000000261555,MB,21.3,67,47,57,5.44,0,0
A8865,1702A10WIKI0000000000261657,MB,16.3,67,56,61,4.29,17,9.9
A8866,1702A10WIKI0000000000261425,MR,19.3,72,53,62,5.83,0,0
A8867,1702A10WIKI0000000000247409,MR,14.4,56,43,49,2.72,0,0
A8868,1702A10WIKI0000000000261352,MR,19.3,109,88,98,14.56,0,0
A8869,1702A10WIKI0000000000261719,MB,13,99,82,90,7.75,20,6.3
A8870,1702A10WIKI0000000000261545,KR,13.9,99,76,87,8.26,0,0
A8871,1702A10WIKI0000000000261104,MB,15,85,70,77,6.84,10,2.1
A8872,1702A10WIKI0000000000261514,KR,16.7,79,60,69,6.24,0,0
A8873,1702A10WIKI0000000000261823,MR,17.8,64,52,58,4.7,0,0
A8874,1702A10WIKI0000000000261816,MR,17.8,68,55,61,5.2,0,0
A8875,1702A10WIKI0000000000261544,MB,18.5,72,54,63,5.77,0,0
A8876,1702A10WIKI0000000000261858,KR,15.2,71,58,64,4.89,0,0
A8877,1702A10WIKI0000000000261110,MR,16.8,72,58,65,5.29,13,5.1
A8878,1702A10WIKI0000000000261353,MR,18.8,85,62,73,7.87,0,0
A8879,1702A10WIKI0000000000261612,MR,17.4,65,52,58,4.6,0,0
A8880,1702A10WIKI0000000000261755,MR,15.8,72,54,63,4.93,0,0
A8881,1702A10WIKI0000000000261886,MB,16.7,61,48,54,3.82,0,0
A8882,1702A10WIKI0000000000261102,KR,16.8,75,50,62,5.07,0,0
A8883,1702A10WIKI0000000000261374,KR,17.4,55,42,48,3.15,0,0
A8884,1702A10WIKI0000000000261149,KR,17.4,57,40,48,3.15,0,0
A8885,1702A10WIKI0000000000248086,MR,13.8,62,45,53,3.04,0,0
A8886,1702A10WIKI0000000000261260,MB,17.8,67,52,59,4.41,16,9.4
A8887,1702A10WIKI0000000000261428,MR,17.6,62,52,57,4.49,0,0
A8888,1702A10WIKI0000000000261687,MB,15.4,59,44,51,3.15,0,0
A8889,1702A10WIKI0000000000261863,KR,15.5,58,43,50,3.04,0,0
A8890,1702A10WIKI0000000000261663,KR,16.5,78,58,68,5.99,0,0
A8891,1702A10WIKI0000000000261778,BNS,17.5,72,60,66,4.71,27,21.3
A8892,1702A10WIKI0000000000261143,BNS,20.8,78,61,69,6.14,28,21
A8893,1702A10WIKI0000000000247466,MR,11.4,57,51,54,2.61,0,0
A8894,1702A10WIKI0000000000261126,MR,23.1,70,52,61,6.75,0,0
A8895,1702A10WIKI0000000000261546,MR,20.2,90,62,76,9.16,0,0
A8896,1702A10WIKI0000000000247483,MR,16.6,62,47,54,3.8,0,0
A8897,1702A10WIKI0000000000247622,MR,18.7,60,41,50,3.67,0,0
A8898,1702A10WIKI0000000000261711,MR,20.6,71,40,55,4.89,0,0
A8899,1702A10WIKI0000000000261700,MR,20.5,73,57,65,6.8,0,0
A8900,1702A10WIKI0000000000261101,MR,19,63,46,54,4.35,0,0
A8901,1702A10WIKI0000000000261496,KR,14.9,62,44,53,3.29,0,0
A8902,1702A10WIKI0000000000261434,MR,18.7,62,47,54,4.28,0,0
A8903,1702A10WIKI0000000000261279,MR,16.9,74,52,63,5.27,0,0
A8904,1702A10WIKI0000000000261749,MR,23.6,82,47,64,7.59,0,0
A8905,1702A10WIKI0000000000247602,MR,16,55,40,47,2.78,0,0
A8906,1702A10WIKI0000000000261094,MR,19,69,46,57,4.85,0,0
A8907,1702A10WIKI0000000000247939,MR,16.7,56,44,50,3.28,0,0
A8908,1702A10WIKI0000000000247739,MR,16.4,56,40,48,2.97,0,0
A8909,1702A10WIKI0000000000261543,MR,16.4,68,55,61,4.79,0,0
A8910,1702A10WIKI0000000000261840,MR,18.8,64,43,53,4.15,0,0
A8911,1702A10WIKI0000000000248046,MR,15.4,55,45,50,3.02,0,0
A8912,1702A10WIKI0000000000248020,MR,16.1,55,40,47,2.79,0,0
A8913,1702A10WIKI0000000000247485,MR,11.3,67,53,60,3.2,0,0
A8914,1702A10WIKI0000000000261291,MR,15,100,82,91,9.76,0,0
A8915,1702A10WIKI0000000000261600,MR,17.7,62,47,54,4.05,0,0
A8916,1702A10WIKI0000000000247375,MR,14.5,58,45,51,2.96,0,0
A8917,1702A10WIKI0000000000261736,MR,19.5,65,51,58,5.15,0,0
A8918,1702A10WIKI0000000000261521,MR,19.7,60,44,52,4.18,0,0
A8919,1702A10WIKI0000000000261134,MR,11.5,114,93,103,9.58,0,0
A8920,1702A10WIKI0000000000261284,MR,18.6,72,55,63,5.8,0,0
A8921,1702A10WIKI0000000000261357,MR,18.8,63,45,54,4.31,0,0
A8922,1702A10WIKI0000000000261274,MR,22.1,106,90,98,16.67,0,0
A8923,1702A10WIKI0000000000261535,MR,18.3,72,51,61,5.35,0,0
A8924,1702A10WIKI0000000000248064,MR,8.1,80,77,78,3.87,0,0
A8925,1702A10WIKI0000000000261188,MR,13.7,87,80,83,7.1,15,4.2
A8926,1702A10WIKI0000000000261381,KR,18.8,97,78,87,11.18,0,0
A8927,1702A10WIKI0000000000261121,MR,19.3,75,62,68,7.01,0,0
A8928,1702A10WIKI0000000000247372,MR,11.8,55,44,49,2.23,0,0
A8929,1702A10WIKI0000000000248027,MR,12.3,63,53,58,3.25,0,0
A8930,1702A10WIKI0000000000261258,MR,10.9,86,73,79,5.34,0,0
A8931,1702A10WIKI0000000000261376,MR,13.1,74,60,67,4.62,0,0
A8932,1702A10WIKI0000000000261763,MR,19.5,70,51,60,5.51,0,0
A8933,1702A10WIKI0000000000247595,MR,16.4,56,47,51,3.35,0,0
A8934,1702A10WIKI0000000000261351,MR,16.8,66,50,58,4.44,0,0
A8935,1702A10WIKI0000000000261177,MR,19.7,71,47,59,5.39,0,0
A8936,1702A10WIKI0000000000261547,MR,12.9,80,66,73,5.27,10,2.4
A8937,1702A10WIKI0000000000261895,MR,21.4,84,63,73,8.96,0,0
A8938,1702A10WIKI0000000000247824,MR,16.7,65,40,52,3.55,0,0
A8939,1702A10WIKI0000000000247621,MR,13,56,43,49,2.45,0,0
A8940,1702A10WIKI0000000000261182,MR,10.6,85,70,77,4.73,14,4.2
A8941,1702A10WIKI0000000000261686,MR,15.6,65,51,58,4.12,0,0
A8942,1702A10WIKI0000000000261751,MR,17.7,61,52,56,4.36,0,0
A8943,1702A10WIKI0000000000261103,MR,21.3,59,43,51,4.35,0,0
A8944,1702A10WIKI0000000000261299,MR,23.2,62,49,55,5.51,0,0
A8945,1702A10WIKI0000000000247499,MR,10.4,65,58,61,2.66,19,12.4
A8946,1702A10WIKI0000000000261303,MR,16.8,92,79,85,9.53,0,0
A8947,1702A10WIKI0000000000261123,MR,16.8,107,76,91,10.93,0,0
A8948,1702A10WIKI0000000000261178,MR,14.4,76,57,66,4.93,0,0
A8949,1702A10WIKI0000000000261394,MR,21.7,98,77,87,12.04,20,6.7
A8950,1702A10WIKI0000000000261731,MR,17,66,50,58,4.49,0,0
A8951,1702A10WIKI0000000000247370,MR,12.8,57,46,51,2.61,0,0
A8952,1702A10WIKI0000000000261438,KR,11.9,70,54,62,3.59,0,0
A8953,1702A10WIKI0000000000261525,MB,11.9,56,50,53,2.63,0,0
A8954,1702A10WIKI0000000000261342,KR,19.5,73,50,61,5.7,0,0
A8955,1702A10WIKI0000000000261851,KR,18.9,53,41,47,3.28,0,0
A8956,1702A10WIKI0000000000261430,KR,20.3,56,40,48,3.67,0,0
A8957,1702A10WIKI0000000000261372,KR,20.4,82,61,71,8.08,0,0
A8958,1702A10WIKI0000000000261155,KR,17.3,62,40,51,3.53,0,0
A8959,1702A10WIKI0000000000261213,KR,21.8,60,41,50,4.28,0,0
A8960,1702A10WIKI0000000000261359,KR,19,70,42,56,4.68,0,0
A8961,1702A10WIKI0000000000261634,KR,21,63,45,54,4.81,0,0
A8962,1702A10WIKI0000000000261794,KR,15.4,59,42,50,2.87,10,5.1
A8963,1702A10WIKI0000000000261204,MR,17.4,69,52,60,4.92,0,0
A8964,1702A10WIKI0000000000261202,KR,20.2,73,42,57,5.15,0,0
A8965,1702A10WIKI0000000000261801,KR,16.2,58,40,49,3.05,0,0
A8966,1702A10WIKI0000000000261593,KR,12,69,58,63,3.74,0,0
A8967,1702A10WIKI0000000000261344,KR,11.6,58,55,56,2.86,0,0
A8968,1702A10WIKI0000000000261238,KR,15.1,58,40,49,2.85,0,0
A8969,1702A10WIKI0000000000261688,KR,10,71,55,63,3.02,10,3.2
A8970,1702A10WIKI0000000000261477,MR,19.9,77,53,65,6.6,0,0
A8971,1702A10WIKI0000000000261338,MR,11.9,77,64,70,4.58,0,0
A8972,1702A10WIKI0000000000247845,MR,13.9,64,55,59,3.8,0,0
A8973,1702A10WIKI0000000000260366,MR,12,75,63,69,4.49,0,0
A8974,1702A10WIKI0000000000260618,MR,18,80,60,70,6.93,0,0
A8975,1702A10WIKI0000000000242189,KR,18,107,72,89,11.2,0,0
A8976,1702A10WIKI0000000000261026,MR,17.3,72,61,66,5.92,0,0
A8977,1702A10WIKI0000000000241878,KR,16.6,110,77,93,11.28,0,0
A8978,1702A10WIKI0000000000241955,KR,18.7,98,86,92,12.43,0,0
A8979,1702A10WIKI0000000000261844,KR,19,58,41,49,3.58,0,0
A8980,1702A10WIKI0000000000238615,KR,22.4,71,53,62,6.38,13,5.6
A8981,1702A10WIKI0000000000261132,KR,21.9,63,47,55,5.2,0,0
A8982,1702A10WIKI0000000000238852,KR,17.6,78,65,71,6.52,16,6.5
A8983,1702A10WIKI0000000000239321,BNS,14.3,57,50,53,2.58,20,18.1
A8984,1702A10WIKI0000000000261164,KR,20.9,74,60,67,6.17,24,16.3
A8985,1702A10WIKI0000000000261230,KR,10.2,78,66,72,4.15,0,0
A8986,1702A10WIKI0000000000261744,KR,11.1,77,67,72,4.52,0,0
A8987,1702A10WIKI0000000000239243,BNS,13.7,73,68,70,5.27,0,0
A8988,1702A10WIKI0000000000239164,MR,11.1,127,110,118,12.14,0,0
A8989,1702A10WIKI0000000000261099,KR,11.8,71,65,68,3.77,21,12.1
A8990,1702A10WIKI0000000000261224,KR,11.1,63,54,58,2.93,0,0
A8991,1702A10WIKI0000000000238624,MR,21.6,90,65,77,10.06,0,0
A8992,1702A10WIKI0000000000260416,MR,12.8,60,50,55,3.04,0,0
A8993,1702A10WIKI0000000000261748,KR,14.9,81,63,72,6.07,0,0
A8994,1702A10WIKI0000000000261122,KR,18.7,56,40,48,3.38,0,0
A8995,1702A10WIKI0000000000261431,KR,19,70,48,59,5.19,0,0
A8996,1702A10WIKI0000000000260195,MR,14.1,71,58,64,4.54,0,0
A8997,1702A10WIKI0000000000238942,BNS,10.3,128,107,117,10.27,28,7.3
A8998,1702A10WIKI0000000000239320,BNS,9.9,112,109,110,7.98,38,15.2
A8999,1702A10WIKI0000000000260222,MR,17.5,64,51,57,4.47,0,0
A9000,1702A10WIKI0000000000260741,MR,16.9,58,48,53,3.56,10,4.5
A9001,1702A10WIKI0000000000260270,MR,15.6,72,57,64,5.02,0,0
A9002,1702A10WIKI0000000000260582,MR,18.5,58,50,54,4.24,0,0
A9003,1702A10WIKI0000000000260767,MR,19.8,70,57,63,5.78,14,6.3
A9004,1702A10WIKI0000000000239334,MB,18.8,67,40,53,4.15,0,0
A9005,1702A10WIKI0000000000238645,BNS,21.5,57,55,56,5.3,0,0
A9006,1702A10WIKI0000000000238908,BNS,17,55,45,50,3.09,12,7.3
A9007,1702A10WIKI0000000000260685,MR,21.3,55,42,48,3.85,0,0
A9008,1702A10WIKI0000000000261021,MR,16.7,68,51,59,4.57,0,0
A9009,1702A10WIKI0000000000260389,MR,22.1,72,52,62,6.67,0,0
A9010,1702A10WIKI0000000000260495,MR,18.5,55,45,50,3.63,0,0
A9011,1702A10WIKI0000000000260399,MR,20.9,58,52,55,4.97,0,0
A9012,1702A10WIKI0000000000261015,MR,20.9,76,50,63,6.52,0,0
A9013,1702A10WIKI0000000000238765,MB,17.4,60,46,53,3.14,20,18.1
A9014,1702A10WIKI0000000000238991,BNS,13.9,83,80,81,7.03,10,1.9
A9015,1702A10WIKI0000000000238599,BNS,15.9,55,48,51,3.09,10,4.9
A9016,1702A10WIKI0000000000260854,MR,21.8,66,47,56,5.37,0,0
A9017,1702A10WIKI0000000000261594,KR,14.7,52,42,47,2.55,0,0
A9018,1702A10WIKI0000000000261379,KR,21.7,67,42,54,4.97,0,0
A9019,1702A10WIKI0000000000261703,KR,12.4,60,51,55,2.95,0,0
A9020,1702A10WIKI0000000000261282,KR,15.4,67,52,59,3.99,12,5.3
A9021,1702A10WIKI0000000000261646,KR,13.7,76,58,67,4.83,0,0
A9022,1702A10WIKI0000000000238853,MR,21,115,85,100,15.47,22,6.2
A9023,1702A10WIKI0000000000239245,KR,15.5,87,80,83,8.39,0,0
A9024,1702A10WIKI0000000000238473,BNS,12.4,58,49,53,2.53,13,7.7
A9025,1702A10WIKI0000000000261263,KR,11.8,79,68,73,4.94,0,0
A9026,1702A10WIKI0000000000260228,MR,11.5,57,50,53,2.54,0,0
A9027,1702A10WIKI0000000000239092,MB,18.7,75,60,67,6.59,0,0
A9028,1702A10WIKI0000000000260263,MR,18.6,65,47,56,4.58,0,0
A9029,1702A10WIKI0000000000239121,MB,12.2,80,71,75,5.39,0,0
A9030,1702A10WIKI0000000000261013,MR,18.7,70,51,60,5.29,0,0
A9031,1702A10WIKI0000000000260341,MR,21.3,63,43,53,4.7,0,0
A9032,1702A10WIKI0000000000260602,MR,22.9,76,59,67,8.07,0,0
A9033,1702A10WIKI0000000000238692,BNS,17.3,66,41,53,3.82,0,0
A9034,1702A10WIKI0000000000238666,BNS,20.3,91,74,82,9.73,22,9.2
A9035,1702A10WIKI0000000000238634,BNS,21.5,89,70,79,10.33,10,2
A9036,1702A10WIKI0000000000260858,MR,18.5,76,54,65,6.14,0,0
A9037,1702A10WIKI0000000000239145,BNS,18.9,86,68,77,8.8,0,0
A9038,1702A10WIKI0000000000260713,MR,18.3,70,52,61,5.35,0,0
A9039,1702A10WIKI0000000000239117,MB,16.9,58,46,52,3.21,15,10.6
A9040,1702A10WIKI0000000000238999,KR,21,75,52,63,6.55,0,0
A9041,1702A10WIKI0000000000261220,KR,20.7,86,72,79,10.15,0,0
A9042,1702A10WIKI0000000000242200,KR,17.1,103,82,92,11.37,0,0
A9043,1702A10WIKI0000000000241961,KR,21,110,81,95,14.89,0,0
A9044,1702A10WIKI0000000000261589,KR,21.6,72,48,60,6.11,0,0
A9045,1702A10WIKI0000000000239256,KR,22.1,82,60,71,8.75,0,0
A9046,1702A10WIKI0000000000261620,KR,11.9,53,40,46,1.98,0,0
A9047,1702A10WIKI0000000000261772,KR,12.6,57,40,48,2.28,0,0
A9048,1702A10WIKI0000000000239017,MB,10.9,71,64,67,3.84,0,0
A9049,1702A10WIKI0000000000261865,KR,15,60,43,51,3.06,0,0
A9050,1702A10WIKI0000000000260579,MR,18.7,60,41,50,3.67,0,0
A9051,1702A10WIKI0000000000238893,BNS,19.3,95,78,86,10,25,10.8
A9052,1702A10WIKI0000000000261105,KR,13,62,54,58,3.43,0,0
A9053,1702A10WIKI0000000000238754,KR,10.6,106,100,103,8.83,0,0
A9054,1702A10WIKI0000000000239019,KR,12.2,87,78,82,6.44,0,0
A9055,1702A10WIKI0000000000261889,KR,15.6,70,54,62,4.71,0,0
A9056,1702A10WIKI0000000000261826,KR,10.7,77,70,73,4.48,0,0
A9057,1702A10WIKI0000000000261385,KR,19.1,54,45,49,3.6,0,0
A9058,1702A10WIKI0000000000242178,KR,15.6,100,82,91,10.15,0,0
A9059,1702A10WIKI0000000000238677,KR,18.2,80,55,67,6.42,0,0
A9060,1702A10WIKI0000000000238610,KR,21.8,78,54,66,7.46,0,0
A9061,1702A10WIKI0000000000261047,MR,13.9,80,60,70,5.08,14,5.1
A9062,1702A10WIKI0000000000239258,BNS,18,91,71,81,8.81,16,5
A9063,1702A10WIKI0000000000260418,MR,15.9,72,57,64,5.12,0,0
A9064,1702A10WIKI0000000000238932,MR,21.9,112,90,101,17.55,0,0
A9065,1702A10WIKI0000000000260697,MR,20.1,61,50,55,4.78,0,0
A9066,1702A10WIKI0000000000260870,MR,17,69,52,60,4.81,0,0
A9067,1702A10WIKI0000000000260322,MR,21,67,50,58,5.55,0,0
A9068,1702A10WIKI0000000000261497,KR,18,57,40,48,3.08,10,5.5
A9069,1702A10WIKI0000000000261902,KR,14.1,66,51,58,3.73,0,0
A9070,1702A10WIKI0000000000261067,MR,15.6,82,66,74,6.09,20,9.3
A9071,1702A10WIKI0000000000260191,MR,15.1,97,77,87,8.03,25,10.5
A9072,1702A10WIKI0000000000260451,MR,10.6,67,58,62,3.09,10,3.3
A9073,1702A10WIKI0000000000261740,KR,16.2,63,47,55,3.85,0,0
A9074,1702A10WIKI0000000000261573,KR,15,70,58,64,4.83,0,0
A9075,1702A10WIKI0000000000261470,KR,18.9,73,50,61,5.52,0,0
A9076,1702A10WIKI0000000000261768,KR,19.2,76,55,65,6.37,0,0
A9077,1702A10WIKI0000000000261449,KR,12.3,73,55,64,3.96,0,0
A9078,1702A10WIKI0000000000261664,KR,12.4,55,48,51,2.53,0,0
A9079,1702A10WIKI0000000000261214,KR,13,65,58,61,3.8,0,0
A9080,1702A10WIKI0000000000261436,KR,11.6,80,65,72,4.72,0,0
A9081,1702A10WIKI0000000000239025,BNS,10.9,69,60,64,3.51,0,0
A9082,1702A10WIKI0000000000239366,BNS,13.6,60,56,58,3.59,0,0
A9083,1702A10WIKI0000000000238981,KR,13.1,92,71,81,6.75,0,0
A9084,1702A10WIKI0000000000261769,KR,10.9,71,63,67,3.84,0,0
A9085,1702A10WIKI0000000000261510,KR,24,69,46,57,6.12,0,0
A9086,1702A10WIKI0000000000238937,KR,23.1,76,54,65,7.67,0,0
A9087,1702A10WIKI0000000000261729,KR,16.7,70,57,63,5.21,0,0
A9088,1702A10WIKI0000000000261566,KR,15.5,54,40,47,2.69,0,0
A9089,1702A10WIKI0000000000261556,KR,17.2,60,48,54,3.94,0,0
A9090,1702A10WIKI0000000000260908,MR,19.3,61,44,52,4.1,0,0
A9091,1702A10WIKI0000000000238499,BNS,19.2,75,57,66,6.57,0,0
A9092,1702A10WIKI0000000000239020,MB,13.8,60,50,55,3.28,0,0
A9093,1702A10WIKI0000000000238718,MB,16.5,66,58,62,4.5,17,9.6
A9094,1702A10WIKI0000000000261508,KR,19.4,73,50,61,5.67,0,0
A9095,1702A10WIKI0000000000261570,KR,15.8,59,42,50,3.1,0,0
A9096,1702A10WIKI0000000000238637,KR,18.5,86,68,77,8.61,0,0
A9097,1702A10WIKI0000000000261194,KR,13.6,55,40,47,2.36,0,0
A9098,1702A10WIKI0000000000239249,MB,12,60,46,53,2.65,0,0
A9099,1702A10WIKI0000000000261276,KR,17.7,66,52,59,4.84,0,0
A9100,1702A10WIKI0000000000238751,MB,19.6,56,50,53,3.76,17,13.1
A9101,1702A10WIKI0000000000260862,MR,17.2,70,55,62,5.19,0,0
A9102,1702A10WIKI0000000000238474,MB,15.9,63,51,57,4.06,0,0
A9103,1702A10WIKI0000000000260430,MR,16.2,67,55,61,4.73,0,0
A9104,1702A10WIKI0000000000243985,MB,18.6,77,63,70,6.84,13,4.4
A9105,1702A10WIKI0000000000239378,MB,18.1,66,56,61,5.03,12,4.9
A9106,1702A10WIKI0000000000261524,KR,14.9,50,40,45,2.22,10,6.3
A9107,1702A10WIKI0000000000260799,MR,17.7,57,43,50,3.48,0,0
A9108,1702A10WIKI0000000000261028,MR,18.8,77,54,65,5.48,20,12.1
A9109,1702A10WIKI0000000000239227,MB,23.3,66,51,58,5.56,16,9.7
A9110,1702A10WIKI0000000000260853,MR,22,68,52,60,6.22,0,0
A9111,1702A10WIKI0000000000238612,MB,18.1,58,46,52,3.84,0,0
A9112,1702A10WIKI0000000000260796,MR,17,60,40,50,3.34,0,0
A9113,1702A10WIKI0000000000260592,MR,16.2,82,72,77,7.13,16,5.5
A9114,1702A10WIKI0000000000239254,MB,17.2,64,45,54,3.94,0,0
A9115,1702A10WIKI0000000000260561,MR,16.7,60,45,52,3.55,0,0
A9116,1702A10WIKI0000000000239385,MB,12.6,91,81,86,6.65,23,9.1
A9117,1702A10WIKI0000000000261383,KR,13.8,72,60,66,4.72,0,0
A9118,1702A10WIKI0000000000261167,KR,14.9,70,56,63,4.64,0,0
A9119,1702A10WIKI0000000000260351,MR,16.6,55,41,48,3,0,0
A9120,1702A10WIKI0000000000260625,MR,16.8,60,43,51,3.43,0,0
A9121,1702A10WIKI0000000000260522,MR,13.1,57,48,52,2.78,0,0
A9122,1702A10WIKI0000000000260986,MR,12.5,65,56,60,3.53,0,0
A9123,1702A10WIKI0000000000261444,KR,12.9,55,45,50,2.53,0,0
A9124,1702A10WIKI0000000000260275,MR,14.6,76,69,72,5.94,0,0
A9125,1702A10WIKI0000000000260838,MR,14.5,56,47,51,2.96,0,0
A9126,1702A10WIKI0000000000239293,MB,17.3,60,47,53,3.64,10,4.5
A9127,1702A10WIKI0000000000239362,KR,19.9,80,63,71,7.88,0,0
A9128,1702A10WIKI0000000000260375,MR,17.7,56,43,49,3.34,0,0
A9129,1702A10WIKI0000000000260666,MR,20.5,65,54,59,5.6,0,0
A9130,1702A10WIKI0000000000260466,MR,19.3,55,46,50,3.79,0,0
A9131,1702A10WIKI0000000000261290,KR,14.6,57,43,50,2.87,0,0
A9132,1702A10WIKI0000000000260953,MR,15.8,60,47,53,3.49,0,0
A9133,1702A10WIKI0000000000260657,MR,16.7,56,40,48,3.02,0,0
A9134,1702A10WIKI0000000000260164,MR,17.7,60,48,54,4.05,0,0
A9135,1702A10WIKI0000000000238859,KR,18.7,84,65,74,8.04,0,0
A9136,1702A10WIKI0000000000261568,KR,18.2,71,52,61,5.32,0,0
A9137,1702A10WIKI0000000000239374,MB,13.2,60,41,50,2.59,0,0
A9138,1702A10WIKI0000000000261127,KR,14.2,55,48,51,2.9,0,0
A9139,1702A10WIKI0000000000243866,MB,21.8,75,52,63,6.8,0,0
A9140,1702A10WIKI0000000000257259,MR,15,60,46,53,3.31,0,0
A9141,1702A10WIKI0000000000261317,MR,9.5,55,47,51,1.94,0,0
A9142,1702A10WIKI0000000000252131,MR,21.2,76,51,63,6.61,0,0
A9143,1702A10WIKI0000000000242687,MR,19.8,55,42,48,3.58,0,0
A9144,1702A10WIKI0000000000239005,MR,13.1,79,65,72,5.33,0,0
A9145,1702A10WIKI0000000000257188,MR,21.6,72,48,60,5.89,10,3.5
A9146,1702A10WIKI0000000000254474,MR,16.6,60,48,54,3.8,0,0
A9147,1702A10WIKI0000000000249644,MR,17.9,70,51,60,5.06,0,0
A9148,1702A10WIKI0000000000261283,MR,15.2,60,44,52,3.23,0,0
A9149,1702A10WIKI0000000000261640,MR,13.5,58,46,52,2.87,0,0
A9150,1702A10WIKI0000000000248019,MR,13.8,91,71,81,7.11,0,0
A9151,1702A10WIKI0000000000261465,MR,13.2,65,48,56,3.25,0,0
A9152,1702A10WIKI0000000000256936,MR,19.4,67,44,55,4.61,0,0
A9153,1702A10WIKI0000000000249451,MR,19.4,71,50,60,5.49,0,0
A9154,1702A10WIKI0000000000252548,MR,20,62,46,54,4.58,0,0
A9155,1702A10WIKI0000000000253850,MR,21.2,80,60,70,8.16,0,0
A9156,1702A10WIKI0000000000239251,MR,22.4,65,45,55,5.32,0,0
A9157,1702A10WIKI0000000000253849,MR,13.2,79,66,72,5.12,14,4.8
A9158,1702A10WIKI0000000000254427,MR,20.6,87,65,76,9.35,0,0
A9159,1702A10WIKI0000000000242505,MR,19,70,51,60,5.37,0,0
A9160,1702A10WIKI0000000000242234,MR,15.3,70,50,60,4.33,0,0
A9161,1702A10WIKI0000000000243055,MR,15.2,65,56,60,4.15,10,3.5
A9162,1702A10WIKI0000000000248701,MR,13.4,90,77,83,7.25,0,0
A9163,1702A10WIKI0000000000254045,KR,22.1,60,44,52,4.69,0,0
A9164,1702A10WIKI0000000000243079,KR,21.8,87,62,74,9.38,0,0
A9165,1702A10WIKI0000000000243133,KR,21.6,72,54,63,6.73,0,0
A9166,1702A10WIKI0000000000253632,KR,20.4,100,75,87,12.13,0,0
A9167,1702A10WIKI0000000000243159,KR,20.7,85,66,75,9.15,0,0
A9168,1702A10WIKI0000000000243287,MR,15.5,72,58,65,5.14,0,0
A9169,1702A10WIKI0000000000242582,MR,16.1,64,54,59,4.4,0,0
A9170,1702A10WIKI0000000000250005,MR,15.2,62,47,54,3.48,0,0
A9171,1702A10WIKI0000000000256838,KR,20.3,72,48,60,5.74,0,0
A9172,1702A10WIKI0000000000238930,KR,22.4,61,45,53,4.94,0,0
A9173,1702A10WIKI0000000000260551,BNS,17,107,84,95,11.44,19,5.1
A9174,1702A10WIKI0000000000256744,MR,19.6,68,48,58,5.18,0,0
A9175,1702A10WIKI0000000000252292,MB,12.6,64,54,59,3.44,0,0
A9176,1702A10WIKI0000000000242017,MR,19.2,62,45,53,4.24,0,0
A9177,1702A10WIKI0000000000261528,MR,14.7,57,42,49,2.77,0,0
A9178,1702A10WIKI0000000000254508,MB,12.5,66,55,60,3.53,0,0
A9179,1702A10WIKI0000000000249722,MR,16.6,59,44,51,3.39,0,0
A9180,1702A10WIKI0000000000256799,MR,14.2,74,56,65,4.71,0,0
A9181,1702A10WIKI0000000000253267,MR,17.1,63,48,55,4.06,0,0
A9182,1702A10WIKI0000000000247537,MB,10.9,62,52,57,2.78,0,0
A9183,1702A10WIKI0000000000249970,MR,19.5,72,55,63,6.08,0,0
A9184,1702A10WIKI0000000000243304,MR,18.8,60,46,53,3.96,10,4.5
A9185,1702A10WIKI0000000000248645,MR,17.4,85,72,78,7.92,15,4.7
A9186,1702A10WIKI0000000000256657,MR,15.3,68,50,59,4.18,0,0
A9187,1702A10WIKI0000000000249253,MR,20.3,67,58,62,6.13,0,0
A9188,1702A10WIKI0000000000253337,MR,19.3,76,59,67,6.8,0,0
A9189,1702A10WIKI0000000000249376,MR,16.5,59,48,53,3.64,0,0
A9190,1702A10WIKI0000000000254183,KR,18.1,78,67,72,7.37,0,0
A9191,1702A10WIKI0000000000254987,KR,19.2,71,50,60,5.43,0,0
A9192,1702A10WIKI0000000000257057,MB,14,62,50,56,2.89,20,16.2
A9193,1702A10WIKI0000000000249781,KR,16,59,45,52,3.4,0,0
A9194,1702A10WIKI0000000000253887,MB,16.9,58,45,51,3.45,0,0
A9195,1702A10WIKI0000000000254506,MR,17.8,62,46,54,4.08,0,0
A9196,1702A10WIKI0000000000254041,MR,20.4,68,51,59,5.58,0,0
A9197,1702A10WIKI0000000000254465,MR,14.8,64,50,57,3.78,0,0
A9198,1702A10WIKI0000000000242539,MR,10.6,62,48,55,2.52,0,0
A9199,1702A10WIKI0000000000242715,MR,19.3,58,45,51,3.94,0,0
A9200,1702A10WIKI0000000000249100,MR,17,56,42,49,3.21,0,0
A9201,1702A10WIKI0000000000238653,MR,23.1,62,52,57,5.89,0,0
A9202,1702A10WIKI0000000000253793,MR,18.1,65,48,56,4.46,0,0
A9203,1702A10WIKI0000000000249503,MR,18.2,57,45,51,3.72,0,0
A9204,1702A10WIKI0000000000249740,MR,20.9,70,47,58,5.52,0,0
A9205,1702A10WIKI0000000000242223,MR,17.5,62,50,56,4.31,0,0
A9206,1702A10WIKI0000000000250004,MR,21,72,50,61,6.14,0,0
A9207,1702A10WIKI0000000000238721,MR,18.4,72,46,59,5.03,0,0
A9208,1702A10WIKI0000000000254128,MR,20.1,65,50,57,5.13,0,0
A9209,1702A10WIKI0000000000242333,MR,17.6,74,55,64,5.66,0,0
A9210,1702A10WIKI0000000000242681,MR,20.9,66,47,56,5.15,0,0
A9211,1702A10WIKI0000000000242894,MR,20.3,58,42,50,3.99,0,0
A9212,1702A10WIKI0000000000249065,MR,13.5,55,47,51,2.76,0,0
A9213,1702A10WIKI0000000000252511,MR,19.4,63,45,54,4.44,0,0
A9214,1702A10WIKI0000000000242785,MR,18.4,80,67,73,7.52,10,2.4
A9215,1702A10WIKI0000000000249942,MR,15.4,73,57,65,5.11,0,0
A9216,1702A10WIKI0000000000252160,MR,19.8,58,41,49,3.73,0,0
A9217,1702A10WIKI0000000000261237,MR,14.3,57,41,49,2.7,0,0
A9218,1702A10WIKI0000000000250033,MR,19.6,62,47,54,4.49,0,0
A9219,1702A10WIKI0000000000247574,MR,20.5,82,51,66,7.01,0,0
A9220,1702A10WIKI0000000000254355,MR,16.8,72,53,62,5.07,0,0
A9221,1702A10WIKI0000000000252179,MR,17.3,64,52,58,4.57,0,0
A9222,1702A10WIKI0000000000242637,MR,8.9,78,68,73,3.44,18,7.7
A9223,1702A10WIKI0000000000238757,MR,11.2,60,45,52,2.13,15,10.6
A9224,1702A10WIKI0000000000251996,MR,18.4,65,47,56,4.53,0,0
A9225,1702A10WIKI0000000000252342,MR,19.2,74,54,64,6.18,0,0
A9226,1702A10WIKI0000000000254580,MR,13.1,71,61,66,4.48,0,0
A9227,1702A10WIKI0000000000238476,MR,20.3,69,46,57,5.18,0,0
A9228,1702A10WIKI0000000000256508,MR,18.4,76,50,63,5.74,0,0
A9229,1702A10WIKI0000000000241879,MR,11.2,75,64,69,4.19,0,0
A9230,1702A10WIKI0000000000254449,MR,11.5,84,75,79,5.64,0,0
A9231,1702A10WIKI0000000000242018,MR,16.9,88,67,77,7.87,0,0
A9232,1702A10WIKI0000000000241900,MB,15.8,80,70,75,6.58,16,5.8
A9233,1702A10WIKI0000000000242204,MR,20,85,65,75,8.84,0,0
A9234,1702A10WIKI0000000000260196,MR,21.9,87,54,70,8.43,0,0
A9235,1702A10WIKI0000000000257581,BNS,21.6,100,75,87,12.84,0,0
A9236,1702A10WIKI0000000000252121,MR,23.5,80,60,70,9.04,0,0
A9237,1702A10WIKI0000000000238911,MR,15.4,67,58,62,4.65,0,0
A9238,1702A10WIKI0000000000242719,MR,10.6,58,50,54,2.43,0,0
A9239,1702A10WIKI0000000000253995,KR,14,68,55,61,4.09,0,0
A9240,1702A10WIKI0000000000249349,KR,10.9,55,48,51,2.23,0,0
A9241,1702A10WIKI0000000000261613,MR,17.8,58,42,50,3.5,0,0
A9242,1702A10WIKI0000000000238683,MR,14.5,72,61,66,4.96,0,0
A9243,1702A10WIKI0000000000252114,MR,13.4,85,71,78,6.4,0,0
A9244,1702A10WIKI0000000000242457,MR,12.2,63,52,57,3.11,0,0
A9245,1702A10WIKI0000000000256839,MR,15.1,109,85,97,11.16,0,0
A9246,1702A10WIKI0000000000256968,MR,9.1,79,64,71,3.6,0,0
A9247,1702A10WIKI0000000000243049,MR,14.8,56,46,51,3.02,0,0
A9248,1702A10WIKI0000000000261322,MR,20.5,55,41,48,3.71,0,0
A9249,1702A10WIKI0000000000257178,MR,17,60,41,50,3.34,0,0
A9250,1702A10WIKI0000000000253807,MR,22.4,57,40,48,4.05,0,0
A9251,1702A10WIKI0000000000261163,MR,21,56,41,48,3.8,0,0
A9252,1702A10WIKI0000000000256615,MR,16.6,55,43,49,3.13,0,0
A9253,1702A10WIKI0000000000251805,MR,21.4,75,51,63,6.67,0,0
A9254,1702A10WIKI0000000000254945,MR,15,82,63,72,5.62,18,8
A9255,1702A10WIKI0000000000261390,MR,18.4,55,40,47,3.19,0,0
A9256,1702A10WIKI0000000000242692,MR,15,60,48,54,3.28,10,4.4
A9257,1702A10WIKI0000000000258369,MR,19,63,46,54,4.35,0,0
A9258,1702A10WIKI0000000000249903,MR,20.2,65,46,55,4.8,0,0
A9259,1702A10WIKI0000000000243869,BNS,22.3,81,51,66,7.63,0,0
A9260,1702A10WIKI0000000000241840,BNS,20.6,75,56,65,6.84,0,0
A9261,1702A10WIKI0000000000242851,MR,21.1,65,46,55,5.01,0,0
A9262,1702A10WIKI0000000000241977,MR,21.6,65,48,56,5.32,0,0
A9263,1702A10WIKI0000000000254184,MR,19,78,66,72,7.54,10,2.5
A9264,1702A10WIKI0000000000260722,MR,23.2,83,56,69,8.68,0,0
A9265,1702A10WIKI0000000000252306,MR,22.7,80,60,70,8.74,0,0
A9266,1702A10WIKI0000000000239372,MR,14.1,70,61,65,4.68,0,0
A9267,1702A10WIKI0000000000253012,MR,17.2,70,55,62,5.19,0,0
A9268,1702A10WIKI0000000000251978,MR,21.4,84,58,71,8.47,0,0
A9269,1702A10WIKI0000000000242908,MR,20,72,54,63,6.23,0,0
A9270,1702A10WIKI0000000000242632,MR,13.3,72,62,67,4.69,0,0
A9271,1702A10WIKI0000000000242163,MR,21.3,71,40,55,5.06,0,0
A9272,1702A10WIKI0000000000252222,MR,21.6,77,55,66,7.39,0,0
A9273,1702A10WIKI0000000000238485,MR,20.3,75,53,64,6.53,0,0
A9274,1702A10WIKI0000000000242034,MR,11.4,59,48,53,2.52,0,0
A9275,1702A10WIKI0000000000238676,MR,8.9,56,50,53,1.88,10,4.5
A9276,1702A10WIKI0000000000261603,MR,16.5,58,42,50,3.24,0,0
A9277,1702A10WIKI0000000000249880,MR,9.2,64,61,62,2.78,0,0
A9278,1702A10WIKI0000000000242031,MR,12.1,55,47,51,2.47,0,0
A9279,1702A10WIKI0000000000253645,MR,13.1,80,63,71,5.19,0,0
A9280,1702A10WIKI0000000000254046,MR,14.2,75,53,64,4.57,0,0
A9281,1702A10WIKI0000000000256810,MR,11.6,62,56,59,3.17,0,0
A9282,1702A10WIKI0000000000249893,MR,16.8,60,44,52,3.57,0,0
A9283,1702A10WIKI0000000000260379,MR,19.9,82,62,72,8.1,0,0
A9284,1702A10WIKI0000000000261261,MR,13.4,62,50,56,3.3,0,0
A9285,1702A10WIKI0000000000243243,MR,16.1,80,68,74,6.61,14,4.6
A9286,1702A10WIKI0000000000242763,MR,17.6,96,75,85,9.99,0,0
A9287,1702A10WIKI0000000000239370,MR,23.2,72,54,63,7.23,0,0
A9288,1702A10WIKI0000000000252322,MR,20.3,70,46,58,5.36,0,0
A9289,1702A10WIKI0000000000248780,MR,19.4,71,55,63,6.05,0,0
A9290,1702A10WIKI0000000000242803,MR,23.2,64,51,57,5.92,0,0
A9291,1702A10WIKI0000000000252075,MR,18.5,71,47,59,5.06,0,0
A9292,1702A10WIKI0000000000251736,MR,15.4,60,46,53,3.4,0,0
A9293,1702A10WIKI0000000000255108,MR,18.1,72,51,61,5.29,0,0
A9294,1702A10WIKI0000000000252236,MR,19.9,66,47,56,4.9,0,0
A9295,1702A10WIKI0000000000243125,MR,18.9,65,44,54,4.33,0,0
A9296,1702A10WIKI0000000000261384,MR,15.8,65,48,56,3.89,0,0
A9297,1702A10WIKI0000000000252452,MR,17,65,51,58,4.49,0,0
A9298,1702A10WIKI0000000000242927,MR,15,86,71,78,7.17,0,0
A9299,1702A10WIKI0000000000238749,MR,13.3,57,49,53,2.93,0,0
A9300,1702A10WIKI0000000000252417,MR,14,77,59,68,5.08,0,0
A9301,1702A10WIKI0000000000253322,MR,20.3,71,44,57,5.18,0,0
A9302,1702A10WIKI0000000000252805,MR,19.9,72,47,59,5.44,0,0
A9303,1702A10WIKI0000000000249122,KR,16.4,56,46,51,3.19,10,4.9
A9304,1702A10WIKI0000000000251809,MR,16.2,60,45,52,3.44,0,0
A9305,1702A10WIKI0000000000255163,MR,18.5,85,62,73,7.74,0,0
A9306,1702A10WIKI0000000000244847,BNS,21.2,83,58,70,8.16,0,0
A9307,1702A10WIKI0000000000241853,MR,20.2,97,72,84,11.19,0,0
A9308,1702A10WIKI0000000000253585,MR,19,68,51,59,5.19,0,0
A9309,1702A10WIKI0000000000243264,MR,17.5,76,60,68,6.36,0,0
A9310,1702A10WIKI0000000000254242,MR,11.4,87,69,78,5.45,0,0
A9311,1702A10WIKI0000000000257218,MR,10.1,68,59,63,2.92,15,7.2
A9312,1702A10WIKI0000000000254126,MR,13,76,63,69,4.86,0,0
A9313,1702A10WIKI0000000000242903,MR,9.9,87,77,82,5.23,0,0
A9314,1702A10WIKI0000000000242799,MR,13.2,68,56,62,3.65,16,8.5
A9315,1702A10WIKI0000000000242991,MR,13.5,70,65,67,4.76,0,0
A9316,1702A10WIKI0000000000251772,MR,18.4,59,42,50,3.61,0,0
A9317,1702A10WIKI0000000000254512,MR,18,60,40,50,3.53,0,0
A9318,1702A10WIKI0000000000254305,MR,19.4,60,45,52,4.12,0,0
A9319,1702A10WIKI0000000000253734,MR,20.4,70,53,61,5.96,0,0
A9320,1702A10WIKI0000000000241880,MR,14.9,66,45,55,3.54,0,0
A9321,1702A10WIKI0000000000239196,MR,18.3,68,51,59,5,0,0
A9322,1702A10WIKI0000000000249362,MR,11.6,67,58,62,3.5,0,0
A9323,1702A10WIKI0000000000239347,MR,13.9,68,48,58,3.67,0,0
A9324,1702A10WIKI0000000000251780,MR,13.5,57,46,51,2.76,0,0
A9325,1702A10WIKI0000000000242866,MR,11.6,67,56,61,3.39,0,0
A9326,1702A10WIKI0000000000251759,MR,16.7,80,58,69,6.24,0,0
A9327,1702A10WIKI0000000000238641,MR,16.3,57,41,49,3.07,0,0
A9328,1702A10WIKI0000000000254149,MR,14.4,67,52,59,3.52,17,10.6
A9329,1702A10WIKI0000000000242326,MR,15.8,68,60,64,5.08,0,0
A9330,1702A10WIKI0000000000254570,MR,17.5,60,52,56,4.31,0,0
A9331,1702A10WIKI0000000000254254,MR,16.8,64,51,57,4.29,0,0
A9332,1702A10WIKI0000000000256654,MR,12.4,59,45,52,2.63,0,0
A9333,1702A10WIKI0000000000242195,MR,14.6,68,49,58,3.86,0,0
A9334,1702A10WIKI0000000000249857,MR,16.3,55,43,49,3.07,0,0
A9335,1702A10WIKI0000000000238744,MR,12.9,62,58,60,3.65,0,0
A9336,1702A10WIKI0000000000252112,MR,18.5,68,49,58,4.89,0,0
A9337,1702A10WIKI0000000000238887,MR,17.5,79,60,69,6.54,0,0
A9338,1702A10WIKI0000000000238961,MR,18.3,58,45,51,3.74,0,0
A9339,1702A10WIKI0000000000242166,MR,11.3,83,72,77,5.26,0,0
A9340,1702A10WIKI0000000000252436,MR,10.8,65,52,58,2.85,0,0
A9341,1702A10WIKI0000000000256859,MR,17.6,56,45,50,3.46,0,0
A9342,1702A10WIKI0000000000242623,MR,17.7,114,86,100,12.97,23,6.7
A9343,1702A10WIKI0000000000238750,MR,18.5,70,50,60,5.23,0,0
A9344,1702A10WIKI0000000000242938,MR,16,53,40,46,2.66,0,0
A9345,1702A10WIKI0000000000242292,MR,18.1,65,54,59,4.95,0,0
A9346,1702A10WIKI0000000000249630,MR,18.9,63,55,59,5.17,0,0
A9347,1702A10WIKI0000000000251980,MR,13.7,75,67,71,5.42,0,0
A9348,1702A10WIKI0000000000253869,MR,19.2,90,66,78,9.17,0,0
A9349,1702A10WIKI0000000000241923,BNS,18.6,73,41,57,4.56,10,3.9
A9350,1702A10WIKI0000000000239307,MR,21.4,61,47,54,4.9,0,0
A9351,1702A10WIKI0000000000242728,MR,21.2,61,42,51,4.33,0,0
A9352,1702A10WIKI0000000000251769,MR,14.3,57,44,50,2.81,0,0
A9353,1702A10WIKI0000000000252556,MR,13.7,62,52,57,3.5,0,0
A9354,1702A10WIKI0000000000254548,MR,16.6,59,45,52,3.53,0,0
A9355,1702A10WIKI0000000000254135,MR,15,73,50,61,4.05,15,7.7
A9356,1702A10WIKI0000000000256493,MR,19.4,79,54,66,6.64,0,0
A9357,1702A10WIKI0000000000242664,MR,21.6,72,50,61,6.31,0,0
A9358,1702A10WIKI0000000000242085,KR,11.1,65,52,58,2.93,0,0
A9359,1702A10WIKI0000000000255583,KR,22.1,76,52,64,7.11,0,0
A9360,1702A10WIKI0000000000256473,KR,15.5,65,53,59,4.24,0,0
A9361,1702A10WIKI0000000000249662,KR,18.6,60,41,50,3.65,0,0
A9362,1702A10WIKI0000000000242655,MR,17.1,63,42,52,3.63,0,0
A9363,1702A10WIKI0000000000249729,KR,23.4,75,44,59,6.4,0,0
A9364,1702A10WIKI0000000000243006,KR,20.5,66,46,56,5.05,0,0
A9365,1702A10WIKI0000000000249389,BNS,12.3,110,95,102,10.05,0,0
A9366,1702A10WIKI0000000000249645,BNS,11.6,128,112,120,10.77,45,17.9
A9367,1702A10WIKI0000000000242139,MR,16.9,72,51,61,4.94,0,0
A9368,1702A10WIKI0000000000254319,MR,17,63,50,56,4.19,0,0
A9369,1702A10WIKI0000000000248175,MB,22.9,63,42,52,4.86,0,0
A9370,1702A10WIKI0000000000243071,MR,20.7,85,66,75,9.15,0,0
A9371,1702A10WIKI0000000000252190,MR,22,64,42,53,4.85,0,0
A9372,1702A10WIKI0000000000242177,MR,20.9,73,58,65,6.94,0,0
A9373,1702A10WIKI0000000000249521,MR,18.9,66,52,59,5.17,0,0
A9374,1702A10WIKI0000000000256801,MR,18.6,72,65,68,6.75,0,0
A9375,1702A10WIKI0000000000255564,MR,19,68,50,59,5.19,0,0
A9376,1702A10WIKI0000000000257023,MR,16.3,82,60,71,6.45,0,0
A9377,1702A10WIKI0000000000256852,MR,16.7,55,48,51,3.41,0,0
A9378,1702A10WIKI0000000000257039,KR,20.3,56,44,50,3.99,0,0
A9379,1702A10WIKI0000000000249137,KR,22.1,66,47,56,5.44,0,0
A9380,1702A10WIKI0000000000260560,BNS,20,94,77,85,11.35,0,0
A9381,1702A10WIKI0000000000239322,MR,20.4,62,50,56,5.02,0,0
A9382,1702A10WIKI0000000000242773,MR,15.5,58,44,51,3.17,0,0
A9383,1702A10WIKI0000000000239306,MR,21.1,64,44,54,4.83,0,0
A9384,1702A10WIKI0000000000242569,BNS,15.5,60,48,54,3.55,0,0
A9385,1702A10WIKI0000000000242404,MR,18.7,82,60,71,7.4,0,0
A9386,1702A10WIKI0000000000242267,KR,14.5,62,50,56,3.57,0,0
A9387,1702A10WIKI0000000000250026,BNS,17.4,98,83,90,10.37,20,6.3
A9388,1702A10WIKI0000000000248481,BNS,9.9,103,97,100,7.78,0,0
A9389,1702A10WIKI0000000000250491,BNS,11.6,119,103,111,10.76,20,4.1
A9390,1702A10WIKI0000000000238769,KR,21.9,68,50,59,5.99,0,0
A9391,1702A10WIKI0000000000254700,KR,19.2,76,64,70,7.39,0,0
A9392,1702A10WIKI0000000000243145,KR,17.3,71,57,64,5.57,0,0
A9393,1702A10WIKI0000000000238507,KR,15,74,60,67,5.29,0,0
A9394,1702A10WIKI0000000000256825,MB,18.8,82,64,73,7.87,0,0
A9395,1702A10WIKI0000000000238931,KR,11.6,75,60,67,4.09,0,0
A9396,1702A10WIKI0000000000238735,KR,17.2,56,42,49,3.24,0,0
A9397,1702A10WIKI0000000000242792,KR,13.5,69,50,59,3.69,0,0
A9398,1702A10WIKI0000000000254537,BNS,11.8,63,57,60,3.34,0,0
A9399,1702A10WIKI0000000000242349,BNS,17.3,75,60,67,4.84,27,20.7
A9400,1702A10WIKI0000000000254746,MR,16.9,77,57,67,5.96,0,0
A9401,1702A10WIKI0000000000259561,BNS,22.1,72,46,59,5.67,13,6.2
A9402,1702A10WIKI0000000000252120,MR,15.4,75,59,67,5.43,0,0
A9403,1702A10WIKI0000000000252090,BNS,15.4,53,42,47,2.67,0,0
A9404,1702A10WIKI0000000000256556,MR,20.6,74,57,65,6.84,0,0
A9405,1702A10WIKI0000000000248962,BNS,14.4,63,51,57,3.1,20,15.7
A9406,1702A10WIKI0000000000253748,MR,18.8,58,42,50,3.69,0,0
A9407,1702A10WIKI0000000000242559,MR,17.7,68,45,56,4.36,0,0
A9408,1702A10WIKI0000000000248924,BNS,17.7,70,60,65,5.3,18,9.8
A9409,1702A10WIKI0000000000257066,KR,20,82,59,70,7.7,0,0
A9410,1702A10WIKI0000000000253605,KR,21.8,69,53,61,6.37,0,0
A9411,1702A10WIKI0000000000255290,KR,20.8,65,43,54,4.76,0,0
A9412,1702A10WIKI0000000000243305,KR,21.4,70,46,58,5.65,0,0
A9413,1702A10WIKI0000000000242334,KR,20.5,71,45,58,5.42,0,0
A9414,1702A10WIKI0000000000239401,KR,20.7,63,49,56,5.1,0,0
A9415,1702A10WIKI0000000000254889,KR,22.3,71,51,61,6.52,0,0
A9416,1702A10WIKI0000000000242099,KR,19.5,68,42,55,4.63,0,0
A9417,1702A10WIKI0000000000261709,MR,20.9,62,44,53,4.61,0,0
A9418,1702A10WIKI0000000000248226,MR,14.8,55,43,49,2.79,0,0
A9419,1702A10WIKI0000000000257182,MR,16.2,56,45,50,3.18,0,0
A9420,1702A10WIKI0000000000250674,BNS,19.5,63,46,54,3.97,16,11.2
A9421,1702A10WIKI0000000000238618,MR,13.5,62,52,57,3.44,0,0
A9422,1702A10WIKI0000000000257130,MR,22.8,69,50,59,6.23,0,0
A9423,1702A10WIKI0000000000253892,MR,19,55,42,48,3.44,0,0
A9424,1702A10WIKI0000000000252822,BNS,21.6,73,50,61,5.53,19,12.4
A9425,1702A10WIKI0000000000260973,MR,14.7,72,55,63,4.58,0,0
A9426,1702A10WIKI0000000000251785,MR,19.3,61,43,52,4.1,0,0
A9427,1702A10WIKI0000000000247784,MR,15.2,55,40,47,2.64,0,0
A9428,1702A10WIKI0000000000256804,MR,23.1,80,54,67,8.14,0,0
A9429,1702A10WIKI0000000000239433,MR,15.2,73,65,69,5.68,0,0
A9430,1702A10WIKI0000000000239376,MR,14.7,65,57,61,4.3,0,0
A9431,1702A10WIKI0000000000254520,MR,15.7,68,52,60,4.44,0,0
A9432,1702A10WIKI0000000000256703,MR,20.8,75,50,62,6.28,0,0
A9433,1702A10WIKI0000000000254852,KR,20.7,72,55,63,6.45,0,0
A9434,1702A10WIKI0000000000242933,MR,15.8,74,56,65,5.09,10,3
A9435,1702A10WIKI0000000000260941,MR,11.3,60,51,55,2.68,0,0
A9436,1702A10WIKI0000000000254991,KR,16.2,83,62,72,6.6,0,0
A9437,1702A10WIKI0000000000242893,KR,12,62,53,57,3.06,0,0
A9438,1702A10WIKI0000000000256599,MR,11,76,64,70,4.23,0,0
A9439,1702A10WIKI0000000000242450,MR,13.5,64,54,59,3.69,0,0
A9440,1702A10WIKI0000000000242921,MR,11,80,73,76,4.99,0,0
A9441,1702A10WIKI0000000000248919,MR,15.4,73,65,69,5.76,0,0
A9442,1702A10WIKI0000000000254034,MR,10.5,65,55,60,2.97,0,0
A9443,1702A10WIKI0000000000256671,MR,14,55,48,51,2.86,0,0
A9444,1702A10WIKI0000000000257243,MR,13.6,88,77,82,7.18,0,0
A9445,1702A10WIKI0000000000248361,MR,17.5,66,41,53,3.86,0,0
A9446,1702A10WIKI0000000000256541,MR,19.5,75,58,66,6.67,0,0
A9447,1702A10WIKI0000000000256949,MR,19.9,72,60,66,6.81,0,0
A9448,1702A10WIKI0000000000255481,MR,15.1,63,57,60,4.27,0,0
A9449,1702A10WIKI0000000000256543,MR,19.8,80,59,69,7.4,0,0
A9450,1702A10WIKI0000000000249131,MR,18.9,69,52,60,5.34,0,0
A9451,1702A10WIKI0000000000256474,MR,18.1,76,56,66,6.19,0,0
A9452,1702A10WIKI0000000000257095,MR,18.5,90,75,82,9.77,0,0
A9453,1702A10WIKI0000000000247519,MR,15.1,64,50,57,3.85,0,0
A9454,1702A10WIKI0000000000244287,MR,18.4,71,53,62,5.56,0,0
A9455,1702A10WIKI0000000000254151,MR,17.9,65,46,55,4.25,0,0
A9456,1702A10WIKI0000000000257180,MR,15.8,66,50,58,4.17,0,0
A9457,1702A10WIKI0000000000238922,MR,17.4,66,48,57,4.44,0,0
A9458,1702A10WIKI0000000000248668,MR,18.2,62,46,54,4.17,0,0
A9459,1702A10WIKI0000000000249082,MR,15.3,69,50,59,4.18,0,0
A9460,1702A10WIKI0000000000256624,MR,15.7,67,54,60,4.28,10,3.5
A9461,1702A10WIKI0000000000260726,MR,13.3,69,51,60,3.76,0,0
A9462,1702A10WIKI0000000000261217,MR,14.1,66,49,57,3.6,0,0
A9463,1702A10WIKI0000000000248818,MR,15.2,57,45,51,3.11,0,0
A9464,1702A10WIKI0000000000252218,MR,17.1,65,54,59,4.68,0,0
A9465,1702A10WIKI0000000000253620,MR,13.7,62,44,53,3.02,0,0
A9466,1702A10WIKI0000000000248455,MR,15.2,72,57,64,4.89,0,0
A9467,1702A10WIKI0000000000255130,MR,17.4,66,45,55,4.13,0,0
A9468,1702A10WIKI0000000000253741,MR,15.6,64,46,55,3.71,0,0
A9469,1702A10WIKI0000000000258519,MR,16.8,64,46,55,3.99,0,0
A9470,1702A10WIKI0000000000261293,MR,16.4,57,45,51,3.35,0,0
A9471,1702A10WIKI0000000000238603,MR,15.4,56,41,48,2.79,0,0
A9472,1702A10WIKI0000000000256582,MR,17.6,70,52,61,5.14,0,0
A9473,1702A10WIKI0000000000248785,MR,16.2,78,56,67,5.71,0,0
A9474,1702A10WIKI0000000000257168,MR,15.1,85,69,77,7.03,0,0
A9475,1702A10WIKI0000000000257068,MR,19.2,82,67,74,7.7,17,6.7
A9476,1702A10WIKI0000000000256562,MR,21.5,65,43,54,4.92,0,0
A9477,1702A10WIKI0000000000248440,MR,17,60,44,52,3.61,0,0
A9478,1702A10WIKI0000000000261662,MR,12.7,68,59,63,3.96,0,0
A9479,1702A10WIKI0000000000260227,MR,17.6,65,50,57,4.49,0,0
A9480,1702A10WIKI0000000000243851,BNS,15.9,92,75,83,8.6,0,0
A9481,1702A10WIKI0000000000242006,MR,14.7,60,49,54,3.22,10,4.4
A9482,1702A10WIKI0000000000257166,MR,21.1,58,40,49,3.98,0,0
A9483,1702A10WIKI0000000000256720,MB,17.4,67,54,60,4.92,0,0
A9484,1702A10WIKI0000000000256649,MB,14.7,65,46,55,3.02,18,13.6
A9485,1702A10WIKI0000000000238602,KR,21.7,69,50,59,5.93,0,0
A9486,1702A10WIKI0000000000249432,KR,17.9,65,46,55,4.25,0,0
A9487,1702A10WIKI0000000000257090,MB,15.5,72,56,64,4.99,0,0
A9488,1702A10WIKI0000000000257176,MB,23,82,57,69,7.39,23,14.1
A9489,1702A10WIKI0000000000252495,MR,17,62,50,56,4.19,0,0
A9490,1702A10WIKI0000000000257189,MB,17.3,67,50,58,3.81,21,16.7
A9491,1702A10WIKI0000000000239383,KR,18.5,68,48,58,4.89,0,0
A9492,1702A10WIKI0000000000247637,KR,20.2,74,53,63,6.3,0,0
A9493,1702A10WIKI0000000000243937,BNS,17.8,96,70,83,8.69,23,9.8
A9494,1702A10WIKI0000000000238934,MR,17.4,60,52,56,4.29,0,0
A9495,1702A10WIKI0000000000239418,BNS,18.2,62,50,56,3.76,20,16.2
A9496,1702A10WIKI0000000000256499,MB,16.8,105,85,95,11.91,0,0
A9497,1702A10WIKI0000000000256711,MB,14.9,62,51,56,3.49,11,4.9
A9498,1702A10WIKI0000000000242842,KR,15.4,57,40,48,2.79,0,0
A9499,1702A10WIKI0000000000243170,KR,20.8,72,48,60,5.88,0,0
A9500,1702A10WIKI0000000000243242,KR,21.6,80,52,66,7.39,0,0
A9501,1702A10WIKI0000000000249840,KR,20.4,80,46,63,6.36,0,0
A9502,1702A10WIKI0000000000257253,KR,22.6,68,50,59,6.18,0,0
A9503,1702A10WIKI0000000000254064,KR,19.6,82,55,68,7.12,0,0
A9504,1702A10WIKI0000000000257004,KR,18.1,61,40,50,3.55,0,0
A9505,1702A10WIKI0000000000242416,KR,18.8,55,40,47,3.26,0,0
A9506,1702A10WIKI0000000000257201,KR,17.8,60,45,52,3.78,0,0
A9507,1702A10WIKI0000000000256773,KR,14,72,56,64,4.5,0,0
A9508,1702A10WIKI0000000000249992,MR,16,59,44,51,3.27,0,0
A9509,1702A10WIKI0000000000257197,KR,21.5,80,62,71,8.51,0,0
A9510,1702A10WIKI0000000000247720,BNS,15.4,56,45,50,3.02,0,0
A9511,1702A10WIKI0000000000259793,BNS,16.8,63,47,55,3.61,15,9.5
A9512,1702A10WIKI0000000000260425,MR,16.7,71,47,59,4.57,0,0
A9513,1702A10WIKI0000000000248569,MR,16.2,58,47,52,3.44,0,0
A9514,1702A10WIKI0000000000243113,MR,16.3,64,50,57,4.16,0,0
A9515,1702A10WIKI0000000000255520,MR,14.6,60,44,52,3.1,0,0
A9516,1702A10WIKI0000000000259250,MR,13.9,70,45,57,2.99,20,15.7
A9517,1702A10WIKI0000000000248351,MR,13.1,59,50,54,3,0,0
A9518,1702A10WIKI0000000000254881,MR,14.6,60,48,54,3.34,0,0
A9519,1702A10WIKI0000000000260994,MR,15,68,55,61,3.9,18,11.1
A9520,1702A10WIKI0000000000249020,MR,17.2,63,50,56,4.24,0,0
A9521,1702A10WIKI0000000000260415,MR,14.8,55,47,51,3.02,0,0
A9522,1702A10WIKI0000000000256765,MR,17.1,80,65,72,6.72,12,3.5
A9523,1702A10WIKI0000000000257103,MR,20.8,62,46,54,4.76,0,0
A9524,1702A10WIKI0000000000247866,MR,18.9,67,52,59,5.17,0,0
A9525,1702A10WIKI0000000000248346,MR,17.4,65,43,54,3.98,0,0
A9526,1702A10WIKI0000000000255632,MR,17.8,62,50,56,4.2,10,4.1
A9527,1702A10WIKI0000000000256659,MR,20.2,75,52,63,6.3,0,0
A9528,1702A10WIKI0000000000248473,MR,15.3,63,53,58,4.04,0,0
A9529,1702A10WIKI0000000000261138,MR,15.1,55,44,49,2.85,0,0
A9530,1702A10WIKI0000000000251848,MR,19.5,67,43,55,4.63,0,0
A9531,1702A10WIKI0000000000247511,MR,19.8,70,44,57,5.05,0,0
A9532,1702A10WIKI0000000000248148,MR,19.6,62,48,55,4.66,0,0
A9533,1702A10WIKI0000000000253860,MR,20.6,76,44,60,5.82,0,0
A9534,1702A10WIKI0000000000252569,MR,23.1,62,42,52,4.91,0,0
A9535,1702A10WIKI0000000000256462,MR,16,90,62,76,7.26,0,0
A9536,1702A10WIKI0000000000254144,MR,19.9,61,45,53,4.39,0,0
A9537,1702A10WIKI0000000000239194,MR,19.4,65,49,57,4.95,0,0
A9538,1702A10WIKI0000000000254727,MR,20.5,56,41,48,3.71,0,0
A9539,1702A10WIKI0000000000247848,MR,23.8,64,43,53,5.25,0,0
A9540,1702A10WIKI0000000000256840,MR,20.9,78,57,67,7.37,0,0
A9541,1702A10WIKI0000000000239438,MR,18.1,68,53,60,5.12,0,0
A9542,1702A10WIKI0000000000261875,MR,18.5,58,44,51,3.78,0,0
A9543,1702A10WIKI0000000000254706,MR,18.1,70,54,62,5.46,0,0
A9544,1702A10WIKI0000000000254298,MR,15,76,61,68,5.45,0,0
A9545,1702A10WIKI0000000000257225,MR,12.2,96,70,83,6.6,0,0
A9546,1702A10WIKI0000000000247822,MR,14.1,70,58,64,4.54,0,0
A9547,1702A10WIKI0000000000238647,KR,23.2,70,45,57,5.92,0,0
A9548,1702A10WIKI0000000000257245,MR,22.8,79,60,69,8.53,0,0
A9549,1702A10WIKI0000000000253889,MR,17.2,67,52,59,4.7,0,0
A9550,1702A10WIKI0000000000242273,KR,17.4,76,56,66,5.95,0,0
A9551,1702A10WIKI0000000000247871,MR,15.3,70,53,61,4.47,0,0
A9552,1702A10WIKI0000000000244345,MR,18,73,55,64,5.61,10,3.1
A9553,1702A10WIKI0000000000251782,MR,22.2,60,42,51,4.54,0,0
A9554,1702A10WIKI0000000000256998,MR,20.2,80,54,67,7.12,0,0
A9555,1702A10WIKI0000000000258386,MR,20.3,61,48,54,4.65,0,0
A9556,1702A10WIKI0000000000255623,MR,19.4,57,45,51,3.96,0,0
A9557,1702A10WIKI0000000000252375,MR,15.9,56,42,49,3,0,0
A9558,1702A10WIKI0000000000257017,MR,14.1,62,47,54,3.23,0,0
A9559,1702A10WIKI0000000000256746,MR,12,88,73,80,6.03,0,0
A9560,1702A10WIKI0000000000252298,MR,12.4,59,46,52,2.63,0,0
A9561,1702A10WIKI0000000000252216,MR,12.7,62,54,58,3.36,0,0
A9562,1702A10WIKI0000000000247849,MR,19.9,60,44,52,4.23,0,0
A9563,1702A10WIKI0000000000239240,KR,14.2,56,44,50,2.79,0,0
A9564,1702A10WIKI0000000000242777,KR,12.3,57,52,54,2.82,0,0
A9565,1702A10WIKI0000000000260253,MR,12.4,58,50,54,2.84,0,0
A9566,1702A10WIKI0000000000249911,KR,12.5,62,56,59,3.42,0,0
A9567,1702A10WIKI0000000000251951,MR,18.7,59,40,49,3.53,0,0
A9568,1702A10WIKI0000000000248164,MR,19.4,71,48,59,5.3,0,0
A9569,1702A10WIKI0000000000256845,MR,19,72,56,64,6.11,0,0
A9570,1702A10WIKI0000000000251919,MR,13.5,80,70,75,5.42,20,9.1
A9571,1702A10WIKI0000000000251727,MR,13.1,70,65,67,4.62,0,0
A9572,1702A10WIKI0000000000256715,KR,19.1,62,47,54,4.37,0,0
A9573,1702A10WIKI0000000000256741,KR,16.7,58,41,49,3.15,0,0
A9574,1702A10WIKI0000000000257239,KR,16.3,62,50,56,4.01,0,0
A9575,1702A10WIKI0000000000257015,MR,16,70,64,67,5.64,0,0
A9576,1702A10WIKI0000000000248372,MR,13.1,65,48,56,3.23,0,0
A9577,1702A10WIKI0000000000247582,MR,15.2,60,46,53,3.1,13,7.7
A9578,1702A10WIKI0000000000241847,MR,19.5,70,52,61,5.7,0,0
A9579,1702A10WIKI0000000000256529,MR,13.9,63,56,59,3.8,0,0
A9580,1702A10WIKI0000000000254317,MR,16.4,58,50,54,3.76,0,0
A9581,1702A10WIKI0000000000255243,MR,17.7,62,48,55,4.21,0,0
A9582,1702A10WIKI0000000000261336,MR,15.4,72,52,62,4.65,0,0
A9583,1702A10WIKI0000000000256776,MR,19.7,72,55,63,6.14,0,0
A9584,1702A10WIKI0000000000255432,MR,14.1,66,51,58,3.73,0,0
A9585,1702A10WIKI0000000000251781,MR,16.4,57,44,50,3.22,0,0
A9586,1702A10WIKI0000000000249440,MR,14.9,55,41,48,2.7,0,0
A9587,1702A10WIKI0000000000242297,MR,19.6,72,52,62,5.92,0,0
A9588,1702A10WIKI0000000000249071,KR,11.6,68,61,64,3.73,0,0
A9589,1702A10WIKI0000000000257174,MR,16.1,60,50,55,3.83,0,0
A9590,1702A10WIKI0000000000256862,BNS,16.5,65,56,60,4.67,0,0
A9591,1702A10WIKI0000000000261498,BNS,15.2,134,123,128,17.9,33,8.5
A9592,1702A10WIKI0000000000260371,MR,16.7,56,43,49,3.15,0,0
A9593,1702A10WIKI0000000000249357,KR,18.5,58,41,49,3.49,0,0
A9594,1702A10WIKI0000000000259401,BNS,19.4,55,40,47,3.37,0,0
A9595,1702A10WIKI0000000000241905,BNS,13.6,80,57,68,4.8,10,2.8
A9596,1702A10WIKI0000000000254916,MR,13.2,59,55,57,3.37,0,0
A9597,1702A10WIKI0000000000255610,MR,12.7,55,46,50,2.49,0,0
A9598,1702A10WIKI0000000000249589,KR,12.3,50,41,45,1.96,0,0
A9599,1702A10WIKI0000000000251936,MR,12.1,60,44,52,2.57,0,0
A9600,1702A10WIKI0000000000249578,KR,12.7,57,48,52,2.7,0,0
A9601,1702A10WIKI0000000000242197,MR,9.3,86,70,78,4.44,0,0
A9602,1702A10WIKI0000000000261158,MR,12.6,67,56,61,3.68,0,0
A9603,1702A10WIKI0000000000261292,MR,12,59,46,52,2.55,0,0
A9604,1702A10WIKI0000000000256518,MR,13.3,80,72,76,6.03,0,0
A9605,1702A10WIKI0000000000261644,MR,14,55,42,48,2.53,0,0
A9606,1702A10WIKI0000000000238935,KR,17.4,63,46,54,3.98,0,0
A9607,1702A10WIKI0000000000243275,KR,20.7,78,58,68,7.52,0,0
A9608,1702A10WIKI0000000000248542,MR,16.1,68,47,57,4.11,0,0
A9609,1702A10WIKI0000000000254406,KR,21.1,79,46,62,6.37,0,0
A9610,1702A10WIKI0000000000256645,MR,13.7,83,70,76,6.21,0,0
A9611,1702A10WIKI0000000000255231,MR,15.4,65,49,57,3.93,0,0
A9612,1702A10WIKI0000000000256706,MR,16.4,78,64,71,6.49,0,0
A9613,1702A10WIKI0000000000254986,MR,17,61,48,54,3.89,0,0
A9614,1702A10WIKI0000000000256634,KR,20.4,64,47,55,4.85,0,0
A9615,1702A10WIKI0000000000241855,MR,20.7,67,50,58,5.47,0,0
A9616,1702A10WIKI0000000000248604,MR,14.3,67,52,59,3.91,0,0
A9617,1702A10WIKI0000000000256785,MR,19,77,58,67,6.7,0,0
A9618,1702A10WIKI0000000000254979,MR,11.9,57,40,48,2.15,0,0
A9619,1702A10WIKI0000000000256643,MR,19.4,96,77,86,11.27,0,0
A9620,1702A10WIKI0000000000256778,MR,16.9,80,56,68,6.14,0,0
A9621,1702A10WIKI0000000000256910,MR,19.8,90,59,74,8.52,0,0
A9622,1702A10WIKI0000000000241919,MR,18.3,64,52,58,4.84,0,0
A9623,1702A10WIKI0000000000261504,MR,15.8,64,50,57,4.03,0,0
A9624,1702A10WIKI0000000000239022,MR,15.5,78,57,67,5.46,0,0
A9625,1702A10WIKI0000000000256782,MR,16.1,55,42,48,2.91,0,0
A9626,1702A10WIKI0000000000247353,MR,14.9,56,40,48,2.7,0,0
A9627,1702A10WIKI0000000000260901,MR,12.1,66,55,60,3.42,0,0
A9628,1702A10WIKI0000000000256623,MR,21.3,58,47,52,4.52,0,0
A9629,1702A10WIKI0000000000243298,BNS,11.4,98,91,94,6.35,37,19.7
A9630,1702A10WIKI0000000000243030,BNS,10.8,61,56,58,2.75,10,3.8
A9631,1702A10WIKI0000000000255180,KR,20,69,50,59,5.47,0,0
A9632,1702A10WIKI0000000000254679,MR,17.3,58,47,52,3.67,0,0
A9633,1702A10WIKI0000000000239192,MR,15.8,68,47,57,3.68,15,8.8
A9634,1702A10WIKI0000000000239018,KR,19.9,61,46,53,4.39,0,0
A9635,1702A10WIKI0000000000239398,KR,18.8,55,41,48,3.4,0,0
A9636,1702A10WIKI0000000000238902,MR,13.3,55,44,49,2.51,0,0
A9637,1702A10WIKI0000000000241865,MR,20.4,61,42,51,4.17,0,0
A9638,1702A10WIKI0000000000244260,MR,21.6,69,50,59,5.91,0,0
A9639,1702A10WIKI0000000000242387,MR,21.1,62,46,54,4.83,0,0
A9640,1702A10WIKI0000000000238734,MR,14.5,62,43,52,3.08,0,0
A9641,1702A10WIKI0000000000238498,BNS,19.8,61,47,54,4.53,0,0
A9642,1702A10WIKI0000000000241960,MR,16.3,78,57,67,5.75,0,0
A9643,1702A10WIKI0000000000242442,MR,9.4,75,72,73,3.93,0,0
A9644,1702A10WIKI0000000000238925,MR,13.8,61,51,56,3.4,0,0
A9645,1702A10WIKI0000000000238913,MR,12,68,53,60,3.27,10,3.5
A9646,1702A10WIKI0000000000244456,MR,16.2,79,62,70,6.23,0,0
A9647,1702A10WIKI0000000000242529,MR,19.8,66,43,54,4.53,0,0
A9648,1702A10WIKI0000000000238730,MR,17.6,55,44,49,3.32,0,0
A9649,1702A10WIKI0000000000244535,MR,13.8,85,67,76,6.26,0,0
A9650,1702A10WIKI0000000000239250,MR,11.9,67,57,62,3.59,0,0
A9651,1702A10WIKI0000000000247963,MR,17.1,93,72,82,9.03,0,0
A9652,1702A10WIKI0000000000238997,KR,19.9,62,49,55,4.73,0,0
A9653,1702A10WIKI0000000000238962,MR,12.2,59,51,55,2.78,10,4.2
A9654,1702A10WIKI0000000000242000,KR,11,102,85,93,7.47,0,0
A9655,1702A10WIKI0000000000256632,KR,11.2,129,106,117,12.04,0,0
A9656,1702A10WIKI0000000000242202,MR,15.6,76,62,69,5.83,0,0
A9657,1702A10WIKI0000000000238927,KR,11.1,65,62,63,3.46,0,0
A9658,1702A10WIKI0000000000242219,MR,18,75,50,62,5.43,0,0
A9659,1702A10WIKI0000000000242259,MR,18.4,67,48,57,4.7,0,0
A9660,1702A10WIKI0000000000241858,MR,11.3,75,64,69,4.23,0,0
A9661,1702A10WIKI0000000000239188,MR,15,65,50,57,3.83,0,0
A9662,1702A10WIKI0000000000244676,MR,22.8,76,53,64,7.33,0,0
A9663,1702A10WIKI0000000000242294,MR,18.7,71,52,61,5.47,0,0
A9664,1702A10WIKI0000000000238646,MR,16,58,45,51,3.27,0,0
A9665,1702A10WIKI0000000000239168,MR,11.9,67,58,62,3.59,0,0
A9666,1702A10WIKI0000000000244657,MR,8.5,109,95,102,6.95,0,0
A9667,1702A10WIKI0000000000242397,MR,17.9,63,50,56,4.41,0,0
A9668,1702A10WIKI0000000000242157,MR,15.7,69,52,60,4.44,0,0
A9669,1702A10WIKI0000000000244547,MR,14.7,95,75,85,8.34,0,0
A9670,1702A10WIKI0000000000239350,MR,12.8,62,50,56,3.15,0,0
A9671,1702A10WIKI0000000000239345,MR,16.8,59,46,52,3.57,0,0
A9672,1702A10WIKI0000000000244432,MR,22.8,78,53,65,7.57,0,0
A9673,1702A10WIKI0000000000238671,MR,19.1,57,44,50,3.75,0,0
A9674,1702A10WIKI0000000000241953,MR,14.6,67,56,61,4.27,0,0
A9675,1702A10WIKI0000000000247774,MR,20.6,85,64,74,8.86,0,0
A9676,1702A10WIKI0000000000244485,MR,14.2,88,80,84,7.87,0,0
A9677,1702A10WIKI0000000000238720,MR,17.1,55,46,50,3.36,0,0
A9678,1702A10WIKI0000000000241929,MR,21.4,62,43,52,4.54,0,0
A9679,1702A10WIKI0000000000241887,MR,10.8,72,65,68,3.92,0,0
A9680,1702A10WIKI0000000000239176,MR,12.1,62,47,54,2.77,0,0
A9681,1702A10WIKI0000000000242019,MR,16.3,65,53,59,4.46,0,0
A9682,1702A10WIKI0000000000242345,MR,18.5,65,52,58,4.89,0,0
A9683,1702A10WIKI0000000000242318,BNS,21.3,72,55,63,6.64,0,0
A9684,1702A10WIKI0000000000238703,MR,16.8,58,43,50,3.3,0,0
A9685,1702A10WIKI0000000000242243,MR,13.9,70,58,64,4.47,0,0
A9686,1702A10WIKI0000000000242218,MR,13.1,66,60,63,4.08,0,0
A9687,1702A10WIKI0000000000238656,MR,11.6,64,59,61,3.39,0,0
A9688,1702A10WIKI0000000000244375,MR,12.5,91,69,80,6.28,0,0
A9689,1702A10WIKI0000000000242312,MR,11.6,87,73,80,5.83,0,0
A9690,1702A10WIKI0000000000247920,MR,14.8,128,97,112,13.57,26,6.9
A9691,1702A10WIKI0000000000242466,MR,13.1,74,64,69,4.9,0,0
A9692,1702A10WIKI0000000000242302,MR,12.3,86,65,75,5.43,0,0
A9693,1702A10WIKI0000000000244753,MR,21.2,79,60,69,7.93,0,0
A9694,1702A10WIKI0000000000244790,MR,18.1,81,67,74,6.66,25,14.5
A9695,1702A10WIKI0000000000244311,MR,22.5,75,48,61,6.35,10,3.4
A9696,1702A10WIKI0000000000247663,MR,21.3,85,62,73,8.91,0,0
A9697,1702A10WIKI0000000000257249,MR,20.3,61,45,53,4.28,10,4.5
A9698,1702A10WIKI0000000000256613,MR,20.4,66,49,57,5.21,0,0
A9699,1702A10WIKI0000000000256616,MR,20.9,70,45,57,5.33,0,0
A9700,1702A10WIKI0000000000256911,MR,13.7,60,48,54,3.14,0,0
A9701,1702A10WIKI0000000000256648,MR,12.3,66,60,63,3.56,15,7.2
A9702,1702A10WIKI0000000000242564,BNS,17.3,92,80,86,9.29,21,7.6
A9703,1702A10WIKI0000000000257277,MR,17.8,97,87,92,11.57,12,2.2
A9704,1702A10WIKI0000000000241902,BNS,21.9,62,43,52,4.65,0,0
A9705,1702A10WIKI0000000000256828,MR,21.6,101,78,89,13.44,0,0
A9706,1702A10WIKI0000000000256630,MR,17.7,60,43,51,3.62,0,0
A9707,1702A10WIKI0000000000242250,BNS,22.4,79,56,67,7.9,0,0
A9708,1702A10WIKI0000000000256786,MR,20.1,71,50,60,5.68,0,0
A9709,1702A10WIKI0000000000257020,MR,14.1,73,57,65,4.54,10,3
A9710,1702A10WIKI0000000000257200,MR,10.4,56,52,54,2.38,0,0
A9711,1702A10WIKI0000000000243218,KR,20.9,62,41,51,4.27,0,0
A9712,1702A10WIKI0000000000243234,KR,19.2,68,52,60,5.43,0,0
A9713,1702A10WIKI0000000000256742,MR,21.4,65,46,55,5.08,0,0
A9714,1702A10WIKI0000000000243046,KR,23,66,51,58,6.08,0,0
A9715,1702A10WIKI0000000000242877,KR,23,66,43,54,5.27,0,0
A9716,1702A10WIKI0000000000243232,KR,23.1,65,50,57,5.89,0,0
A9717,1702A10WIKI0000000000257198,MR,20.4,61,43,52,4.33,0,0
A9718,1702A10WIKI0000000000242765,KR,21.6,74,57,65,7.17,0,0
A9719,1702A10WIKI0000000000242935,KR,10.3,66,55,60,2.91,0,0
A9720,1702A10WIKI0000000000257028,MR,10.6,52,46,49,2,0,0
A9721,1702A10WIKI0000000000257054,MR,16.8,84,64,74,7.23,0,0
A9722,1702A10WIKI0000000000256453,MR,18,59,47,53,3.97,0,0
A9723,1702A10WIKI0000000000257013,MR,10.1,62,52,57,2.58,0,0
A9724,1702A10WIKI0000000000242936,KR,11,71,56,63,3.43,0,0
A9725,1702A10WIKI0000000000242891,KR,12.9,56,52,54,2.95,0,0
A9726,1702A10WIKI0000000000256979,MR,19.1,87,69,78,8.51,18,6.8
A9727,1702A10WIKI0000000000243010,KR,19.4,83,60,71,7.68,0,0
A9728,1702A10WIKI0000000000256491,MR,20.4,64,46,55,4.85,0,0
A9729,1702A10WIKI0000000000243090,KR,18,105,94,99,13.86,0,0
A9730,1702A10WIKI0000000000242854,KR,24.1,77,59,68,8.75,0,0
A9731,1702A10WIKI0000000000242706,KR,17.5,59,40,49,3.3,0,0
A9732,1702A10WIKI0000000000243065,KR,21.4,67,47,57,5.46,0,0
A9733,1702A10WIKI0000000000242836,KR,16.7,68,56,62,5.04,0,0
A9734,1702A10WIKI0000000000242174,BNS,12.3,59,53,56,3.03,0,0
A9735,1702A10WIKI0000000000256764,MR,17.2,59,45,52,3.65,0,0
A9736,1702A10WIKI0000000000256640,MR,19.8,65,43,54,4.53,0,0
A9737,1702A10WIKI0000000000256950,MR,21.3,66,43,54,4.88,0,0
A9738,1702A10WIKI0000000000257132,MR,13,66,56,61,3.8,0,0
A9739,1702A10WIKI0000000000257120,MR,15.1,63,47,55,3.59,0,0
A9740,1702A10WIKI0000000000256743,MR,21.9,70,45,57,5.59,0,0
A9741,1702A10WIKI0000000000256807,MR,18.3,67,56,61,5.35,0,0
A9742,1702A10WIKI0000000000256665,MR,13.5,67,54,60,3.82,0,0
A9743,1702A10WIKI0000000000257083,MR,17.7,55,45,50,3.48,0,0
A9744,1702A10WIKI0000000000257091,MR,18.9,57,42,49,3.56,0,0
A9745,1702A10WIKI0000000000257156,MR,22,56,42,49,4.15,0,0
A9746,1702A10WIKI0000000000257063,MR,22.1,72,46,59,6.04,0,0
A9747,1702A10WIKI0000000000256849,MR,22,70,41,55,5.23,0,0
A9748,1702A10WIKI0000000000256603,MR,19.3,60,47,53,4.26,0,0
A9749,1702A10WIKI0000000000256730,MR,22.5,70,50,60,6.36,0,0
A9750,1702A10WIKI0000000000256456,MR,17.6,70,59,64,5.66,0,0
A9751,1702A10WIKI0000000000256564,MR,22.9,80,55,67,8.07,0,0
A9752,1702A10WIKI0000000000256667,MR,15.1,58,44,51,2.93,10,4.9
A9753,1702A10WIKI0000000000256881,MR,14.1,65,50,57,3.6,0,0
A9754,1702A10WIKI0000000000256932,MR,16.9,72,56,64,5.44,0,0
A9755,1702A10WIKI0000000000256963,MR,12.5,55,43,49,2.36,0,0
A9756,1702A10WIKI0000000000256853,MR,18,68,55,61,5.26,0,0
A9757,1702A10WIKI0000000000256614,MR,19.9,72,45,58,5.26,0,0
A9758,1702A10WIKI0000000000256461,MR,8.1,59,51,55,1.92,0,0
A9759,1702A10WIKI0000000000256694,MR,17.7,63,58,60,5,0,0
A9760,1702A10WIKI0000000000257045,MR,10.1,86,84,85,5.59,12,2.5
A9761,1702A10WIKI0000000000257238,MR,19.2,68,51,59,5.25,0,0
A9762,1702A10WIKI0000000000242591,BNS,22.5,73,43,58,5.94,0,0
A9763,1702A10WIKI0000000000256555,MR,13.4,86,73,79,6.57,0,0
A9764,1702A10WIKI0000000000242315,BNS,17.1,60,48,54,3.71,11,5.3
A9765,1702A10WIKI0000000000257247,MR,18.2,65,45,55,4.32,0,0
A9766,1702A10WIKI0000000000257032,MR,16.1,61,48,54,3.69,0,0
A9767,1702A10WIKI0000000000256680,MR,13.6,69,55,62,4.11,0,0
A9768,1702A10WIKI0000000000256737,MR,16.3,68,55,61,4.76,0,0
A9769,1702A10WIKI0000000000257195,MR,21,55,43,49,3.96,0,0
A9770,1702A10WIKI0000000000242385,BNS,18.1,110,96,103,12.19,40,19.2
A9771,1702A10WIKI0000000000242431,BNS,15.5,125,107,116,14.25,37,13
A9772,1702A10WIKI0000000000242649,BNS,11.5,120,116,118,11.55,30,8.2
A9773,1702A10WIKI0000000000242063,BNS,11.5,82,73,77,5.1,15,4.8
A9774,1702A10WIKI0000000000257143,MR,22.3,58,44,51,4.56,0,0
A9775,1702A10WIKI0000000000242712,KR,20.1,79,53,66,6.88,0,0
A9776,1702A10WIKI0000000000242871,KR,14.1,68,58,63,3.65,23,17
A9777,1702A10WIKI0000000000256448,MR,15.2,73,55,64,4.89,0,0
A9778,1702A10WIKI0000000000256498,MR,20.3,86,65,75,8.97,0,0
A9779,1702A10WIKI0000000000242030,BNS,16.4,71,50,60,4.64,0,0
A9780,1702A10WIKI0000000000242384,BNS,16.2,53,40,46,2.69,0,0
A9781,1702A10WIKI0000000000256925,MR,21.7,55,43,49,4.09,0,0
A9782,1702A10WIKI0000000000242134,BNS,15.8,59,44,51,3.23,0,0
A9783,1702A10WIKI0000000000242214,BNS,23.1,97,75,86,13.42,0,0
A9784,1702A10WIKI0000000000242175,BNS,18.1,68,54,61,5.29,0,0
A9785,1702A10WIKI0000000000256798,MR,15.2,57,45,51,3.11,0,0
A9786,1702A10WIKI0000000000256879,MR,20.7,60,45,52,4.4,0,0
A9787,1702A10WIKI0000000000257117,MB,16.2,63,50,56,3.46,18,13.2
A9788,1702A10WIKI0000000000257290,MR,14.3,76,61,68,5.19,0,0
A9789,1702A10WIKI0000000000257009,MR,18.6,84,66,75,7.62,18,7.3
A9790,1702A10WIKI0000000000256948,MR,11.1,57,42,49,2.09,0,0
A9791,1702A10WIKI0000000000257226,MB,17,74,61,67,5.99,0,0
A9792,1702A10WIKI0000000000256661,MR,15.2,55,40,47,2.64,0,0
A9793,1702A10WIKI0000000000257073,MR,22.2,85,63,74,9.55,0,0
A9794,1702A10WIKI0000000000257213,MR,21.5,63,46,54,4.92,0,0
A9795,1702A10WIKI0000000000256689,MR,19.8,72,51,61,5.21,17,9.9
A9796,1702A10WIKI0000000000257104,MR,12.4,70,62,66,4.24,0,0
A9797,1702A10WIKI0000000000256891,BNS,9.1,52,41,46,1.51,0,0
A9798,1702A10WIKI0000000000256869,MR,12.6,87,70,78,6.02,0,0
A9799,1702A10WIKI0000000000256719,MR,16.5,75,55,65,5.48,0,0
A9800,1702A10WIKI0000000000256504,MR,15.6,65,54,59,4.27,0,0
A9801,1702A10WIKI0000000000257008,MR,14.8,60,42,51,3.02,0,0
A9802,1702A10WIKI0000000000256796,MR,17.7,58,45,51,3.62,0,0
A9803,1702A10WIKI0000000000257116,MR,11.3,62,46,54,2.59,0,0
A9804,1702A10WIKI0000000000257019,MR,12.2,98,85,91,7.93,0,0
A9805,1702A10WIKI0000000000256465,KR,16.1,58,45,51,3.29,0,0
A9806,1702A10WIKI0000000000256449,MR,13.3,64,58,61,3.89,0,0
A9807,1702A10WIKI0000000000256854,MR,13,64,58,61,3.8,0,0
A9808,1702A10WIKI0000000000256815,MR,19.5,72,50,61,5.7,0,0
A9809,1702A10WIKI0000000000257204,MR,14.9,63,51,57,3.8,0,0
A9810,1702A10WIKI0000000000256769,MR,12,90,72,81,6.18,0,0
A9811,1702A10WIKI0000000000256612,MR,15,72,59,65,4.98,0,0
A9812,1702A10WIKI0000000000256805,KR,12.2,70,61,65,3.56,20,12.1
A9813,1702A10WIKI0000000000256631,BNS,20.1,67,51,59,5.5,0,0
A9814,1702A10WIKI0000000000256938,BNS,16.9,60,48,54,3.87,0,0
A9815,1702A10WIKI0000000000257128,MR,16,78,58,68,5.81,0,0
A9816,1702A10WIKI0000000000256745,KR,13.9,73,64,68,5.05,0,0
A9817,1702A10WIKI0000000000256621,KR,16,64,58,61,4.68,0,0
A9818,1702A10WIKI0000000000257209,MR,20.2,61,47,54,4.63,0,0
A9819,1702A10WIKI0000000000256600,BNS,19.4,80,71,75,8.57,0,0
A9820,1702A10WIKI0000000000256468,BNS,16.4,105,96,100,11.4,30,11.5
A9821,1702A10WIKI0000000000256708,MR,21.8,76,49,62,6.58,0,0
A9822,1702A10WIKI0000000000256595,MB,13.2,70,58,64,3.66,21,13.7
A9823,1702A10WIKI0000000000257087,MR,19.5,74,55,64,6.27,0,0
A9824,1702A10WIKI0000000000256548,KR,21.1,63,51,57,5.38,0,0
A9825,1702A10WIKI0000000000256675,BNS,15.2,66,47,56,3.74,0,0
A9826,1702A10WIKI0000000000256877,BNS,18.1,58,51,54,4.15,0,0
A9827,1702A10WIKI0000000000257172,MB,17,59,48,53,3.75,0,0
A9828,1702A10WIKI0000000000257241,MB,15.6,79,57,68,5.67,0,0
A9829,1702A10WIKI0000000000257102,BNS,13.3,52,42,47,2.31,0,0
A9830,1702A10WIKI0000000000256713,KR,21.3,76,52,64,6.85,0,0
A9831,1702A10WIKI0000000000256952,KR,18.5,65,53,59,5.06,0,0
A9832,1702A10WIKI0000000000256532,KR,15.1,61,48,54,3.46,0,0
A9833,1702A10WIKI0000000000256668,KR,16.6,65,43,54,3.8,0,0
A9834,1702A10WIKI0000000000256520,KR,16.7,74,50,62,5.04,0,0
A9835,1702A10WIKI0000000000257021,KR,19.3,60,50,55,4.59,0,0
A9836,1702A10WIKI0000000000253969,MR,10.5,72,67,69,3.93,0,0
A9837,1702A10WIKI0000000000254571,BNS,11.3,127,107,117,11.55,23,4.9
A9838,1702A10WIKI0000000000253830,BNS,12.5,80,68,74,4.88,20,9.3
A9839,1702A10WIKI0000000000254253,MR,19.2,67,50,58,5.07,0,0
A9840,1702A10WIKI0000000000253900,MR,14,65,48,56,3.45,0,0
A9841,1702A10WIKI0000000000254440,MR,9.5,57,45,51,1.94,0,0
A9842,1702A10WIKI0000000000254224,MR,8.4,91,86,88,5.11,0,0
A9843,1702A10WIKI0000000000254528,BNS,11.5,144,124,134,13.67,47,15.7
A9844,1702A10WIKI0000000000254638,MR,12,101,85,93,7.28,27,10.7
A9845,1702A10WIKI0000000000253973,MR,10.2,65,57,61,2.75,15,7.7
A9846,1702A10WIKI0000000000261456,MR,16.4,108,96,102,13.4,0,0
A9847,1702A10WIKI0000000000254676,MR,20.8,67,56,61,5.67,14,6.7
A9848,1702A10WIKI0000000000254148,MR,15.9,70,56,63,4.96,0,0
A9849,1702A10WIKI0000000000254042,MR,19.9,60,45,52,4.23,0,0
A9850,1702A10WIKI0000000000253839,MR,15.4,63,50,56,3.79,0,0
A9851,1702A10WIKI0000000000254745,MR,11.5,57,49,53,2.54,0,0
A9852,1702A10WIKI0000000000253747,MR,19.4,59,50,54,4.44,0,0
A9853,1702A10WIKI0000000000253835,MR,22.3,74,55,64,7.17,0,0
A9854,1702A10WIKI0000000000254709,MR,15.7,77,58,67,5.54,0,0
A9855,1702A10WIKI0000000000254303,KR,16.1,63,52,57,4.11,0,0
A9856,1702A10WIKI0000000000253828,KR,13,88,85,86,7.55,0,0
A9857,1702A10WIKI0000000000254049,KR,11.2,103,90,96,8.11,0,0
A9858,1702A10WIKI0000000000254657,KR,17.7,114,88,101,14.18,0,0
A9859,1702A10WIKI0000000000253742,MR,18.7,56,40,48,3.38,0,0
A9860,1702A10WIKI0000000000253597,MR,18.7,66,50,58,4.94,0,0
A9861,1702A10WIKI0000000000253988,MR,17,63,55,59,4.65,0,0
A9862,1702A10WIKI0000000000254017,KR,21.1,66,50,58,5.57,0,0
A9863,1702A10WIKI0000000000242495,MR,22.8,98,61,79,11.18,0,0
A9864,1702A10WIKI0000000000254623,KR,9,104,95,99,6.93,0,0
A9865,1702A10WIKI0000000000253992,MR,20.8,63,46,54,4.76,0,0
A9866,1702A10WIKI0000000000254425,MR,17.5,72,62,67,6.17,0,0
A9867,1702A10WIKI0000000000253987,MR,10.3,56,47,51,2.1,0,0
A9868,1702A10WIKI0000000000253983,MR,10.9,75,63,69,4.08,0,0
A9869,1702A10WIKI0000000000253618,MR,10.4,73,61,67,3.67,0,0
A9870,1702A10WIKI0000000000253809,MR,8.2,61,54,57,2.09,0,0
A9871,1702A10WIKI0000000000243231,MR,18.1,56,41,48,3.28,0,0
A9872,1702A10WIKI0000000000242840,MR,17.3,58,42,50,3.4,0,0
A9873,1702A10WIKI0000000000243205,MR,8.4,61,60,60,2.38,0,0
A9874,1702A10WIKI0000000000243050,MR,15.6,60,48,54,3.57,0,0
A9875,1702A10WIKI0000000000242886,MR,19.4,68,51,59,5.3,0,0
A9876,1702A10WIKI0000000000243314,MR,19.7,64,50,57,5.03,0,0
A9877,1702A10WIKI0000000000243091,MR,15.9,56,46,51,3.25,0,0
A9878,1702A10WIKI0000000000243198,MR,15.5,57,44,50,3.04,0,0
A9879,1702A10WIKI0000000000243016,MR,13.9,70,46,58,3.67,0,0
A9880,1702A10WIKI0000000000243132,MR,15.1,61,52,56,3.72,0,0
A9881,1702A10WIKI0000000000242745,MR,15,85,70,77,6.98,0,0
A9882,1702A10WIKI0000000000242702,MR,12,67,63,65,3.98,0,0
A9883,1702A10WIKI0000000000243002,MR,13.9,63,50,56,3.42,0,0
A9884,1702A10WIKI0000000000242718,MR,13.8,55,45,50,2.21,19,18.4
A9885,1702A10WIKI0000000000242912,MR,13.4,65,50,57,3.42,0,0
A9886,1702A10WIKI0000000000243316,MR,13,74,58,66,4.11,16,7.5
A9887,1702A10WIKI0000000000243328,KR,13,77,67,72,5.29,0,0
A9888,1702A10WIKI0000000000243246,KR,13.4,90,76,83,7.25,0,0
A9889,1702A10WIKI0000000000243107,MR,21.6,75,48,61,6.31,0,0
A9890,1702A10WIKI0000000000242904,MR,18,76,60,68,6.54,0,0
A9891,1702A10WIKI0000000000243257,MR,15.3,55,42,48,2.77,0,0
A9892,1702A10WIKI0000000000243021,MR,18.4,60,52,56,4.53,0,0
A9893,1702A10WIKI0000000000243174,MR,21.8,80,52,66,7.46,0,0
A9894,1702A10WIKI0000000000242732,MR,15.6,64,51,57,3.98,0,0
A9895,1702A10WIKI0000000000243219,MR,11,55,44,49,2.07,0,0
A9896,1702A10WIKI0000000000242972,MR,15.4,80,65,72,6.27,0,0
A9897,1702A10WIKI0000000000243172,KR,16.4,61,45,53,3.62,0,0
A9898,1702A10WIKI0000000000242766,KR,19.3,70,44,57,4.92,0,0
A9899,1702A10WIKI0000000000242914,KR,12.4,65,54,59,3.39,0,0
A9900,1702A10WIKI0000000000243095,BNS,11.8,72,62,67,3.82,17,8.2
A9901,1702A10WIKI0000000000242793,KR,8.3,100,83,91,5.4,0,0
A9902,1702A10WIKI0000000000243116,MR,18,72,55,63,5.61,0,0
A9903,1702A10WIKI0000000000243143,MR,18.9,60,45,52,3.83,10,4.7
A9904,1702A10WIKI0000000000243189,MR,9.9,65,61,63,3.09,0,0
A9905,1702A10WIKI0000000000243061,KR,20.5,67,51,59,5.6,0,0
A9906,1702A10WIKI0000000000242778,MR,15.6,59,46,52,3.31,0,0
A9907,1702A10WIKI0000000000243167,MR,21.2,60,46,53,4.68,0,0
A9908,1702A10WIKI0000000000242668,MR,18.2,70,61,65,6.04,0,0
A9909,1702A10WIKI0000000000242723,KR,18.7,67,42,54,4.28,0,0
A9910,1702A10WIKI0000000000243301,MR,19,57,41,49,3.58,0,0
A9911,1702A10WIKI0000000000243085,KR,12.1,78,60,69,4.52,0,0
A9912,1702A10WIKI0000000000243319,KR,16,60,49,54,3.66,0,0
A9913,1702A10WIKI0000000000243293,KR,15.2,90,72,81,7.83,0,0
A9914,1702A10WIKI0000000000242898,KR,17.8,60,44,52,3.78,0,0
A9915,1702A10WIKI0000000000243280,MR,20.9,66,52,59,5.71,0,0
A9916,1702A10WIKI0000000000243281,MR,18.5,60,46,53,4.08,0,0
A9917,1702A10WIKI0000000000242960,MR,20.7,66,45,55,4.92,0,0
A9918,1702A10WIKI0000000000242776,MB,17.8,60,45,52,2.92,22,22.8
A9919,1702A10WIKI0000000000243123,MB,16.1,72,52,62,4.86,0,0
A9920,1702A10WIKI0000000000243122,MB,16.5,65,49,57,4.21,0,0
A9921,,MR,16.1,59,50,54,3.27,16,11.2
A9922,,MR,17.9,60,48,54,3.7,15,9.8
A9923,,MR,12.1,61,50,55,2.87,0,0
B1,,BNS,12.5,54,45,49,2.36,0,0
B2,,KR,22.3,62,43,52,4.74,0,0
B3,,MR,22.1,75,60,67,7.79,0,0
B4,,MR,11.9,84,75,79,5.83,0,0
B5,,MR,17.1,70,56,63,5.33,0,0
B6,,MR,23.8,70,50,60,6.73,0,0
B7,,MR,23.2,81,49,65,7.7,0,0
B8,,MR,16,68,49,58,4.23,0,0
B9,,MR,17.3,65,49,57,4.41,0,0
B10,,MR,16.2,70,52,61,4.73,0,0
B11,,MR,16.8,63,45,54,3.85,0,0
B12,,MR,17.2,66,40,53,3.79,0,0
B13,,MR,17.9,59,45,52,3.8,0,0
B14,,MR,16.8,61,48,54,3.85,0,0
B15,,MR,17,60,46,53,3.75,0,0
B16,,MR,17.6,65,51,58,4.65,0,0
B17,,MR,11.1,72,66,69,4.15,0,0
B18,,MR,17.1,73,61,67,6.03,0,0
B19,,MR,18.5,66,53,59,5.06,0,0
B20,,MR,18.2,63,50,56,4.48,0,0
B21,,MR,16.3,74,62,68,5.92,0,0
B22,,MR,15.6,60,49,54,3.57,0,0
B23,,MR,15.5,58,44,51,3.17,0,0
B24,,MR,19.6,65,48,56,4.83,0,0
B25,,MR,18.5,61,54,57,4.72,0,0
B26,,MR,21,79,57,68,7.63,0,0
B27,,BNS,11.1,95,84,89,6.75,12,2.3
B28,,BNS,11.6,91,77,84,6.43,0,0
B29,,BNS,12.1,102,88,95,8.58,0,0
B30,,BNS,12.3,84,72,78,5.88,0,0
B31,,BNS,13,95,85,90,8.05,13,2.7
B32,,BNS,21.4,94,66,80,10.76,0,0
B33,,MR,16,57,45,51,3.27,0,0
B34,,MR,20.9,71,57,64,6.72,0,0
B35,,BNS,16.2,114,101,107,13.3,28,8.7
B36,,MR,18.1,55,44,49,3.41,0,0
B37,,MR,15.5,59,42,50,3.04,0,0
B38,,MR,11.7,61,52,56,2.88,0,0
B39,,BNS,12.2,75,65,70,4.21,20,10.4
B40,,MR,12.4,69,64,66,4.12,10,2.9
B41,,MR,9.5,72,66,69,3.55,0,0
B42,,MR,22.6,76,66,71,8.95,0,0
B43,,KR,22.2,62,46,54,5.08,0,0
B44,,MR,24,82,63,72,9.77,0,0
B45,,MR,16.9,58,45,51,3.45,0,0
B46,,MR,21.4,67,52,59,5.85,0,0
B47,,MR,23.2,70,49,59,6.34,0,0
B48,,MR,23.5,74,54,64,7.56,0,0
B49,,KR,13.9,62,48,55,3.3,0,0
B50,,KR,10.7,75,63,69,4,0,0
B51,,MR,8.7,63,62,62,2.63,0,0
B52,,MR,14.5,63,53,58,3,24,21.8
B53,,MR,17.3,55,44,49,3.26,0,0
B54,,MR,21.6,97,76,86,12.55,0,0
B55,,MR,20.5,60,45,52,4.35,0,0
B56,,MR,18.7,64,47,55,4.44,0,0
B57,,MR,15.5,74,54,64,4.99,0,0
B58,,MR,13.8,57,46,51,2.82,0,0
B59,,MR,14.1,62,47,54,3.23,0,0
B60,,KR,16.5,70,58,64,5.31,0,0
B61,,MR,15.7,65,56,60,4.44,0,0
B62,,KR,10.4,62,55,58,2.75,0,0
B63,,BNS,20.8,86,60,73,8.71,0,0
B64,,MR,15.5,59,49,54,3.55,0,0
B65,,MR,23.3,63,53,58,6.16,0,0
B66,,MR,11.7,74,62,68,4.25,0,0
B67,,KR,12.9,79,62,70,4.96,0,0
B68,,KR,15.5,59,44,51,2.94,12,7
B69,,MB,15.6,72,60,66,4.94,16,7.5
B70,,KR,21.7,65,48,56,5.34,0,0
B71,,KR,19.4,62,44,53,4.28,0,0
B72,,BNS,12.3,56,42,49,2.32,0,0
B73,,KR,17.9,63,48,55,4.25,0,0
B74,,KR,22.5,65,42,53,4.96,0,0
B75,,KR,22.5,81,57,69,8.41,0,0
B76,,BNS,17.6,64,48,56,3.63,20,16.2
B77,,MR,17.6,63,51,57,4.32,10,3.9
B78,,MR,11.6,55,46,50,2.28,0,0
B79,,KR,12.2,63,44,53,2.69,0,0
B80,,KR,21.6,63,44,53,4.77,0,0
B81,,MR,15.9,60,46,53,3.51,0,0
B82,,MR,21.8,65,45,55,5.18,0,0
B83,,BNS,19,63,50,56,4.68,0,0
B84,,MR,19.6,70,48,59,5.36,0,0
B85,,MR,17,65,49,57,4.34,0,0
B86,,MR,21.7,68,45,56,5.34,0,0
B87,,MR,16.7,95,70,82,8.82,0,0
B88,,KR,14.9,54,40,47,2.59,0,0
B89,,KR,21.8,72,48,60,6.16,0,0
B90,,BNS,16.8,50,40,45,2.67,0,0
B91,,MR,16.6,59,51,55,3.94,0,0
B92,,BNS,16.7,58,44,51,3.41,0,0
B93,,BNS,13.7,71,61,66,4.69,0,0
B94,,BNS,11.7,58,45,51,1.97,19,17.7
B95,,MR,14.8,60,54,57,3.78,0,0
B96,,MB,16.8,72,56,64,5.4,0,0
B97,,BNS,16.3,54,40,47,2.83,0,0
B98,,MB,16,59,44,51,3.27,0,0
B99,,BNS,13.2,77,68,72,4.62,24,14.1
B100,,MR,17.1,67,47,57,4.36,0,0
B101,,MR,20.5,56,45,50,4.03,0,0
B102,,MR,14.1,60,47,53,2.36,23,24
B103,,MB,18.7,61,46,53,4.13,0,0
B104,,MB,16,53,43,48,2.26,20,22.1
B105,,MR,20.4,68,53,60,5.42,13,6
B106,,BNS,17.4,68,59,63,5.42,0,0
B107,,KR,14.6,66,53,59,3.99,0,0
B108,,KR,16.2,67,58,62,4.89,0,0
B109,,KR,17.3,68,50,59,4.73,0,0
B110,,KR,17.2,63,45,54,3.94,0,0
B111,,KR,17.3,52,46,49,3.26,0,0
B112,,KR,19,58,40,49,3.39,10,5.3
B113,,KR,14.8,60,45,52,3.14,0,0
B114,,KR,22.2,66,45,55,5.27,0,0
B115,,MR,23.5,74,51,62,7.09,0,0
B116,,MR,20.8,62,50,56,5.12,0,0
B117,,MR,17.7,67,56,61,5.17,0,0
B118,,MR,21.3,108,82,95,15.1,0,0
B119,,MR,22.1,61,45,53,4.88,0,0
B120,,MR,22.3,67,51,59,6.1,0,0
B121,,MR,13.7,66,56,61,4,0,0
B122,,MR,11.8,84,78,81,6.08,0,0
B123,,MR,12,71,67,69,4.49,0,0
B124,,MR,14,79,65,72,5.7,0,0
B125,,KR,21.1,62,47,54,4.83,0,0
B126,,MR,21.8,60,49,54,4.99,0,0
B127,,MR,14.7,89,79,84,8.15,0,0
B128,,MR,16.8,71,61,66,5.75,0,0
B129,,MR,17.2,67,48,57,4.39,0,0
B130,,MR,17.2,67,52,59,4.7,0,0
B131,,MR,17.6,75,53,64,5.66,0,0
B132,,MR,14.9,64,43,53,3.29,0,0
B133,,MR,15.2,57,46,51,3.11,0,0
B134,,MR,13.9,57,48,52,2.95,0,0
B135,,MR,21.8,66,50,58,5.76,0,0
B136,,MR,19.5,67,44,55,4.63,0,0
B137,,MR,21,87,62,74,9.03,0,0
B138,,MR,22.9,72,42,57,5.84,0,0
B139,,MR,20.4,79,61,70,7.85,0,0
B140,,MR,19.5,70,49,59,5.33,0,0
B141,,MR,17.9,73,59,66,6.12,0,0
B142,,MR,20,65,48,56,4.93,0,0
B143,,MR,18.4,65,45,55,4.37,0,0
B144,,MR,23.1,98,67,82,12.2,0,0
B145,,MR,21.7,75,60,67,7.65,0,0
B146,,MR,12.4,86,72,79,6.08,0,0
B147,,MR,12.9,72,59,65,4.28,0,0
B148,,MR,20.7,70,54,62,6.25,0,0
B149,,KR,22.4,72,44,58,5.92,0,0
B150,,MR,18.2,76,50,63,5.67,0,0
B151,,MR,16.4,63,42,52,3.48,0,0
B152,,MR,15.4,88,67,77,7.17,0,0
B153,,MR,23.1,75,55,65,7.67,0,0
B154,,MR,21.8,80,64,72,8.88,0,0
B155,,MR,16.2,64,44,54,3.71,0,0
B156,,MR,16.2,64,44,54,2.93,22,21.1
B157,,MR,10.8,82,71,76,4.9,0,0
B158,,KR,15.5,57,47,52,3.29,0,0
B159,,KR,12.6,77,57,67,4.44,0,0
B160,,MR,18.6,60,49,54,4.26,0,0
B161,,MR,16,67,49,58,4.23,0,0
B162,,MR,13,56,45,50,2.55,0,0
B163,,MR,16.8,77,58,67,5.92,0,0
B164,,MR,15.3,66,53,59,4.18,0,0
B165,,MR,22.9,78,47,62,6.91,0,0
B166,,MR,17,61,46,53,3.75,0,0
B167,,MR,23.2,73,50,61,6.78,0,0
B168,,KR,19.4,62,43,52,4.12,0,0
B169,,KR,20.9,75,54,64,6.72,0,0
B170,,KR,15.6,63,54,58,3.61,18,12.3
B171,,KR,14.8,62,55,58,2.91,26,25.6
B172,,KR,23,81,53,67,6.55,26,19.2
B173,,KR,19.5,76,49,62,5.89,0,0
B174,,MR,19.9,72,54,63,6.2,0,0
B175,,MR,21.9,91,66,78,10.46,0,0
B176,,KR,18,62,44,53,3.97,0,0
B177,,KR,18.6,75,49,62,5.62,0,0
B178,,KR,20.4,76,46,61,5.96,0,0
B179,,KR,22.6,68,47,57,5.77,0,0
B180,,KR,18.7,70,50,60,5.29,0,0
B181,,BNS,13.8,68,56,62,4,11,4
B182,,BNS,14.5,59,46,52,3.08,0,0
B183,,KR,20.2,76,56,66,6.91,0,0
B184,,KR,16,67,52,59,4.37,0,0
B185,,KR,16.4,55,41,48,2.97,0,0
B186,,KR,14,51,40,45,2.23,0,0
B187,,KR,12.9,69,51,60,3.65,0,0
B188,,MR,15.6,55,47,51,3.19,0,0
B189,,KR,16,52,40,46,2.66,0,0
B190,,KR,14.9,51,40,45,2.37,0,0
B191,,KR,17.6,61,45,53,3.88,0,0
B192,,KR,10.8,63,56,59,2.38,23,19.3
B193,,KR,12,50,40,45,1.91,0,0
B194,,KR,15.5,54,41,47,2.69,0,0
B195,,BNS,17.4,63,48,55,3.96,10,4.2
B196,,KR,16.8,59,43,51,3.43,0,0
B197,,KR,12.3,55,44,49,2.32,0,0
B198,,KR,20,72,50,61,5.84,0,0
B199,,MB,15.5,67,59,63,4.83,0,0
B200,,BNS,17,57,54,55,4.04,0,0
B201,,MR,12.3,55,50,52,2.61,0,0
B202,,MR,17.2,66,51,58,4.54,0,0
B203,,KR,18.7,65,49,57,4.77,0,0
B204,,MB,18,55,40,47,3.12,0,0
B205,,MR,20,77,53,65,6.64,0,0
B206,,BNS,17.9,76,62,69,6.69,0,0
B207,,MB,11.4,60,43,51,2.33,0,0
B208,,KR,19.6,73,55,64,6.31,0,0
B209,,KR,18.2,67,42,54,4.17,0,0
B210,,KR,14.8,60,46,53,3.27,0,0
B211,,MR,19.2,63,44,53,4.24,0,0
B212,,KR,21,77,58,67,7.4,0,0
B213,,KR,21.2,61,40,50,4.16,0,0
B214,,BNS,14,110,97,103,11.67,0,0
B215,,MR,17.5,63,45,54,4.01,0,0
B216,,MR,18.5,59,47,53,4.08,0,0
B217,,MR,18.8,65,49,57,4.61,10,3.9
B218,,MB,14.9,73,57,65,4.94,0,0
B219,,MR,21.3,69,48,58,5.63,0,0
B220,,KR,21.5,62,46,54,4.92,0,0
B221,,MR,17.3,67,52,59,4.73,0,0
B222,,MR,15.4,59,49,54,3.53,0,0
B223,,BNS,21.3,62,46,54,4.88,0,0
B224,,MR,17.4,63,52,57,4.44,0,0
B225,,MR,16.2,69,60,64,5.21,0,0
B226,,MR,18.6,75,54,64,5.56,15,7
B227,,MR,12.8,62,53,57,3.11,11,4.7
B228,,BNS,9.9,130,123,126,10.16,47,17.7
B229,,KR,22.7,60,40,50,4.46,0,0
B230,,BNS,18.3,92,77,84,9.67,16,4.6
B231,,MR,18.6,76,57,66,6.36,0,0
B232,,MR,17.6,65,54,59,4.81,0,0
B233,,MR,18.6,59,44,51,3.8,0,0
B234,,MR,18.2,64,53,58,4.55,12,5.4
B235,,MR,18.8,55,43,49,3.55,0,0
B236,,MR,18.2,58,44,51,3.72,0,0
B237,,KR,21.2,66,47,56,5.22,0,0
B238,,MR,21.3,78,54,66,7.29,0,0
B239,,KR,20.8,68,49,58,5.5,0,0
B240,,KR,16,52,43,47,2.78,0,0
B241,,KR,12.2,65,52,58,3.22,0,0
B242,,KR,21.6,57,42,49,4.07,0,0
B243,,KR,18.4,53,40,46,3.06,0,0
B244,,MR,14.8,55,49,52,3.14,0,0
B245,,BNS,11.9,124,117,120,13.46,0,0
B246,,BNS,20.5,76,61,68,7.44,0,0
B247,,MR,18.2,66,49,57,4.64,0,0
B248,,MR,23.2,79,54,66,7.94,0,0
B249,,MR,17,66,51,58,4.11,15,8.5
B250,,MR,17,59,46,52,3.61,0,0
B251,,MR,16.6,64,44,54,3.8,0,0
B252,,KR,13.1,73,54,63,4.08,0,0
B253,,MR,11.9,68,58,63,3.71,0,0
B254,,MR,16.2,56,40,48,2.93,0,0
B255,,MR,13,58,48,53,2.87,0,0
B256,,KR,15,55,44,49,2.83,0,0
B257,,MR,16.9,56,42,49,3.02,10,5.3
B258,,KR,15.1,58,37,47,2.62,0,0
B259,,KR,16.5,74,58,66,5.64,0,0
B260,,MB,12.8,55,44,49,2.41,0,0
B261,,BNS,14.5,62,51,56,2.87,22,19.6
B262,,KR,20.6,62,42,52,4.37,0,0
B263,,KR,19.8,61,42,51,4.04,0,0
B264,,MR,20.8,55,42,48,3.76,0,0
B265,,MR,18.5,64,47,55,4.4,0,0
B266,,MB,17.5,54,40,47,3.04,0,0
B267,,MB,12.4,50,42,46,2.06,0,0
B268,,MB,9.4,50,40,45,1.5,0,0
B269,,BNS,18.9,56,42,49,3.56,0,0
B270,,MB,16.2,63,47,55,3.2,20,16.8
B271,,MB,17.7,71,55,63,5.34,10,3.2
B272,,KR,9.1,95,94,94,6.32,0,0
B273,,MR,17.5,70,53,61,5.11,0,0
B274,,MR,12.6,93,73,83,6.69,10,1.8
B275,,KR,12.2,82,75,78,5.83,0,0
B276,,KR,18.1,70,43,56,4.46,0,0
B277,,KR,10.4,100,81,90,6.62,0,0
B278,,KR,14.1,79,65,72,5.74,0,0
B279,,KR,11.1,65,55,60,3.14,0,0
B280,,BNS,17.8,81,62,71,7.05,0,0
B281,,MR,16.3,61,45,53,3.6,0,0
B282,,MR,12.6,57,44,50,2.35,10,5.1
B283,,KR,14.4,63,40,51,2.94,0,0
B284,,KR,21.7,65,44,54,4.97,0,0
B285,,BNS,19.6,66,48,57,5,0,0
B286,,MB,14.2,56,42,49,2.44,13,9
B287,,BNS,13.9,65,48,56,3.19,13,6.9
B288,,MR,13,67,57,62,3.92,0,0
B289,,BNS,12.7,55,43,49,2.39,0,0
B290,,MR,9,75,70,72,3.66,0,0
B291,,MR,14.1,88,42,65,4.68,0,0
B292,,MR,13.3,65,50,57,3.39,0,0
B293,,MR,12.6,62,56,59,3.44,0,0
B294,,MR,14.8,57,46,51,3.02,0,0
B295,,MR,20.8,86,63,74,8.95,0,0
B296,,BNS,19,55,39,47,3.3,0,0
B297,,MB,21.1,66,43,54,4.83,0,0
B298,,MR,16.8,58,48,53,3.71,0,0
B299,,BNS,18,68,46,57,4.59,0,0
B300,,MR,16.4,77,61,69,6.13,0,0
B301,,KR,12.9,52,42,47,2.24,0,0
B302,,BNS,17.9,64,43,53,3.95,0,0
B303,,BNS,17.6,57,47,52,3.74,0,0
B304,,BNS,14.3,62,53,57,3.65,0,0
B305,,MR,12.3,63,50,56,2.54,20,16.2
B306,,MR,17.6,60,43,51,2.89,20,19.6
B307,,MR,19,85,66,75,8.39,0,0
B308,,MR,16.3,67,50,58,4.31,0,0
B309,,KR,20.1,55,44,49,3.79,0,0
B310,,MR,18.4,79,63,71,6.48,21,11.1
B311,,KR,20.6,63,45,54,4.72,0,0
B312,,MR,24.4,56,46,51,4.98,0,0
B313,,KR,16.8,75,60,67,5.92,0,0
B314,,KR,17.5,65,45,55,4.16,0,0
B315,,KR,9.6,67,45,56,2.12,16,10.4
B316,,KR,13,63,49,56,3.2,0,0
B317,,KR,18,76,57,66,6.16,0,0
B318,,KR,19.8,67,53,60,5.6,0,0
B319,,KR,19.3,71,49,60,5.46,0,0
B320,,MR,20.6,72,54,63,6.42,0,0
B321,,MB,21.2,67,50,58,5.6,0,0
B322,,MR,16.8,55,42,48,2.87,10,5.5
B323,,MR,17.9,59,48,53,3.95,0,0
B324,,MB,9.6,55,47,51,1.58,20,19.6
B325,,MB,19.1,63,42,52,4.06,0,0
B326,,BNS,15.3,74,61,67,4.51,24,16.3
B327,,BNS,15.9,54,47,50,3.12,0,0
B328,,MR,12.9,66,60,63,4.02,0,0
B329,,MR,16.2,56,46,51,3.31,0,0
B330,,MR,20.6,64,48,56,5.07,0,0
B331,,MR,13.6,64,52,58,3.46,10,3.8
B332,,MR,21.2,77,58,67,7.47,0,0
B333,,BNS,24.3,82,57,69,9.09,0,0
B334,,MR,20.4,74,61,67,7.19,0,0
B335,,MR,17.1,65,48,56,4.21,0,0
B336,,MR,19,79,71,75,8.39,0,0
B337,,BNS,20.5,65,45,55,4.87,0,0
B338,,MR,18.6,84,64,74,8,0,0
B339,,MR,22.1,66,50,58,5.84,0,0
B340,,MR,20.6,78,56,67,7.26,0,0
B341,,BNS,20.1,82,59,70,7.29,15,5.8
B342,,MR,18.4,69,50,59,5.03,0,0
B343,,MR,16.6,57,42,49,3.13,0,0
B344,,MR,17.6,56,46,51,3.6,0,0
B345,,MR,17.4,69,51,60,4.92,0,0
B346,,MR,14.4,62,52,57,3.67,0,0
B347,,MR,20.8,72,49,60,5.88,0,0
B348,,MR,17.6,74,61,67,6.21,0,0
B349,,MR,19.3,72,53,62,5.83,0,0
B350,,MR,20.9,78,55,66,7.15,0,0
B351,,MR,16.8,60,47,53,3.71,0,0
B352,,MR,16.2,83,57,70,6.23,0,0
B353,,MR,18.6,61,43,52,3.95,0,0
B354,,MR,22.5,75,58,66,7.7,0,0
B355,,MR,16.5,71,60,65,5.48,0,0
B356,,MR,17.1,58,44,51,3.49,0,0
B357,,BNS,18.3,65,49,57,4.67,0,0
B358,,MB,15.5,61,47,54,3.55,0,0
B359,,BNS,14.2,55,46,50,2.38,17,14.7
B360,,MB,15.4,61,45,53,3.24,10,4.5
B361,,MR,9.5,54,46,50,1.87,0,0
B362,,KR,20.2,71,51,61,5.66,11,4.1
B363,,MR,20.1,59,44,51,4.11,0,0
B364,,KR,17.7,70,47,58,4.68,0,0
B365,,KR,17.4,59,46,52,3.7,0,0
B366,,MR,15.4,55,40,47,2.67,0,0
B367,,MB,15.9,60,47,53,3.35,10,4.5
B368,,KR,17.6,55,41,48,3.18,0,0
B369,,BNS,15.4,61,43,52,3.12,10,4.7
B370,,MR,15.3,64,49,56,3.77,0,0
B371,,MR,17.6,66,45,55,4.18,0,0
B372,,MR,20.9,59,42,50,4.1,0,0
B373,,MR,20.4,66,50,58,5.39,0,0
B374,,MR,15.7,55,44,49,2.96,0,0
B375,,MR,19.8,79,65,72,8.06,0,0
B376,,MR,18,79,61,70,6.93,0,0
B377,,MR,15.7,57,45,51,3.21,0,0
B378,,MR,12.8,55,47,51,2.61,0,0
B379,,MR,17.8,63,49,56,4.38,0,0
B380,,MR,15.6,57,44,50,3.06,0,0
B381,,MR,20.6,80,56,68,7.48,0,0
B382,,MR,23.2,84,64,74,9.59,13,3.9
B383,,MR,19.8,63,57,60,5.6,0,0
B384,,MR,16.1,63,47,55,3.83,0,0
B385,,MR,17.5,65,46,55,4.16,0,0
B386,,MR,17.8,64,49,56,4.38,0,0
B387,,MR,21,65,46,55,4.99,0,0
B388,,MR,15.7,70,53,61,4.59,0,0
B389,,MR,20.4,72,47,59,5.58,0,0
B390,,MR,17.3,66,48,57,4.41,0,0
B391,,MR,17,70,56,63,5.3,0,0
B392,,MR,16.6,62,49,55,3.94,0,0
B393,,MR,11.9,63,60,61,3.48,0,0
B394,,BNS,16.9,83,64,73,6.9,10,2.4
B395,,MR,17.7,76,60,68,6.43,0,0
B396,,MR,18.8,72,52,62,5.68,0,0
B397,,MR,20.2,60,48,54,4.63,0,0
B398,,MR,19.6,70,46,58,5.18,0,0
B399,,MR,17.9,72,54,63,5.58,0,0
B400,,KR,14.7,60,45,52,3.12,0,0
B401,,MR,16.3,66,53,59,4.46,0,0
B402,,KR,15.5,60,45,52,3.29,0,0
B403,,MB,15.1,57,50,53,3.33,0,0
B404,,MB,9.9,74,64,69,3.7,0,0
B405,,MR,15.1,56,43,49,2.85,0,0
B406,,MR,19.2,63,47,55,4.56,0,0
B407,,BNS,19.2,73,60,66,6.02,17,8.4
B408,,MR,21.5,62,47,54,4.92,0,0
B409,,MR,13.5,74,67,70,5.2,0,0
B410,,MR,11.1,84,74,79,5.19,15,4.6
B411,,BNS,12.9,64,50,57,3.16,10,3.9
B412,,BNS,16.5,62,45,53,3.64,0,0
B413,,BNS,15.4,63,51,57,3.78,10,3.9
B414,,BNS,18.4,59,47,53,4.06,0,0
B415,,MR,13.1,64,51,57,3.34,0,0
B416,,BNS,18.9,59,48,53,4.17,0,0
B417,,MR,18.5,68,56,62,5.59,0,0
B418,,BNS,16.7,63,49,56,4.11,0,0
B419,,BNS,17.7,69,55,62,5.34,0,0
B420,,KR,10.5,84,65,74,4.52,0,0
B421,,KR,18,71,48,59,4.74,10,3.7
B422,,KR,19.5,60,50,55,4.63,0,0
B423,,KR,16.2,66,51,58,4.28,0,0
B424,,KR,16.1,65,50,57,4.11,0,0
B425,,KR,19.7,68,58,63,6.14,0,0
B426,,KR,16.7,60,43,51,3.41,0,0
B427,,KR,11.6,84,70,77,5.4,0,0
B428,,KR,14.4,64,42,53,3.18,0,0
B429,,KR,10.3,60,56,58,2.72,0,0
B430,,KR,14.8,55,40,47,2.57,0,0
B431,,BNS,15.2,86,75,80,5.33,39,30.3
B432,,MR,20.8,81,60,70,8,0,0
B433,,KR,20.9,72,48,60,5.91,0,0
B434,,KR,23.9,57,40,48,4.32,0,0
B435,,KR,17.7,66,51,58,4.68,0,0
B436,,BNS,10.5,66,60,63,2.85,20,12.8
B437,,BNS,14.4,52,40,46,2.07,15,13.5
B438,,BNS,21.8,62,43,52,4.63,0,0
B439,,BNS,11.3,51,41,46,1.43,20,24.1
B440,,MR,20.6,64,46,55,4.89,0,0
B441,,MR,21.1,85,71,78,10.08,0,0
B442,,BNS,21.4,67,50,58,5.65,0,0
B443,,KR,20.4,76,54,65,6.77,0,0
B444,,BNS,15.9,78,63,70,5.35,22,12.6
B445,,KR,14,68,59,63,4.36,0,0
B446,,KR,22.9,72,41,56,5.64,0,0
B447,,MR,20.6,86,67,76,9,13,3.7
B448,,MR,20,69,51,60,5.65,0,0
B449,,MR,18.1,95,80,87,9.89,22,8.1
B450,,MR,18,78,60,69,5.78,23,14.1
B451,,KR,17,106,82,94,11.8,0,0
B452,,KR,13.7,61,51,56,3.37,0,0
B453,,KR,13.7,55,44,49,2.58,0,0
B454,,KR,14.6,55,40,47,2.53,0,0
B455,,KR,19,69,40,54,4.35,0,0
B456,,KR,16.7,57,40,48,3.02,0,0
B457,,KR,18.6,62,44,53,4.1,0,0
B458,,KR,17.1,65,52,58,4.52,0,0
B459,,KR,14,51,40,45,2.23,0,0
B460,,KR,16.5,68,52,60,4.67,0,0
B461,,KR,20.9,66,41,53,4.61,0,0
B462,,KR,20.6,55,40,47,3.57,0,0
B463,,KR,16.6,53,40,46,2.76,0,0
B464,,KR,12.6,52,40,46,2.09,0,0
B465,,BNS,18.8,67,50,58,4.97,0,0
B466,,MB,15.9,59,46,52,3.38,0,0
B467,,BNS,19.2,57,41,49,2.85,20,21.2
B468,,KR,20.9,56,40,48,3.78,0,0
B469,,KR,23.4,74,47,60,6.62,0,0
B470,,KR,21.3,58,42,50,4.18,0,0
B471,,MB,16.1,63,46,54,3.69,0,0
B472,,MB,12.6,52,40,46,2.09,0,0
B473,,BNS,11.2,69,60,64,3.16,20,12.4
B474,,MB,13.9,62,57,59,3.8,0,0
B475,,MR,15.8,78,58,68,5.74,0,0
B476,,MR,17.1,60,47,53,3.77,0,0
B477,,MR,16.5,61,44,52,3.5,0,0
B478,,MR,17.9,62,46,54,4.1,0,0
B479,,MR,16.7,70,54,62,4.24,22,16
B480,,MR,16.2,72,61,66,5.54,0,0
B481,,MR,12.4,72,58,65,4.11,0,0
B482,,MR,17.4,82,69,75,7.69,0,0
B483,,MR,20.2,67,47,57,5.15,0,0
B484,,MR,16.7,60,44,52,3.55,0,0
B485,,MR,17.5,63,44,53,3.86,0,0
B486,,MR,17.5,55,43,49,3.3,0,0
B487,,MR,18.4,70,43,56,4.53,0,0
B488,,MR,18.2,66,48,57,4.64,0,0
B489,,MR,15.5,58,46,52,3.29,0,0
B490,,MR,13.3,57,45,51,2.72,0,0
B491,,MR,15.5,69,50,59,4.24,0,0
B492,,MR,17.5,60,47,53,3.86,0,0
B493,,MR,12.8,65,53,59,3.5,0,0
B494,,MR,17.5,73,54,63,5.46,0,0
B495,,MR,15.9,65,43,54,3.64,0,0
B496,,MR,17.9,62,46,54,4.1,0,0
B497,,MR,18,75,45,60,5.09,0,0
B498,,MR,16.9,73,59,66,5.78,0,0
B499,,MR,17.3,61,46,53,3.82,0,0
B500,,MR,17.5,58,44,51,3.57,0,0
B501,,MR,20.2,86,55,70,7.77,0,0
B502,,MR,18.5,74,51,62,5.59,0,0
B503,,BNS,20.8,75,53,64,6.69,0,0
B504,,MR,19.1,58,43,50,3.75,0,0
B505,,MR,21.5,94,50,72,8.75,0,0
B506,,BNS,19.3,70,50,60,5.46,0,0
B507,,MR,20.8,63,46,54,4.76,0,0
B508,,BNS,21,60,45,52,4.46,0,0
B509,,MR,19.9,58,44,51,4.07,0,0
B510,,BNS,17.9,71,47,59,4.89,0,0
B511,,BNS,17,56,47,51,3.47,0,0
B512,,BNS,14.7,62,46,54,3.37,0,0
B513,,MR,16.6,61,45,53,3.5,10,4.5
B514,,MR,19.4,81,63,72,7.9,0,0
B515,,KR,18.3,70,51,60,5.17,0,0
B516,,KR,23.6,77,50,63,7.36,0,0
B517,,KR,24.5,73,58,65,8.13,0,0
B518,,KR,22.2,69,45,57,5.66,0,0
B519,,KR,23.1,69,44,56,5.69,0,0
B520,,KR,21.2,65,47,56,5.22,0,0
B521,,KR,14.8,63,45,54,3.39,0,0
B522,,KR,15,67,53,60,4.24,0,0
B523,,KR,16.8,75,52,63,5.24,0,0
B524,,MB,16.9,64,52,58,4.47,0,0
B525,,BNS,16.7,56,42,49,3.15,0,0
B526,,BNS,18.7,72,52,62,5.46,10,3.3
B527,,KR,19.4,60,45,52,4.12,0,0
B528,,KR,20.3,58,42,50,3.99,0,0
B529,,KR,11.8,64,52,58,3.12,0,0
B530,,KR,21.8,90,62,76,9.89,0,0
B531,,KR,14.6,76,58,67,5.15,0,0
B532,,KR,16.6,60,49,54,3.8,0,0
B533,,KR,21.7,55,45,50,4.26,0,0
B534,,KR,20.7,64,45,54,4.74,0,0
B535,,KR,17.8,55,52,53,3.93,0,0
B536,,KR,17.9,73,51,62,5.4,0,0
B537,,KR,18.8,57,40,48,3.4,0,0
B538,,KR,17.7,67,52,59,4.84,0,0
B539,,KR,15,69,49,59,4.1,0,0
B540,,KR,18.8,56,42,49,3.55,0,0
B541,,KR,19.3,55,40,47,3.11,11,7
B542,,BNS,13.5,67,57,62,4.08,0,0
B543,,MR,15.2,57,45,51,3.11,0,0
B544,,KR,11.8,64,58,61,3.45,0,0
B545,,KR,12.5,78,62,70,4.81,0,0
B546,,KR,15.9,70,53,61,4.65,0,0
B547,,KR,15,64,46,55,3.56,0,0
B548,,MR,16.8,56,45,50,3.3,0,0
B549,,KR,17,53,43,48,3.08,0,0
B550,,KR,18.9,68,45,56,4.66,0,0
B551,,KR,18.5,67,53,60,5.23,0,0
B552,,KR,15.3,63,43,53,3.38,0,0
B553,,BNS,12.6,60,52,56,3.1,0,0
B554,,MR,14.9,58,43,50,2.93,0,0
B555,,BNS,15.2,55,43,49,2.87,0,0
B556,,MR,15.8,63,59,61,4.62,0,0
B557,,MR,14.4,73,57,65,4.78,0,0
B558,,BNS,15,70,56,63,4.68,0,0
B559,,BNS,14.4,60,44,52,3.06,0,0
B560,,MR,18.6,73,52,62,4.87,20,13.2
B561,,KR,11,86,68,77,5.12,0,0
B562,,KR,15.1,68,55,61,4.41,0,0
B563,,MR,11.7,81,66,73,4.9,0,0
B564,,MR,13,66,56,61,3.8,0,0
B565,,MR,16.9,72,60,66,4.89,23,15.5
B566,,MB,20.8,72,50,61,5.48,17,9.9
B567,,BNS,14.8,76,61,68,4.52,24,15.9
B568,,MB,21,64,47,55,4.99,0,0
B569,,BNS,15.9,72,61,66,5.28,10,2.9
B570,,BNS,21.1,62,41,51,4.1,10,4.9
B571,,MB,19.3,88,74,81,9.09,21,8.6
B572,,MR,20.5,87,64,75,9.06,0,0
B573,,KR,21.8,59,41,50,4.28,0,0
B574,,KR,21,76,55,65,6.97,0,0
B575,,BNS,18.5,56,42,49,2.89,18,17.2
B576,,MB,19.3,63,51,57,4.65,12,5.6
B577,,BNS,20.4,59,44,51,4.17,0,0
B578,,MR,22,65,44,54,5.04,0,0
B579,,KR,20.2,62,42,52,4.29,0,0
B580,,KR,21.1,64,50,57,5.38,0,0
B581,,MR,15.8,75,64,69,5.91,0,0
B582,,KR,18.1,79,57,68,6.57,0,0
B583,,KR,19.6,59,40,49,3.7,0,0
B584,,MR,17.7,80,61,70,6.81,0,0
B585,,BNS,20.7,67,48,57,5.28,0,0
B586,,MB,16.7,60,51,55,3.97,0,0
B587,,KR,17.6,79,50,64,5.66,0,0
B588,,BNS,19.8,55,42,48,3.58,0,0
B589,,BNS,19.3,76,60,68,6.81,10,2.8
B590,,KR,22,74,53,63,6.86,0,0
B591,,BNS,20.5,62,45,53,4.52,0,0
B592,,KR,19.8,75,58,66,6.77,0,0
B593,,BNS,15.8,66,53,59,3.33,25,22.9
B594,,BNS,17.5,60,40,50,3.44,0,0
B595,,KR,19.9,70,48,59,5.44,0,0
B596,,MB,12.9,64,52,58,2.67,24,21.8
B597,,MR,19.9,63,50,56,4.9,0,0
B598,,BNS,23.2,75,48,61,6.78,0,0
B599,,BNS,17.1,51,40,45,2.34,15,14.1
B600,,BNS,15,73,60,66,4.34,23,15.5
B601,,MR,18.9,81,52,66,6.47,0,0
B602,,MR,19.7,59,47,53,4.35,0,0
B603,,MR,17.4,61,47,54,3.98,0,0
B604,,BNS,16.1,96,80,88,9.79,0,0
B605,,BNS,19.1,65,51,58,4.85,10,3.8
B606,,BNS,18.4,55,42,48,3.06,12,8
B607,,BNS,17.2,60,45,52,3.03,19,17
B608,,MR,16.5,67,49,58,4.36,0,0
B609,,BNS,14.3,70,60,65,4.47,14,5.9
B610,,BNS,17.8,61,45,53,3.58,14,8.9
B611,,MR,20.5,70,54,62,6.19,0,0
B612,,MR,23,69,50,59,6.29,0,0
B613,,MR,19.1,61,43,52,4.06,0,0
B614,,MR,18.1,69,48,58,4.52,12,5.4
B615,,KR,21.4,65,49,57,5.46,0,0
B616,,KR,13.9,59,50,54,2.63,20,17.5
B617,,KR,17.9,55,41,48,3.24,0,0
B618,,MR,17.1,61,50,55,4.06,0,0
B619,,KR,15.9,55,40,47,2.76,0,0
B620,,KR,15.2,54,40,47,2.64,0,0
B621,,KR,20.5,69,48,58,5.42,0,0
B622,,BNS,19.1,83,69,76,8.23,15,5
B623,,KR,22.8,60,40,50,4.48,0,0
B624,,KR,21,59,46,52,4.46,0,0
B625,,KR,19,55,41,48,3.44,0,0
B626,,KR,15.8,60,43,51,3.23,0,0
B627,,MRS,11.9,78,64,71,4.08,23,13.4
B628,,KR,19,69,50,59,5.19,0,0
B629,,KR,18.8,64,46,55,4.47,0,0
B630,,MB,17,55,40,47,2.95,0,0
B631,,KR,17.9,81,59,70,6.71,10,2.6
B632,,MR,15.7,63,46,54,3.6,0,0
B633,,MR,10.4,63,51,57,2.55,10,3.9
B634,,MR,10.8,63,53,58,2.85,0,0
B635,,MR,23.1,64,49,56,5.69,0,0
B636,,MR,13.2,61,52,56,2.87,17,11.7
B637,,BNS,15.7,82,76,79,7.06,20,8.2
B638,,KR,20.4,60,40,50,4.01,0,0
B639,,KR,22.9,64,51,57,5.84,0,0
B640,,KR,15.2,80,72,76,6.9,0,0
B641,,KR,16.5,97,86,91,10.73,0,0
B642,,BNS,16,55,42,48,2.9,0,0
B643,,BNS,19.9,73,53,63,6.2,0,0
B644,,BNS,15.9,72,54,63,4.96,0,0
B645,,KR,15.7,78,58,68,5.7,0,0
B646,,KR,21.7,65,44,54,4.97,0,0
B647,,KR,22,67,45,56,5.42,0,0
B648,,KR,21.9,63,44,53,4.83,0,0
B649,,KR,19.9,65,50,57,5.08,0,0
B650,,KR,14.2,58,43,50,2.79,0,0
B651,,BNS,19,72,58,65,6.3,0,0
B652,,KR,18.5,61,48,54,3.7,17,12.6
B653,,KR,19.2,70,46,58,5.07,0,0
B654,,KR,17.4,68,50,59,4.76,0,0
B655,,KR,12.8,62,50,56,3.15,0,0
B656,,KR,18.3,56,44,50,3.59,0,0
B657,,BNS,18.6,60,47,53,4.1,0,0
B658,,BNS,15.7,62,49,55,3.73,0,0
B659,,MR,14.1,65,50,57,3.6,0,0
B660,,BNS,14,59,47,53,2.85,13,7.7
B661,,KR,17.4,81,61,71,6.89,0,0
B662,,MRS,18.8,73,53,63,5.86,0,0
B663,,KR,17.8,67,54,60,5.03,0,0
B664,,KR,17.1,53,40,46,2.84,0,0
B665,,KR,13.3,61,54,57,3.39,0,0
B666,,KR,20.2,80,60,70,7.77,0,0
B667,,KR,14.5,76,61,68,5.27,0,0
B668,,KR,14,61,48,54,3.21,0,0
B669,,MR,17.7,67,53,60,5,0,0
B670,,MR,12.2,56,45,50,2.22,12,7.3
B671,,MR,20.5,63,46,54,4.69,0,0
B672,,BNS,10.3,72,67,69,3.75,10,2.7
B673,,BNS,13.7,56,43,49,2.58,0,0
B674,,BNS,13.6,58,53,55,3.23,0,0
B675,,BNS,20.2,55,46,50,3.97,0,0
B676,,BNS,20.6,65,50,57,5.26,0,0
B677,,MR,14,57,47,52,2.97,0,0
B678,,MR,11.1,55,46,50,2.07,10,5.1
B679,,KR,11.9,58,44,51,2.43,0,0
B680,,MB,16.5,81,63,72,6.4,14,4.8
B681,,MR,18.6,63,53,58,4.91,0,0
B682,,MR,17.9,72,53,62,5.4,0,0
B683,,BNS,15.2,52,38,45,2.42,0,0
B684,,KR,14,58,50,54,3.21,0,0
B685,,KR,20.5,58,41,49,3.87,0,0
B686,,KR,19.4,70,52,61,5.67,0,0
B687,,KR,19.5,55,40,47,3.38,0,0
B688,,BNS,15.1,73,57,65,3.99,26,20.4
B689,,BNS,17.2,60,49,54,3.94,0,0
B690,,KR,18.7,84,66,75,8.26,0,0
B691,,KR,21.6,65,50,57,5.51,0,0
B692,,KR,23.5,71,48,59,6.42,0,0
B693,,KR,14.1,60,52,56,3.47,0,0
B694,,KR,15.3,60,41,50,3,0,0
B695,,KR,17.4,102,74,88,10.58,0,0
B696,,KR,18.6,67,49,58,4.91,0,0
B697,,MR,18.6,55,41,48,3.37,0,0
B698,,BNS,17.6,62,44,53,3.88,0,0
B699,,KR,21.3,60,45,52,4.52,0,0
B700,,KR,20.4,70,53,61,5.96,0,0
B701,,KR,19.6,76,61,68,7.12,0,0
B702,,MR,12.2,66,54,60,3.45,0,0
B703,,KR,13.3,61,51,56,3.28,0,0
B704,,KR,13.3,73,60,66,4.55,0,0
B705,,KR,14.9,57,41,49,2.81,0,0
B706,,MR,12.9,55,44,49,2.43,0,0
B707,,MR,12.9,60,46,53,2.85,0,0
B708,,MR,15.7,64,51,57,4.01,0,0
B709,,KR,22,70,47,58,5.81,0,0
B710,,KR,18.3,59,40,49,3.45,0,0
B711,,MR,16.1,53,40,46,2.68,0,0
B712,,KR,19.4,70,53,61,5.67,0,0
B713,,MR,11.2,55,42,48,1.81,14,10.8
B714,,BNS,20.2,57,47,52,4.29,0,0
B715,,BNS,14.1,50,35,42,1.95,0,0
B716,,MR,11.3,70,55,62,3.41,0,0
B717,,BNS,12.4,60,49,54,2.56,15,9.8
B718,,MR,15.3,55,42,48,2.77,0,0
B719,,MR,15.3,55,45,50,3,0,0
B720,,MR,12,61,52,56,2.96,0,0
B721,,KR,19.1,85,60,72,7.78,0,0
B722,,KR,18.3,53,40,46,3.04,0,0
B723,,KR,16.1,50,40,45,2.56,0,0
B724,,KR,15.2,78,65,71,6.02,0,0
B725,,KR,15,60,48,54,3.44,0,0
B726,,KR,19.1,62,40,51,3.9,0,0
B727,,KR,19.8,55,40,47,3.44,0,0
B728,,BNS,17.3,63,53,58,4.57,0,0
B729,,BNS,16,58,49,53,3.53,0,0
B730,,KR,23.9,67,45,56,5.89,0,0
B731,,KR,20.3,77,59,68,7.37,0,0
B732,,KR,20.3,76,56,66,6.95,0,0
B733,,KR,19.9,74,51,62,6.01,0,0
B734,,KR,17.4,59,43,51,3.55,0,0
B735,,MB,18.1,69,52,60,5.12,0,0
B736,,MB,18.8,67,48,57,4.8,0,0
B737,,BNS,10.7,59,48,53,2.18,13,7.7
B738,,MR,14.7,55,47,51,3,0,0
B739,,BNS,13.8,56,47,51,2.82,0,0
B740,,BNS,12,51,40,45,1.91,0,0
B741,,KR,14,72,53,62,3.95,14,6.5
B742,,KR,22.5,88,70,79,11.03,0,0
B743,,KR,20.2,57,45,51,4.13,0,0
B744,,BNS,18.3,61,51,56,3.98,17,11.7
B745,,MR,21.5,79,57,68,7.81,0,0
B746,,MR,21.8,71,45,58,5.76,0,0
B747,,KR,22.3,84,70,77,10.01,13,3.6
B748,,MR,18.7,65,48,56,4.61,0,0
B749,,KR,21.8,72,56,64,7.01,0,0
B750,,KR,22.4,78,57,67,7.9,0,0
B751,,KR,20.1,57,44,50,3.95,0,0
B752,,KR,20.8,62,47,54,4.76,0,0
B753,,KR,21,67,46,56,5.17,0,0
B754,,MR,17.9,72,47,59,4.89,0,0
B755,,KR,19.2,54,45,49,3.62,0,0
B756,,KR,17.9,53,40,46,2.97,0,0
B757,,KR,15.4,59,43,51,3.15,0,0
B758,,KR,16.7,67,48,57,4.26,0,0
B759,,KR,15.8,58,40,49,2.98,0,0
B760,,KR,15.3,62,42,52,3.25,0,0
B761,,BNS,15.3,68,58,63,4.1,21,14.1
B762,,KR,19.3,66,49,57,4.92,0,0
B763,,KR,19.9,70,57,63,6.2,0,0
B764,,KR,19.2,72,53,62,5.8,0,0
B765,,KR,21.2,72,46,59,5.8,0,0
B766,,KR,19.7,55,41,48,3.56,0,0
B767,,KR,20.1,60,44,52,4.27,0,0
B768,,KR,22.6,71,43,57,5.77,0,0
B769,,KR,19.4,75,54,64,6.24,0,0
B770,,KR,19.8,105,77,91,12.88,0,0
B771,,KR,16.9,62,47,54,3.87,0,0
B772,,MR,18.2,55,43,49,3.43,0,0
B773,,MR,20.1,61,46,53,4.43,0,0
B774,,BNS,16.3,72,53,62,4.92,0,0
B775,,MR,18.3,61,46,53,4.04,0,0
B776,,MR,19.8,63,54,58,5.23,0,0
B777,,MR,18.4,75,55,65,6.11,0,0
B778,,MR,18.3,63,48,55,4.35,0,0
B779,,MR,20,69,58,63,6.23,0,0
B780,,MR,16.9,77,57,67,5.62,14,5.6
B781,,MR,12.4,69,54,61,3.62,0,0
B782,,MR,14.2,64,49,56,3.5,0,0
B783,,KR,12.6,81,71,76,5.72,0,0
B784,,KR,15.1,63,46,54,3.46,0,0
B785,,KR,20.2,66,51,58,5.34,0,0
B786,,KR,20.9,65,42,53,4.61,0,0
B787,,KR,11.8,85,65,75,4.98,14,4.4
B788,,KR,13.1,65,56,60,3.7,0,0
B789,,MRS,13.9,75,54,64,4.47,0,0
B790,,KR,13.5,71,62,66,4.62,0,0
B791,,MR,15.1,61,49,55,3.59,0,0
B792,,BNS,16,65,53,59,3.74,20,14.6
B793,,MR,16.3,72,56,64,5.24,0,0
B794,,MR,17.6,86,67,76,7.98,0,0
B795,,BNS,13.9,120,115,117,14.94,0,0
B796,,BNS,10.8,136,123,129,14.12,0,0
B797,,KR,16.4,54,40,47,2.85,0,0
B798,,KR,20.9,60,43,51,3.8,15,11
B799,,KR,21.8,60,41,50,4.28,0,0
B800,,KR,21.8,58,47,52,4.63,0,0
B801,,KR,21.1,53,46,49,3.98,0,0
B802,,KR,21.9,62,43,52,4.65,0,0
B803,,KR,22.5,92,64,78,8.73,30,18.8
B804,,KR,23.4,56,40,48,4.23,0,0
B805,,KR,22,55,40,47,3.82,0,0
B806,,KR,16.3,52,40,46,2.71,0,0
B807,,KR,18.1,73,57,65,6.01,0,0
B808,,BNS,17.6,59,47,53,3.88,0,0
B809,,BNS,17.9,56,41,48,3.24,0,0
B810,,KR,18.2,59,40,49,3.43,0,0
B811,,MR,15.3,55,42,48,2.77,0,0
B812,,MR,17.5,58,47,52,3.72,0,0
B813,,KR,19.5,66,44,55,4.63,0,0
B814,,MR,19.8,64,45,54,4.53,0,0
B815,,MR,12.2,78,66,72,4.97,0,0
B816,,MR,12,66,56,61,3.51,0,0
B817,,MR,19,60,59,59,5.19,0,0
B818,,MB,19,77,62,69,7.1,0,0
B819,,BNS,20,59,42,50,3.93,0,0
B820,,MR,20.7,65,50,57,5.28,0,0
B821,,MR,18.6,81,63,72,7.57,0,0
B822,,MR,21.4,76,55,65,7.1,0,0
B823,,BNS,20.6,66,51,58,3.59,30,34.1
B824,,BNS,22.5,71,47,59,6.15,0,0
B825,,KR,22.5,84,57,70,8.66,0,0
B826,,MR,20.6,72,48,60,5.82,0,0
B827,,MR,20.4,75,60,67,7.19,0,0
B828,,BNS,19.3,65,53,59,5,12,5.3
B829,,BNS,16.4,71,60,65,5.02,16,7.7
B830,,MR,15.4,60,47,53,3.4,0,0
B831,,KR,13.1,68,56,62,3.95,0,0
B832,,KR,12.6,76,61,68,4.58,0,0
B833,,KR,12.1,61,50,55,2.87,0,0
B834,,MR,17.6,58,48,53,3.54,14,8.9
B835,,MR,10.4,74,64,69,3.47,20,10.7
B836,,MR,13.7,70,51,60,3.56,15,8
B837,,MR,15,67,55,61,4.38,0,0
B838,,MB,9.7,55,47,51,1.98,0,0
B839,,MB,10,76,72,74,3.86,21,10.3
B840,,MR,17.6,66,53,59,4.81,0,0
B841,,BNS,12,70,64,67,3.8,19,10.2
B842,,BNS,16.4,52,44,48,2.97,0,0
B843,,KR,18.9,64,43,53,4.17,0,0
B844,,KR,17.2,57,43,50,3.38,0,0
B845,,KR,17.7,58,40,49,3.34,0,0
B846,,BNS,15,105,88,96,9.51,30,12.4
B847,,MR,20.2,71,57,64,5.84,18,10.1
B848,,BNS,17.4,55,43,49,2.99,13,9
B849,,BNS,10.7,71,59,65,3.4,12,4.3
B850,,MR,12.1,69,56,62,3.42,14,6.5
B851,,MR,10.1,59,55,57,2.58,0,0
B852,,KR,11.2,71,53,62,3.38,0,0
B853,,BNS,8.1,65,61,63,2.52,0,0
B854,,KR,17.9,73,61,67,6.31,0,0
B855,,MR,13.9,61,44,52,2.95,0,0
B856,,BNS,18.1,73,57,65,6.01,0,0
B857,,MRS,15.3,57,47,52,2.64,20,18.8
B858,,KR,20.8,82,62,72,8.47,0,0
B859,,BNS,20.1,57,44,50,3.61,13,8.6
B860,,BNS,21.1,52,38,45,3.1,11,7.6
B861,,BNS,16.4,56,48,52,3.01,17,13.6
B862,,KR,13.5,76,65,70,4.93,14,5.1
B863,,BNS,16.1,75,60,67,5.68,0,0
B864,,MR,19.4,64,46,55,4.61,0,0
B865,,KR,22.1,63,42,52,4.69,0,0
B866,,KR,10.6,64,59,61,3.1,0,0
B867,,BNS,15.7,70,53,61,4.59,0,0
B868,,BNS,15.3,53,42,47,2.5,10,5.8
B869,,MR,13.2,75,57,66,4.52,0,0
B870,,BNS,13.2,54,44,49,2.06,18,17.2
B871,,KR,15.5,68,53,60,4.38,0,0
B872,,KR,16.6,60,49,54,3.8,0,0
B873,,MRS,12.7,50,40,45,2.02,0,0
B874,,KR,14.3,54,43,48,2.59,0,0
B875,,KR,18.5,70,53,61,5.41,0,0
B876,,KR,18.5,54,40,47,3.21,0,0
B877,,MR,9.4,60,49,54,2.15,0,0
B878,,MR,19.6,88,67,77,8.8,13,3.6
B879,,BNS,14.6,71,57,64,4.55,10,3.1
B880,,MR,18.8,68,56,62,5.68,0,0
B881,,MR,18.3,65,55,60,5.17,0,0
B882,,MR,15.7,59,43,51,3.21,0,0
B883,,MR,13.7,62,46,54,3.14,0,0
B884,,MR,13.8,78,61,69,5.16,0,0
B885,,MR,10.8,65,46,55,2.57,0,0
B886,,MR,11.7,55,40,47,2.03,0,0
B887,,MR,15.9,66,52,59,4.35,0,0
B888,,MR,15.1,70,56,63,4.71,0,0
B889,,MR,16.8,55,41,48,3.04,0,0
B890,,MR,18.5,72,53,62,4.85,20,13.2
B891,,MR,12,58,48,53,2.65,0,0
B892,,MB,12.6,67,54,60,3.56,0,0
B893,,MR,17.9,59,47,53,3.95,0,0
B894,,MR,13.1,56,43,49,2.47,0,0
B895,,BNS,16,56,45,50,3.14,0,0
B896,,BNS,13.6,57,48,52,2.89,0,0
B897,,BNS,12.8,76,59,67,4.51,0,0
B898,,MR,13.1,85,74,79,6.42,0,0
B899,,MR,8,61,53,57,2.04,0,0
B900,,MR,14.9,65,58,61,4.35,0,0
B901,,BNS,18.9,69,54,61,5.52,0,0
B902,,BNS,19,71,54,62,5.74,0,0
B903,,MR,11.9,60,53,56,2.93,0,0
B904,,MR,15.8,55,48,51,3,12,7
B905,,MR,11.3,65,59,62,3.41,0,0
B906,,KR,14.4,59,48,53,3.18,0,0
B907,,KR,11.6,57,44,50,2.28,0,0
B908,,KR,8,60,52,56,1.97,0,0
B909,,KR,18.4,67,50,58,4.86,0,0
B910,,KR,13.6,78,68,73,5.69,0,0
B911,,KR,17,62,51,56,4.19,0,0
B912,,KR,12.4,55,40,47,2.15,0,0
B913,,KR,20.6,70,60,65,6.54,12,4.3
B914,,MR,18.2,60,49,54,4.17,0,0
B915,,KR,21.7,64,51,57,5.54,0,0
B916,,KR,19.7,55,44,49,3.71,0,0
B917,,KR,17.5,56,41,48,3.17,0,0
B918,,KR,16.1,53,36,44,2.45,0,0
B919,,KR,20.7,56,38,47,3.59,0,0
B920,,KR,11.5,61,46,53,2.54,0,0
B921,,KR,18.4,56,42,49,3.47,0,0
B922,,KR,20.7,62,44,53,4.57,0,0
B923,,KR,21.6,58,41,49,4.07,0,0
B924,,KR,21.1,53,36,44,3.21,0,0
B925,,KR,17.8,56,42,49,3.36,0,0
B926,,KR,20.1,60,39,49,3.79,0,0
B927,,KR,17,50,38,44,2.58,0,0
B928,,KR,16.3,52,39,45,2.59,0,0
B929,,MB,15.9,64,44,54,3.64,0,0
B930,,BNS,16.4,57,47,52,3.16,14,9.2
B931,,BNS,17.7,61,51,56,4.36,0,0
B932,,BNS,17.6,52,41,46,2.63,13,10.2
B933,,BNS,13.9,50,41,45,2.21,0,0
B934,,MR,14.1,67,57,62,3.94,15,7.5
B935,,BNS,18.6,64,52,58,4.73,10,3.8
B936,,BNS,19,69,58,63,5.69,11,3.9
B937,,MB,14.9,95,72,83,8.06,0,0
B938,,MR,15,57,54,55,3.56,0,0
B939,,MR,17.9,71,58,64,5.76,0,0
B940,,MR,15.1,60,45,52,3.21,0,0
B941,,MR,15.2,65,50,57,3.88,0,0
B942,,MR,11.3,61,54,57,2.88,0,0
B943,,MR,18.1,62,50,56,4.46,0,0
B944,,MR,17.7,82,67,74,7.61,0,0
B945,,MR,19.2,79,61,70,7.39,0,0
B946,,KR,16.5,83,61,72,6.72,0,0
B947,,KR,20.2,61,44,52,4.29,0,0
B948,,MR,18.6,56,41,48,3.37,0,0
B949,,KR,16.4,62,49,55,3.9,0,0
B950,,MR,20.6,68,47,57,5.26,0,0
B951,,MR,10.1,61,52,56,2.49,0,0
B952,,MR,21,77,54,65,6.97,0,0
B953,,MR,18.6,71,51,61,5.44,0,0
B954,,MR,16.3,67,50,58,4.31,0,0
B955,,MR,13.8,58,42,50,2.71,0,0
B956,,MR,19.5,71,50,60,5.51,0,0
B957,,MR,22.4,73,51,62,6.76,0,0
B958,,MR,20.1,79,54,66,6.88,0,0
B959,,MR,14.1,100,82,91,9.17,0,0
B960,,MR,18.4,67,49,58,4.86,0,0
B961,,MR,23.6,78,49,63,7.36,0,0
B962,,MR,18.2,85,65,75,8.04,0,0
B963,,MR,16.9,61,44,52,3.59,0,0
B964,,MR,13.2,56,43,49,2.49,0,0
B965,,MR,14.7,63,52,57,3.75,0,0
B966,,MR,15.5,55,42,48,2.8,0,0
B967,,MR,11,62,57,59,3.01,0,0
B968,,BNS,13.8,67,53,60,3.9,0,0
B969,,BNS,14.9,50,40,45,2.19,11,7.6
B970,,MR,12,69,56,62,3.62,0,0
B971,,MB,14.8,63,48,55,3.52,0,0
B972,,BNS,11.6,55,41,48,1.9,13,9.3
B973,,MR,14.4,63,51,57,3.67,0,0
B974,,KR,20.2,62,46,54,4.63,0,0
B975,,KR,19.4,71,57,64,6.24,0,0
B976,,KR,19.6,69,52,60,5.54,0,0
B977,,KR,19.4,63,48,55,4.61,0,0
B978,,KR,19,63,42,52,4.04,0,0
B979,,KR,16.8,72,51,61,4.91,0,0
B980,,KR,16.4,70,53,61,4.79,0,0
B981,,KR,23.5,80,56,68,8.53,0,0
B982,,KR,17.3,84,69,76,7.16,20,8.8
B983,,MR,16.5,55,41,48,2.99,0,0
B984,,MR,17.1,83,62,72,6.96,0,0
B985,,MR,13.8,55,43,49,2.6,0,0
B986,,MR,19.5,60,47,53,4.3,0,0
B987,,MR,16.4,62,53,57,4.18,0,0
B988,,MR,14.6,59,48,53,3.22,0,0
B989,,MR,15.7,54,43,48,2.84,0,0
B990,,KR,18.2,67,54,60,5.15,0,0
B991,,MR,13.6,58,52,55,2.79,18,13.6
B992,,MR,18.6,75,58,66,6.36,0,0
B993,,MR,19.2,70,51,60,5.43,0,0
B994,,BNS,14.4,50,41,45,2.29,0,0
B995,,MB,20.9,61,43,52,4.44,0,0
B996,,MR,9.6,62,55,58,2.54,0,0
B997,,MB,16.7,55,41,48,3.02,0,0
B998,,MB,15.2,52,44,48,2.2,19,19.9
B999,,MR,16.1,66,52,59,4.24,10,3.7
B1000,,MB,16.6,58,46,52,3.36,10,4.7
B1001,,BNS,16,55,43,49,3.02,0,0
B1002,,MR,13.2,65,46,55,3.14,0,0
B1003,,MR,19,63,41,52,4.04,0,0
B1004,,KR,20.7,58,46,52,3.65,19,17
B1005,,KR,16.8,70,48,59,4.59,0,0
B1006,,KR,18.2,68,47,57,4.64,0,0
B1007,,KR,17.8,59,46,52,3.78,0,0
B1008,,KR,12.2,80,64,72,4.97,0,0
B1009,,KR,15.4,53,41,47,2.67,0,0
B1010,,KR,18.3,95,73,84,10.14,0,0
B1011,,KR,19.3,77,51,64,6.21,0,0
B1012,,KR,18.2,72,51,61,5.32,0,0
B1013,,KR,16.7,57,41,49,2.98,10,5.3
B1014,,MB,16,85,69,77,7.45,0,0
B1015,,MB,15.4,70,60,65,4.22,24,17.4
B1016,,MR,17.4,60,49,54,3.73,12,6.3
B1017,,KR,17.2,84,66,75,6.53,25,14.1
B1018,,KR,13.9,54,42,48,2.52,0,0
B1019,,KR,21.7,67,48,57,5.54,0,0
B1020,,BNS,17.1,71,53,62,5.16,0,0
B1021,,BNS,12.6,57,41,49,2.38,0,0
B1022,,MR,13.3,74,62,68,4.83,0,0
B1023,,KR,19.3,77,64,70,7.43,0,0
B1024,,KR,18.2,59,44,51,3.72,0,0
B1025,,MR,18.5,57,43,50,3.63,0,0
B1026,,KR,18.7,78,52,65,6.21,0,0
B1027,,KR,18.5,66,49,57,4.72,0,0
B1028,,KR,18.9,57,39,48,3.42,0,0
B1029,,KR,19.6,63,50,56,4.83,0,0
B1030,,KR,19.1,76,56,66,6.53,0,0
B1031,,KR,16.7,61,51,56,4.11,0,0
B1032,,KR,16.8,65,51,58,4.44,0,0
B1033,,KR,19.6,57,41,49,3.36,13,9
B1034,,KR,15.4,57,43,50,3.02,0,0
B1035,,KR,15.5,60,50,55,3.68,0,0
B1036,,KR,12.2,82,63,72,4.97,0,0
B1037,,MB,19.6,58,40,49,3.7,0,0
B1038,,BNS,16.2,64,49,56,3.67,14,8
B1039,,MB,13.1,55,42,48,2.37,0,0
B1040,,BNS,15.4,64,52,58,3.85,12,5.4
B1041,,KR,14.6,51,40,45,2.32,0,0
B1042,,KR,12,51,40,45,1.91,0,0
B1043,,KR,18.3,80,56,68,6.65,0,0
B1044,,KR,17.6,58,46,52,3.04,20,18.8
B1045,,KR,15.2,55,42,48,2.75,0,0
B1046,,KR,15.5,55,46,50,3.04,0,0
B1047,,KR,15.8,66,40,53,3.49,0,0
B1048,,KR,17.9,60,46,53,3.95,0,0
B1049,,KR,19,55,41,48,3.44,0,0
B1050,,KR,16.8,58,39,48,3.04,0,0
B1051,,KR,18.7,71,50,60,5.29,0,0
B1052,,KR,15.5,55,38,46,2.58,0,0
B1053,,KR,14.9,61,42,51,3.04,0,0
B1054,,KR,13.9,50,38,44,2.11,0,0
B1055,,KR,11.3,55,38,46,1.88,0,0
B1056,,KR,15.6,72,52,62,4.71,0,0
B1057,,KR,16.7,54,38,46,2.78,0,0
B1058,,KR,18.6,58,38,48,3.37,0,0
B1059,,KR,19.4,65,46,55,4.61,0,0
B1060,,KR,15.8,59,39,49,2.98,0,0
B1061,,KR,17.7,54,37,45,2.82,0,0
B1062,,KR,16.9,63,42,52,3.59,0,0
B1063,,KR,16.5,51,39,45,2.62,0,0
B1064,,KR,20,56,38,47,3.47,0,0
B1065,,KR,18.1,57,39,48,3.28,0,0
B1066,,KR,16.7,57,38,47,2.9,0,0
B1067,,KR,15.8,54,39,46,2.63,0,0
B1068,,KR,14.2,51,39,45,2.26,0,0
B1069,,KR,12.6,53,36,44,1.92,0,0
B1070,,BNS,18.3,61,46,53,4.04,0,0
B1071,,BNS,15.5,54,46,50,3.04,0,0
B1072,,BNS,16,55,44,49,3.02,0,0
B1073,,BNS,17.6,79,65,72,6.95,11,3
B1074,,MR,12.4,73,63,68,4.5,0,0
B1075,,BNS,17,57,45,51,3.27,11,5.9
B1076,,MR,15.9,56,48,52,3.38,0,0
B1077,,BNS,18,52,40,46,2.41,18,19.5
B1078,,MR,16.4,113,88,100,12.88,0,0
B1079,,MR,18.2,62,48,55,4.14,10,4.2
B1080,,BNS,16.4,67,56,61,4.79,0,0
B1081,,MR,14.3,56,40,48,2.59,0,0
B1082,,BNS,16,51,41,46,2.66,0,0
B1083,,BNS,17.7,55,43,49,3.12,11,6.4
B1084,,BNS,16.6,58,48,53,3.5,10,4.5
B1085,,KR,18.3,58,37,47,3.17,0,0
B1086,,KR,20.2,57,39,48,3.66,0,0
B1087,,KR,22,65,42,53,4.85,0,0
B1088,,KR,14.9,54,39,46,2.48,0,0
B1089,,KR,14.6,65,55,60,4.13,0,0
B1090,,KR,12.4,55,48,51,2.53,0,0
B1091,,KR,9.4,78,66,72,3.83,0,0
B1092,,KR,14.4,83,67,75,6.36,0,0
B1093,,KR,20.4,71,60,65,6.77,0,0
B1094,,KR,18.6,64,51,57,4,20,15.7
B1095,,KR,16.4,57,37,47,2.85,0,0
B1096,,KR,15.2,82,68,75,6.72,0,0
B1097,,KR,18.9,73,48,60,5.34,0,0
B1098,,KR,15.2,54,37,45,2.42,0,0
B1099,,KR,16.9,75,52,63,5.27,0,0
B1100,,KR,15.3,71,57,64,4.92,0,0
B1101,,KR,18,60,42,51,3.68,0,0
B1102,,KR,15.8,56,41,48,2.86,0,0
B1103,,KR,12,60,53,56,2.96,0,0
B1104,,KR,16.4,54,40,47,2.85,0,0
B1105,,KR,18.7,60,43,51,3.82,0,0
B1106,,KR,14.5,76,60,68,5.27,0,0
B1107,,KR,11.1,60,45,52,2.36,0,0
B1108,,KR,13.7,60,47,53,3.02,0,0
B1109,,KR,22.7,65,44,54,5.2,0,0
B1110,,KR,18.7,66,45,55,4.44,0,0
B1111,,KR,19.3,77,54,65,6.4,0,0
B1112,,KR,14.7,69,58,63,4.58,0,0
B1113,,BNS,17,66,50,58,4.49,0,0
B1114,,KR,18.9,78,53,65,6.27,0,0
B1115,,MR,14.9,65,46,55,3.54,0,0
B1116,,BNS,20.4,68,49,58,4.99,14,7.4
B1117,,MR,18.3,59,45,52,3.89,0,0
B1118,,KR,19,62,44,53,4.19,0,0
B1119,,KR,16.2,67,53,60,4.58,0,0
B1120,,MR,15,72,56,64,4.83,0,0
B1121,,KR,14.3,82,71,76,6.49,0,0
B1122,,KR,10.5,72,65,68,3.81,0,0
B1123,,BNS,19.4,86,66,76,7.06,30,19.8
B1124,,MB,16.4,83,67,75,7.25,0,0
B1125,,BNS,15.2,64,51,57,3.27,20,15.7
B1126,,BNS,12.4,62,51,56,2.7,17,11.7
B1127,,MR,12.6,55,47,51,2.45,10,4.9
B1128,,BNS,16.2,81,68,74,6.97,0,0
B1129,,KR,18.3,86,73,79,8.97,0,0
B1130,,MR,14.8,74,67,70,5.27,17,7.5
B1131,,MR,18,66,56,61,5.26,0,0
B1132,,KR,21,68,49,58,5.55,0,0
B1133,,MR,16.5,71,55,63,5.14,0,0
B1134,,KR,15.4,66,53,59,4.21,0,0
B1135,,KR,14.7,66,42,54,3.37,0,0
B1136,,MR,14.8,57,50,53,3.27,0,0
B1137,,KR,14.6,71,63,67,5.15,0,0
B1138,,BNS,17.8,67,53,60,4.86,10,3.5
B1139,,KR,20.7,73,60,66,7.08,0,0
B1140,,KR,19.4,73,50,61,5.67,0,0
B1141,,KR,19.4,90,61,75,8.57,0,0
B1142,,BNS,12,78,67,72,4.36,21,10.8
B1143,,BNS,13,68,58,63,4.05,0,0
B1144,,MR,18.8,58,45,51,3.84,0,0
B1145,,MR,17.9,67,57,62,5.4,0,0
B1146,,MR,17.8,56,48,52,3.78,0,0
B1147,,KR,22.8,88,65,76,10.34,0,0
B1148,,MR,17.1,72,47,59,4.68,0,0
B1149,,MR,12,55,46,50,2.36,0,0
B1150,,MR,14.8,57,43,50,2.91,0,0
B1151,,MR,12.2,56,42,49,2.3,0,0
B1152,,MR,14.4,64,46,55,3.42,0,0
B1153,,MR,17.1,67,52,59,4.68,0,0
B1154,,MR,13,60,46,53,2.87,0,0
B1155,,MR,14.7,57,42,49,2.77,0,0
B1156,,MR,18.1,55,42,48,3.28,0,0
B1157,,MR,18.9,70,55,62,5.71,0,0
B1158,,MR,15.9,56,45,50,3.12,0,0
B1159,,MR,17.9,61,47,54,4.1,0,0
B1160,,MR,20.2,56,44,50,3.97,0,0
B1161,,MR,20.3,65,52,58,5.36,0,0
B1162,,MR,15.6,55,43,49,2.94,0,0
B1163,,MR,17.8,57,41,49,3.36,0,0
B1164,,KR,14.1,55,41,48,2.55,0,0
B1165,,MB,17.1,57,45,51,3.49,0,0
B1166,,MB,13,68,57,62,3.92,0,0
B1167,,MB,14.6,60,48,54,3.34,0,0
B1168,,KR,19.3,63,47,55,4.59,0,0
B1169,,KR,17.6,54,40,47,3.05,0,0
B1170,,KR,21.7,78,49,63,6.76,0,0
B1171,,KR,12.9,50,38,44,1.96,0,0
B1172,,KR,18.6,57,38,47,3.23,0,0
B1173,,KR,19.6,56,41,48,3.55,0,0
B1174,,KR,16.2,56,38,47,2.81,0,0
B1175,,KR,18.1,54,42,48,3.28,0,0
B1176,,KR,17.5,63,50,56,4.31,0,0
B1177,,KR,17.5,57,44,50,3.44,0,0
B1178,,BNS,17.8,60,46,53,3.93,0,0
B1179,,BNS,15.8,57,45,51,3.23,0,0
B1180,,KR,22.6,75,54,64,7.27,0,0
B1181,,BNS,15.4,61,46,53,3.4,0,0
B1182,,KR,18.4,68,44,56,4.53,0,0
B1183,,MR,12.9,67,52,59,3.53,0,0
B1184,,MR,11.8,112,104,108,10.81,0,0
B1185,,MR,12.2,77,66,71,4.83,0,0
B1186,,MR,11.2,79,68,73,4.69,0,0
B1187,,MR,12.2,68,57,62,3.68,0,0
B1188,,MR,9.3,74,63,68,3.38,0,0
B1189,,MR,14.3,63,51,57,3.65,0,0
B1190,,MR,15.8,67,54,60,4.11,15,8
B1191,,MR,18.2,66,51,58,4.81,0,0
B1192,,MR,18.8,57,43,50,3.69,0,0
B1193,,MR,18.4,81,60,70,7.08,0,0
B1194,,KR,18.4,64,44,54,4.21,0,0
B1195,,KR,16.5,70,56,63,5.14,0,0
B1196,,KR,22.1,89,60,74,9.5,0,0
B1197,,MR,19.4,75,51,63,6.05,0,0
B1198,,MR,16.9,84,69,76,7.67,0,0
B1199,,MR,17.5,92,74,83,8.77,20,7.4
B1200,,KR,16.4,67,50,58,4.33,0,0
B1201,,KR,15.5,62,52,57,3.96,0,0
B1202,,MR,13.9,66,50,58,3.12,20,15.1
B1203,,KR,22.8,57,41,49,4.3,0,0
B1204,,KR,23.4,63,44,53,5.16,0,0
B1205,,KR,21.9,67,43,55,5.2,0,0
B1206,,KR,18.9,55,44,49,3.56,0,0
B1207,,KR,19,64,55,59,5.19,0,0
B1208,,KR,16.3,79,55,67,5.75,0,0
B1209,,KR,22.7,60,41,50,4.46,0,0
B1210,,KR,19.6,61,45,53,4.13,10,4.5
B1211,,KR,18.9,70,50,60,5.34,0,0
B1212,,KR,18,57,49,53,3.97,0,0
B1213,,KR,18,59,45,52,3.82,0,0
B1214,,KR,19.7,62,48,55,4.68,0,0
B1215,,KR,20.7,62,50,56,5.1,0,0
B1216,,KR,19,72,50,61,5.55,0,0
B1217,,BNS,15.1,109,78,93,10.26,0,0
B1218,,BNS,15.3,61,58,59,3.63,19,13.2
B1219,,MR,14.3,56,47,51,2.92,0,0
B1220,,MR,17.6,66,48,57,4.49,0,0
B1221,,MR,23,63,47,55,4.35,22,20.4
B1222,,KR,19.8,65,51,58,5.23,0,0
B1223,,MR,22.7,65,47,56,5.59,0,0
B1224,,MR,20,55,42,48,3.62,0,0
B1225,,MR,18.5,62,46,54,4.24,0,0
B1226,,KR,22.3,79,54,66,7.63,0,0
B1227,,KR,20.3,61,49,55,4.82,0,0
B1228,,KR,19.9,69,49,59,5.44,0,0
B1229,,KR,19.8,75,53,64,6.37,0,0
B1230,,KR,18.6,56,42,49,3.51,0,0
B1231,,KR,13,58,43,50,2.55,0,0
B1232,,KR,20.2,65,48,56,4.98,0,0
B1233,,MR,16.7,62,44,53,3.31,15,10.2
B1234,,KR,13.3,59,44,51,2.72,0,0
B1235,,MR,15.1,81,70,75,6.33,15,5.1
B1236,,MR,11,75,66,70,3.99,15,5.8
B1237,,BNS,12.1,63,47,55,2.87,0,0
B1238,,BNS,12.9,68,60,64,4.15,0,0
B1239,,KR,14.5,62,47,54,3.32,0,0
B1240,,MR,20.9,71,54,62,6.06,11,4
B1241,,MR,23.2,66,46,56,5.71,0,0
B1242,,MR,15.3,68,55,61,4.47,0,0
B1243,,KR,21,61,49,55,4.58,14,8.2
B1244,,BNS,23.2,70,51,60,5.72,19,12.8
B1245,,KR,17.7,69,46,57,4.22,13,6.6
B1246,,MR,19.6,67,53,60,5.54,0,0
B1247,,MR,23,63,43,53,5.07,0,0
B1248,,MR,22.6,69,43,56,4.83,18,13.2
B1249,,MR,15.7,56,46,51,3.21,0,0
B1250,,MR,22.3,57,45,51,4.56,0,0
B1251,,MR,11,69,63,66,3.76,0,0
B1252,,MR,12.9,63,54,58,3.41,0,0
B1253,,MR,18,60,48,54,4.12,0,0
B1254,,MR,19.7,64,48,56,4.65,10,4.1
B1255,,MR,20.5,77,64,70,6.71,24,15
B1256,,KR,20.1,70,50,60,5.68,0,0
B1257,,MR,18.6,63,49,56,4.58,0,0
B1258,,MR,14.4,67,58,62,4.06,14,6.5
B1259,,MR,13.1,59,40,49,2.47,0,0
B1260,,BNS,15,58,47,52,2.52,21,20.8
B1261,,MR,15.5,62,49,55,3.68,0,0
B1262,,MR,11.8,61,54,57,2.44,22,19
B1263,,BNS,16,66,50,58,3.77,17,10.9
B1264,,MR,20.2,70,51,60,5.71,0,0
B1265,,KR,23.5,76,49,62,7.09,0,0
B1266,,KR,19.4,76,68,72,7.9,0,0
B1267,,KR,21.3,66,48,57,5.44,0,0
B1268,,KR,16.8,63,55,59,4.59,0,0
B1269,,BNS,15,56,44,50,2.65,14,10
B1270,,BNS,11.9,77,61,69,4.28,12,3.9
B1271,,KR,13.7,63,50,56,3.37,0,0
B1272,,MR,22.8,65,47,56,5.62,0,0
B1273,,BNS,17.9,68,54,61,5.23,0,0
B1274,,BNS,14,70,62,66,3.77,27,21.3
B1275,,KR,22.8,74,56,65,6.98,16,7.7
B1276,,KR,9.5,74,62,68,3.17,17,8
B1277,,KR,11.6,57,50,53,2.56,0,0
B1278,,MR,14,66,47,56,3.45,0,0
B1279,,KR,16.7,73,53,63,5.21,0,0
B1280,,KR,18.3,61,50,55,4.35,0,0
B1281,,MB,15.2,62,48,55,2.94,21,18.6
B1282,,MR,17.3,60,45,52,3.67,0,0
B1283,,KR,21.9,64,50,57,5.59,0,0
B1284,,KR,20.1,63,42,52,4.27,0,0
B1285,,MR,12.5,59,48,53,2.76,0,0
B1286,,MR,17.2,56,42,49,3.24,0,0
B1287,,MR,21.3,69,55,62,6.43,0,0
B1288,,MR,21.8,63,50,56,5.37,0,0
B1289,,KR,20.3,65,47,56,5,0,0
B1290,,KR,17.4,57,40,48,3.15,0,0
B1291,,KR,18.8,52,40,46,3.12,0,0
B1292,,KR,22.5,65,47,56,5.54,0,0
B1293,,MR,17.4,68,55,61,5.09,0,0
B1294,,MR,15.5,62,45,53,3.42,0,0
B1295,,MR,12.3,67,53,60,3.48,0,0
B1296,,MR,13.5,77,67,72,5.5,0,0
B1297,,BNS,13.8,58,44,51,2.82,0,0
B1298,,KR,21.7,62,42,52,4.61,0,0
B1299,,KR,18.7,79,59,69,6.99,0,0
B1300,,KR,22.1,69,51,60,6.25,0,0
B1301,,KR,20.2,55,40,47,3.5,0,0
B1302,,KR,21.9,64,45,54,5.02,0,0
B1303,,KR,16.6,58,40,49,3.13,0,0
B1304,,BNS,14.8,70,52,61,3.67,21,15.1
B1305,,BNS,16.2,57,43,50,3.18,0,0
B1306,,MR,21.9,66,48,57,5.59,0,0
B1307,,MB,20,75,58,66,6.04,20,11.7
B1308,,MR,17.7,62,50,56,4.36,0,0
B1309,,MR,18.3,73,52,62,4.47,24,19.1
B1310,,MR,19.1,74,55,64,6.14,0,0
B1311,,MR,17.7,85,68,76,7.32,20,8.8
B1312,,MR,21.9,60,47,53,3.77,22,21.9
B1313,,MR,18.7,77,67,72,7.61,0,0
B1314,,MR,16.4,59,44,51,3.15,11,5.9
B1315,,BNS,19.3,56,44,50,3.16,18,16.5
B1316,,MR,18,61,43,52,3.17,19,17
B1317,,MR,14.4,60,50,55,3.42,0,0
B1318,,BNS,16.5,60,47,53,3.64,0,0
B1319,,MR,24.8,59,43,51,5.07,0,0
B1320,,KR,20.2,74,53,63,6.3,0,0
B1321,,MR,16.5,64,48,56,4.06,0,0
B1322,,MR,17.4,78,63,70,6.25,16,6.7
B1323,,BNS,12.6,63,52,57,3.22,0,0
B1324,,MB,17.6,57,40,48,2.68,17,16
B1325,,MR,23,73,52,62,6.94,0,0
B1326,,KR,20.4,56,40,48,3.1,17,16
B1327,,MRS,21.4,60,40,50,4.2,0,0
B1328,,KR,24.4,75,49,62,7.37,0,0
B1329,,KR,18.4,88,67,77,8.57,0,0
B1330,,KR,20.8,57,43,50,4.08,0,0
B1331,,MR,12,84,66,75,5.3,0,0
B1332,,KR,14.6,78,60,69,5.04,17,7.7
B1333,,KR,18.2,69,59,64,5.33,17,9
B1334,,KR,11.8,69,52,60,3.34,0,0
B1335,,BNS,17.1,56,44,50,3.36,0,0
B1336,,KR,14.5,64,54,59,3.96,0,0
B1337,,KR,22.1,64,49,56,5.44,0,0
B1338,,KR,18.3,82,53,67,6.45,0,0
B1339,,KR,17.6,50,40,45,2.8,0,0
B1340,,MR,14.9,81,69,75,6.58,0,0
B1341,,BNS,19.8,59,45,52,4.2,0,0
B1342,,BNS,17.8,54,41,47,3.09,0,0
B1343,,MR,19.4,56,42,49,3.66,0,0
B1344,,MR,16.1,58,47,52,3.42,0,0
B1345,,MR,19.6,73,53,63,6.11,0,0
B1346,,MR,17,73,53,63,5.3,0,0
B1347,,BNS,24.4,66,47,56,6.01,0,0
B1348,,BNS,20.5,69,53,61,5.59,14,6.7
B1349,,KR,13.9,67,54,60,3.93,0,0
B1350,,KR,22.7,65,53,59,6.21,0,0
B1351,,KR,20.3,74,60,67,7.16,0,0
B1352,,KR,23,101,79,90,14.63,0,0
B1353,,KR,23,56,44,50,4.52,0,0
B1354,,BNS,14.5,55,46,50,2.85,0,0
B1355,,KR,19.7,76,56,66,6.74,0,0
B1356,,MRS,12.6,73,55,64,4.05,0,0
B1357,,KR,20.2,63,41,52,4.29,0,0
B1358,,KR,16.6,56,45,50,3.26,0,0
B1359,,MR,17.4,69,58,63,5.42,0,0
B1360,,MR,11.6,61,54,57,2.96,0,0
B1361,,MR,12.3,60,56,58,3.25,0,0
B1362,,MR,12,68,56,62,3.62,0,0
B1363,,MR,13.8,56,44,50,2.71,0,0
B1364,,KR,13.2,65,54,59,3.61,0,0
B1365,,KR,12.8,54,44,49,2.41,0,0
B1366,,BNS,20.5,97,74,85,11.63,0,0
B1367,,MR,22.1,59,42,50,4.34,0,0
B1368,,MR,22.9,62,48,55,5.44,0,0
B1369,,KR,13.4,82,68,75,5.92,0,0
B1370,,KR,13.9,68,51,59,3.8,0,0
B1371,,MR,13.3,71,60,65,4.41,0,0
B1372,,KR,10.8,69,59,64,3.47,0,0
B1373,,KR,20.4,70,45,57,5.21,0,0
B1374,,KR,19.3,81,54,67,6.8,0,0
B1375,,BNS,16.7,57,45,51,3.41,0,0
B1376,,MR,10.1,61,51,56,2.34,12,5.8
B1377,,KR,22.8,64,46,55,5.42,0,0
B1378,,KR,18.8,55,42,48,3.4,0,0
B1379,,KR,15.3,52,40,46,2.54,0,0
B1380,,KR,15.7,59,48,53,3.46,0,0
B1381,,KR,11.5,65,53,59,2.59,22,17.7
B1382,,KR,17.7,55,39,47,3.07,0,0
B1383,,MR,9,59,50,54,2.06,0,0
B1384,,KR,14.6,56,40,48,2.64,0,0
B1385,,KR,17.3,64,44,54,3.96,0,0
B1386,,KR,14.9,56,46,51,3.04,0,0
B1387,,MRS,19.5,82,59,70,5.87,29,21.8
B1388,,KR,15.9,82,60,71,6.3,0,0
B1389,,KR,14.9,56,43,49,2.81,0,0
B1390,,KR,17.7,60,44,52,3.76,0,0
B1391,,KR,13.3,59,48,53,2.93,0,0
B1392,,MR,16.3,61,44,52,3.46,0,0
B1393,,MB,17.9,53,40,46,2.97,0,0
B1394,,KR,23,69,45,57,5.87,0,0
B1395,,KR,18.5,63,51,57,4.72,0,0
B1396,,KR,21.1,66,43,54,4.83,0,0
B1397,,KR,22.9,65,43,54,5.24,0,0
B1398,,KR,21.5,62,48,55,5.11,0,0
B1399,,KR,14.4,81,70,75,6.36,0,0
B1400,,KR,22.9,57,48,52,4.86,0,0
B1401,,BNS,21.4,77,55,66,6.9,14,5.7
B1402,,MB,17.1,69,57,63,4.42,23,17
B1403,,MR,17.8,78,53,65,4.51,28,23.6
B1404,,MR,20.8,70,50,60,5.41,15,8
B1405,,MR,16.6,72,54,63,4.85,14,6.3
B1406,,MR,14.7,55,45,50,2.89,0,0
B1407,,MR,11.6,55,45,50,2.11,12,7.3
B1408,,MR,8.6,67,54,60,2.12,19,12.8
B1409,,MR,22.3,72,51,61,5.44,22,16.6
B1410,,MR,15.5,58,52,55,3.68,0,0
B1411,,MR,15.8,59,43,51,3.23,0,0
B1412,,KR,17.3,59,44,51,3.53,0,0
B1413,,KR,18.6,52,41,46,3.09,0,0
B1414,,KR,21.6,58,41,49,4.07,0,0
B1415,,KR,16.9,56,41,48,3.06,0,0
B1416,,BNS,12.6,61,48,54,2.89,0,0
B1417,,MR,13,59,52,55,2.96,10,4.2
B1418,,KR,14.1,55,37,46,2.34,0,0
B1419,,KR,19.6,66,52,59,5.36,0,0
B1420,,KR,21.3,64,40,52,4.52,0,0
B1421,,KR,20.4,65,49,57,5.21,0,0
B1422,,KR,12.9,55,39,47,2.24,0,0
B1423,,BNS,13.3,60,53,56,2.75,20,16.2
B1424,,BNS,17.8,62,52,57,3.6,23,20.7
B1425,,BNS,17.2,57,45,51,3.51,0,0
B1426,,BNS,17.6,65,54,59,4.63,10,3.7
B1427,,MR,18.3,57,43,50,3.59,0,0
B1428,,MR,19.1,71,51,61,5.58,0,0
B1429,,BNS,18.5,60,47,53,3.77,13,7.7
B1430,,MR,22.6,66,42,54,5.18,0,0
B1431,,MR,17.1,64,56,60,4.83,0,0
B1432,,MR,17.5,68,50,59,4.78,0,0
B1433,,MR,15.4,55,40,47,2.67,0,0
B1434,,MR,10.2,61,47,54,2.34,0,0
B1435,,BNS,17.2,77,59,68,5.63,19,9.9
B1436,,KR,13.9,53,45,49,2.62,0,0
B1437,,KR,13.9,70,53,61,4.06,0,0
B1438,,KR,13,73,59,66,4.45,0,0
B1439,,KR,12.9,59,47,53,2.85,0,0
B1440,,MR,19.6,55,43,49,3.7,0,0
B1441,,MR,16.4,68,51,59,4.48,0,0
B1442,,BNS,17.8,75,60,67,6.06,11,3.4
B1443,,KR,21,65,45,55,4.99,0,0
B1444,,MR,21.9,66,48,57,5.59,0,0
B1445,,KR,17.8,63,46,54,4.08,0,0
B1446,,MR,20.9,75,50,62,6.31,0,0
B1447,,MR,15.9,61,45,53,3.51,0,0
B1448,,MR,18.5,56,48,52,3.93,0,0
B1449,,MR,13.6,85,66,75,5.35,22,11
B1450,,MR,13.3,93,78,85,7.55,0,0
B1451,,MR,12.2,55,41,48,2.21,0,0
B1452,,MR,18.9,65,43,54,4.33,0,0
B1453,,MR,10.4,55,43,49,1.96,0,0
B1454,,MR,14.9,56,43,49,2.33,18,17.2
B1455,,MR,9.3,56,52,54,2.13,0,0
B1456,,MR,19.3,67,44,55,4.59,0,0
B1457,,BNS,14.4,55,40,47,2.17,15,13
B1458,,MR,18,57,43,50,3.53,0,0
B1459,,MR,17.4,56,42,49,3.28,0,0
B1460,,MR,19.3,66,42,54,4.42,0,0
B1461,,KR,21,80,48,64,6.76,0,0
B1462,,BNS,21.5,61,45,53,4.53,10,4.5
B1463,,KR,22,68,49,58,5.81,0,0
B1464,,KR,17.5,60,45,52,3.72,0,0
B1465,,KR,10.5,62,51,56,2.59,0,0
B1466,,MR,17.4,69,51,60,4.92,0,0
B1467,,KR,17.8,60,47,53,3.93,0,0
B1468,,KR,15,53,43,48,2.57,10,5.5
B1469,,KR,18.6,67,53,60,5.26,0,0
B1470,,KR,22.9,81,51,66,7.83,0,0
B1471,,BNS,15.5,64,51,57,3.96,0,0
B1472,,KR,21.3,65,48,56,5.25,0,0
B1473,,KR,17.3,65,50,57,4.41,0,0
B1474,,KR,10,55,44,49,1.89,0,0
B1475,,KR,16,59,45,52,3.4,0,0
B1476,,KR,14.1,65,53,59,3.85,0,0
B1477,,MR,14,60,45,52,2.97,0,0
B1478,,KR,16.6,73,63,68,5.7,14,5.4
B1479,,KR,18,63,40,51,3.68,0,0
B1480,,KR,15.8,64,45,54,3.62,0,0
B1481,,KR,15.5,56,42,49,2.92,0,0
B1482,,KR,19.9,56,41,48,3.6,0,0
B1483,,MR,12.4,65,52,58,3,15,8.5
B1484,,BNS,17,61,45,53,3.58,10,4.5
B1485,,MR,18.9,59,42,50,3.71,0,0
B1486,,BNS,17.6,60,43,51,3.34,12,7
B1487,,MR,8.3,61,52,56,2.04,0,0
B1488,,BNS,17.6,65,52,58,4.25,15,8.5
B1489,,MR,12.4,67,52,59,2.94,19,13.2
B1490,,KR,17.9,67,47,57,4.57,0,0
B1491,,KR,19,53,39,46,3.16,0,0
B1492,,KR,20.4,65,41,53,4.5,0,0
B1493,,BNS,14.4,57,43,50,2.62,12,7.3
B1494,,MR,14.6,73,61,67,5.15,0,0
B1495,,KR,21.3,77,57,67,7.51,0,0
B1496,,KR,17.7,71,45,58,4.68,0,0
B1497,,MB,18,58,43,50,3.53,0,0
B1498,,MR,19.2,80,49,64,6.18,0,0
B1499,,MB,13.7,63,51,57,3.5,0,0
B1500,,MR,16.8,72,44,58,4.44,0,0
B1501,,BNS,20.1,69,51,60,5.68,0,0
B1502,,BNS,12.1,100,89,94,7.7,24,8.3
B1503,,BNS,12.4,56,47,51,2.18,17,14.1
B1504,,KR,16.3,59,45,52,3.46,0,0
B1505,,KR,19.5,60,41,50,3.83,0,0
B1506,,MR,13.9,61,49,55,3.3,0,0
B1507,,BNS,18.3,62,44,53,4.04,0,0
B1508,,KR,20.8,66,45,55,4.94,0,0
B1509,,MR,18.8,68,45,56,4.4,11,4.9
B1510,,MR,19.1,82,70,76,8.66,0,0
B1511,,MR,13.3,70,53,61,3.89,0,0
B1512,,KR,19,80,66,73,7.95,0,0
B1513,,MB,12.6,63,48,55,2.81,12,6.1
B1514,,KR,22.3,73,57,65,7.4,0,0
B1515,,BNS,21.1,60,43,51,4.31,0,0
B1516,,BNS,19.4,98,75,86,10.41,21,7.6
B1517,,KR,22.8,72,49,60,6.45,0,0
B1518,,KR,17.9,61,48,54,4.1,0,0
B1519,,KR,12.7,59,42,50,2.49,0,0
B1520,,KR,15.9,68,48,58,4.2,0,0
B1521,,KR,18,75,49,62,5.43,0,0
B1522,,KR,16.8,58,43,50,3.3,0,0
B1523,,KR,18.9,59,42,50,3.71,0,0
B1524,,KR,17.2,50,39,44,2.62,0,0
B1525,,KR,18.7,53,40,46,3.11,0,0
B1526,,KR,18.4,54,44,49,3.47,0,0
B1527,,KR,20.9,62,42,52,4.44,0,0
B1528,,KR,20,71,51,61,5.84,0,0
B1529,,KR,12.9,60,53,56,2.61,21,17.9
B1530,,KR,15.1,53,40,46,2.51,0,0
B1531,,KR,14.7,55,42,48,2.66,0,0
B1532,,KR,16.4,58,40,49,3.09,0,0
B1533,,KR,19.7,53,43,48,3.56,0,0
B1534,,KR,17.2,71,49,60,4.86,0,0
B1535,,MRS,19.4,64,44,54,4.44,0,0
B1536,,KR,16.9,63,50,56,4.16,0,0
B1537,,KR,18.3,62,50,56,4.51,0,0
B1538,,KR,18.3,58,40,49,3.45,0,0
B1539,,KR,17.3,56,41,48,3.13,0,0
B1540,,KR,17.2,66,51,58,3.79,21,16.7
B1541,,KR,15.4,53,37,45,2.45,0,0
B1542,,KR,12.3,58,41,49,2.32,0,0
B1543,,KR,18.3,87,63,75,8.08,0,0
B1544,,KR,15.8,60,46,53,3.49,0,0
B1545,,KR,15,82,57,69,5.61,0,0
B1546,,KR,15.5,58,40,49,2.92,0,0
B1547,,KR,17.1,65,45,55,4.06,0,0
B1548,,KR,11.6,51,40,45,1.84,0,0
B1549,,KR,17.7,59,48,53,3.9,0,0
B1550,,MRS,17.9,62,47,54,4.1,0,0
B1551,,KR,18.2,57,41,49,3.43,0,0
B1552,,KR,19.7,60,39,49,3.71,0,0
B1553,,KR,22.5,68,46,57,5.74,0,0
B1554,,KR,21.9,72,53,62,6.61,0,0
B1555,,KR,20.9,62,45,53,4.4,10,4.5
B1556,,KR,19.7,62,47,54,4.51,0,0
B1557,,KR,17.6,53,39,46,2.92,0,0
B1558,,KR,22.7,83,58,70,8.74,0,0
B1559,,KR,18,69,47,58,4.76,0,0
B1560,,KR,21.6,67,47,57,5.51,0,0
B1561,,KR,19.4,67,47,57,4.95,0,0
B1562,,MRS,18.4,66,40,53,4.06,0,0
B1563,,KR,13.5,57,43,50,2.65,0,0
B1564,,KR,13.9,61,49,55,3.3,0,0
B1565,,KR,18.6,55,38,46,3.09,0,0
B1566,,KR,20.3,82,58,70,7.81,0,0
B1567,,KR,22.3,79,61,70,8.58,0,0
B1568,,KR,18.8,63,51,57,4.8,0,0
B1569,,KR,20.2,63,50,56,4.98,0,0
B1570,,KR,19.1,65,43,54,4.37,0,0
B1571,,KR,18.7,69,50,59,5.11,0,0
B1572,,KR,19.2,71,55,63,5.99,0,0
B1573,,KR,23.7,62,44,53,5.23,0,0
B1574,,KR,22.4,70,49,59,6.12,0,0
B1575,,KR,18.5,100,71,85,10.5,0,0
B1576,,KR,17,64,47,55,4.04,0,0
B1577,,KR,14,68,57,62,4.23,0,0
B1578,,KR,21.8,77,47,62,6.58,0,0
B1579,,KR,19.4,88,68,78,8.83,15,4.7
B1580,,KR,19,67,45,56,4.68,0,0
B1581,,KR,17.6,59,41,50,3.46,0,0
B1582,,KR,18.9,85,64,74,8.13,0,0
B1583,,KR,20.5,66,46,56,5.05,0,0
B1584,,KR,20.5,77,50,63,6.39,0,0
B1585,,KR,16.1,55,40,47,2.79,0,0
B1586,,KR,14.3,68,55,61,4.18,0,0
B1587,,KR,19.5,55,42,48,3.53,0,0
B1588,,KR,19.8,61,44,52,4.2,0,0
B1589,,KR,20.4,70,45,57,5.21,0,0
B1590,,KR,20.9,71,57,64,6.72,0,0
B1591,,KR,18.7,63,41,52,3.97,0,0
B1592,,KR,19.4,67,48,57,4.95,0,0
B1593,,KR,14.3,57,41,49,2.7,0,0
B1594,,KR,17.8,68,46,57,4.54,0,0
B1595,,KR,19.2,70,46,58,5.07,0,0
B1596,,KR,18.3,68,47,57,4.67,0,0
B1597,,KR,14.3,54,43,48,2.59,0,0
B1598,,KR,18.5,55,51,53,4.08,0,0
B1599,,BNS,13.9,62,48,55,2.75,20,16.8
B1600,,MR,20.9,64,43,53,4.61,0,0
B1601,,BNS,19,65,56,60,5.37,0,0
B1602,,KR,14.2,91,69,80,7.14,0,0
B1603,,BNS,18.8,58,42,50,3.27,15,11.5
B1604,,MR,22.2,62,48,55,5.27,0,0
B1605,,MR,20.8,57,46,51,4.25,0,0
B1606,,MR,20.4,57,43,50,4.01,0,0
B1607,,BNS,21.3,81,59,70,7.16,22,12.6
B1608,,MR,19.3,77,61,69,7.22,0,0
B1609,,MB,14.1,57,48,52,2.99,0,0
B1610,,BNS,10.4,63,57,60,2.84,10,3.5
B1611,,MR,12,63,50,56,2.83,10,4.1
B1612,,BNS,17.6,74,62,68,6.39,0,0
B1613,,MR,18,64,52,58,4.76,0,0
B1614,,MR,17,62,48,55,4.04,0,0
B1615,,MR,14.7,77,66,71,5.82,0,0
B1616,,MR,15,72,56,64,4.64,11,3.8
B1617,,MR,12.8,58,47,52,2.72,0,0
B1618,,MR,13,70,58,64,4.18,0,0
B1619,,MR,20.7,80,62,71,8.2,0,0
B1620,,MR,19.6,75,55,65,6.5,0,0
B1621,,MR,18,59,51,55,4.28,0,0
B1622,,MR,14.1,66,49,57,3.6,0,0
B1623,,MR,19.4,62,50,56,4.58,10,4.1
B1624,,MR,18.1,59,45,52,3.84,0,0
B1625,,MB,18.6,72,59,65,5.27,22,14.6
B1626,,MR,17.1,62,49,55,4.06,0,0
B1627,,MR,12.7,63,50,56,3.13,0,0
B1628,,BNS,16.4,65,50,57,3.95,12,5.6
B1629,,MR,16.8,78,56,67,5.49,16,7.3
B1630,,MR,16.6,77,56,66,5.68,0,0
B1631,,MR,18.4,81,63,72,7.49,0,0
B1632,,MR,15.7,75,61,68,5.7,0,0
B1633,,MR,18,69,49,59,4.92,0,0
B1634,,MR,17.8,72,54,63,5.55,0,0
B1635,,MR,16.5,77,62,69,5.89,13,4.5
B1636,,BNS,15.5,63,44,53,3.42,0,0
B1637,,MR,14.8,66,55,60,4.18,0,0
B1638,,MR,16.1,71,59,65,5.18,10,3
B1639,,MR,20.9,57,51,54,4.79,0,0
B1640,,MR,18.1,71,54,62,5.46,0,0
B1641,,MR,18.3,66,51,58,4.84,0,0
B1642,,BNS,19.1,60,43,51,3.9,0,0
B1643,,MR,11.3,70,60,65,3.64,10,3
B1644,,BNS,15.4,56,41,48,2.63,10,5.5
B1645,,MR,19,65,50,57,4.85,0,0
B1646,,MR,17,73,53,63,5.3,0,0
B1647,,KR,14.8,55,43,49,2.79,0,0
B1648,,KR,17.1,79,60,69,6.39,0,0
B1649,,KR,15.7,60,51,55,3.73,0,0
B1650,,KR,12.9,54,43,48,2.33,0,0
B1651,,KR,11.1,68,58,63,3.46,0,0
B1652,,KR,14.3,59,44,51,2.92,0,0
B1653,,KR,18.5,67,45,56,4.37,10,4.1
B1654,,KR,18.1,60,43,51,3.7,0,0
B1655,,KR,17.1,69,56,62,5.16,0,0
B1656,,KR,19.4,69,51,60,5.49,0,0
B1657,,KR,18.4,82,62,72,7.49,0,0
B1658,,KR,13.7,66,62,64,4.41,0,0
B1659,,KR,13.5,51,40,45,2.15,0,0
B1660,,KR,15.8,56,42,49,2.82,10,5.3
B1661,,MR,16.3,59,48,53,3.6,0,0
B1662,,MR,16.9,61,45,53,3.56,10,4.5
B1663,,KR,21.7,65,48,56,5.34,0,0
B1664,,KR,12.4,60,46,53,2.74,0,0
B1665,,MR,15.2,61,43,52,3.23,0,0
B1666,,BNS,20.6,58,46,52,4.02,13,8
B1667,,MR,20.6,65,51,58,5.44,0,0
B1668,,BNS,10.4,50,43,46,1.55,13,10.2
B1669,,MR,16.5,59,49,54,3.78,0,0
B1670,,BNS,15.7,57,48,52,3.33,0,0
B1671,,KR,19.4,64,44,54,4.44,0,0
B1672,,MRS,20.6,67,44,55,4.89,0,0
B1673,,KR,14.6,52,35,43,2.12,0,0
B1674,,KR,12.6,53,48,50,2.47,0,0
B1675,,KR,18.7,68,51,59,5.11,0,0
B1676,,KR,15.1,55,41,48,2.51,12,8
B1677,,MR,18.2,56,41,48,3.29,0,0
B1678,,MR,15.1,70,53,61,4.41,0,0
B1679,,BNS,13.7,52,40,46,2.28,0,0
B1680,,MR,12.3,57,44,50,2.42,0,0
B1681,,BNS,14.5,50,41,45,2.31,0,0
B1682,,MR,20,62,47,54,4.58,0,0
B1683,,BNS,16,62,50,56,3.94,0,0
B1684,,BNS,16.8,57,38,47,2.91,0,0
B1685,,BNS,15,60,44,52,2.89,14,9.2
B1686,,MR,17.2,55,40,47,2.98,0,0
B1687,,KR,17.4,64,45,54,3.98,0,0
B1688,,KR,15.1,56,43,49,2.85,0,0
B1689,,KR,13.4,57,48,52,2.85,0,0
B1690,,KR,14.8,54,39,46,2.46,0,0
B1691,,KR,18.3,61,50,55,4.35,0,0
B1692,,KR,19.5,58,41,49,3.68,0,0
B1693,,KR,17.5,60,42,51,3.57,0,0
B1694,,MR,11.3,64,55,59,3.09,0,0
B1695,,KR,14.8,62,44,53,3.27,0,0
B1696,,KR,12.4,59,51,55,2.95,0,0
B1697,,KR,11.7,74,60,67,4.13,0,0
B1698,,KR,20.1,90,71,80,10.1,0,0
B1699,,MR,15.5,75,65,70,5.97,0,0
B1700,,MR,15.5,77,64,70,5.97,0,0
B1701,,MR,19.6,63,42,52,4.16,0,0
B1702,,MR,8.3,69,66,67,2.6,20,11.3
B1703,,KR,18.5,64,45,54,4.24,0,0
B1704,,KR,21.3,64,44,54,4.88,0,0
B1705,,KR,15.9,56,45,50,3.12,0,0
B1706,,MR,14.5,54,45,49,2.41,15,11.9
B1707,,MR,19.5,61,48,54,4.47,0,0
B1708,,KR,16.4,70,61,65,5.44,0,0
B1709,,BNS,11.2,57,51,54,2.31,15,9.8
B1710,,MR,11.4,56,42,49,2.15,0,0
B1711,,MR,13.3,55,44,49,2.38,10,5.3
B1712,,MB,16.9,60,41,50,3.32,0,0
B1713,,MR,15.8,59,45,52,3.36,0,0
B1714,,BNS,17.5,48,40,44,2.66,0,0
B1715,,MR,12.4,65,53,59,3.39,0,0
B1716,,MR,15.7,82,63,72,6.23,10,2.5
B1717,,MR,18.6,69,58,63,5.8,0,0
B1718,,MR,15.7,78,60,69,5.87,0,0
B1719,,MR,8.9,55,48,51,1.82,0,0
B1720,,MR,13.7,57,46,51,2.8,0,0
B1721,,MR,19.1,86,54,70,7.35,0,0
B1722,,MR,17.5,74,57,65,5.81,0,0
B1723,,BNS,17.7,72,52,62,5.17,10,3.3
B1724,,MR,19.6,59,46,52,4.16,0,0
B1725,,KR,21.1,61,43,52,4.48,0,0
B1726,,BNS,15.2,67,60,63,4.74,0,0
B1727,,MR,14.1,55,43,49,2.66,0,0
B1728,,MR,14.2,61,48,54,3.25,0,0
B1729,,MR,15.4,56,42,49,2.9,0,0
B1730,,MR,16.8,57,41,49,3.17,0,0
B1731,,MR,22.4,60,41,50,4.4,0,0
B1732,,MR,19.1,79,57,68,6.94,0,0
B1733,,KR,22,67,47,57,5.61,0,0
B1734,,MRS,18.9,65,43,54,4.33,0,0
B1735,,KR,15.5,61,44,52,3.29,0,0
B1736,,MR,12.1,56,43,49,2.28,0,0
B1737,,BNS,18.4,66,45,55,3.96,15,9.5
B1738,,KR,17.8,70,51,60,5.03,0,0
B1739,,BNS,17.9,53,40,46,2.97,0,0
B1740,,KR,17.7,58,43,50,3.48,0,0
B1741,,MR,16.4,65,48,56,4.04,0,0
B1742,,MR,16.2,58,46,52,3.44,0,0
B1743,,BNS,17.3,54,41,47,3,0,0
B1744,,MR,16.5,65,50,57,3.84,15,8.8
B1745,,KR,16.6,56,43,49,3.13,0,0
B1746,,KR,14.1,51,42,46,2.34,0,0
B1747,,KR,20.9,71,50,60,5.91,0,0
B1748,,KR,19.6,63,46,54,4.49,0,0
B1749,,KR,18.2,73,54,63,5.67,0,0
B1750,,KR,17.1,71,59,65,5.67,0,0
B1751,,BNS,15.6,60,52,56,3.28,19,14.7
B1752,,BNS,13.8,52,42,47,2.2,12,8.3
B1753,,KR,12.7,55,43,49,2.39,0,0
B1754,,KR,15.4,56,40,48,2.79,0,0
B1755,,BNS,10.8,94,88,91,6.46,23,8.1
B1756,,MR,12.6,55,44,49,2.38,0,0
B1757,,BNS,13.6,50,40,45,2.16,0,0
B1758,,KR,18.2,68,44,56,4.48,0,0
B1759,,KR,16.7,65,46,55,3.97,0,0
B1760,,MR,15.3,62,53,57,3.9,0,0
B1761,,MR,14,61,45,53,3.09,0,0
B1762,,MR,13,58,43,50,2.55,0,0
B1763,,MR,13.3,73,62,67,4.69,0,0
B1764,,BNS,11,55,44,49,2.07,0,0
B1765,,BNS,12.5,50,42,46,1.87,13,10.2
B1766,,KR,19.5,65,48,56,4.8,0,0
B1767,,KR,17.5,67,55,61,5.11,0,0
B1768,,MB,14,64,52,58,3.7,0,0
B1769,,BNS,14.3,52,40,46,2.38,0,0
B1770,,KR,15.8,53,37,45,2.51,0,0
B1771,,MB,10.8,71,57,64,3.47,0,0
B1772,,BNS,13.6,50,40,45,2.16,0,0
B1773,,MB,18.8,76,49,62,5.68,0,0
B1774,,BNS,11.8,56,49,52,2.24,15,10.6
B1775,,MR,19.6,56,49,52,3.97,10,4.7
B1776,,MR,16.9,66,47,56,4.16,0,0
B1777,,MB,12.3,67,56,61,3.59,0,0
B1778,,MRS,12.1,69,55,62,3.65,0,0
B1779,,KR,16.2,52,41,46,2.69,0,0
B1780,,KR,15.1,59,51,55,3.59,0,0
B1781,,KR,15.2,59,41,50,2.98,0,0
B1782,,KR,16.5,66,51,58,4.36,0,0
B1783,,KR,15.1,56,41,48,2.73,0,0
B1784,,MR,10.3,67,56,61,3.01,0,0
B1785,,MR,13.6,56,46,51,2.78,0,0
B1786,,BNS,19.6,61,44,52,4.16,0,0
B1787,,BNS,14.6,50,41,45,2.32,0,0
B1788,,MR,11.4,58,46,52,2.42,0,0
B1789,,BNS,13,64,59,61,3.28,20,13.7
B1790,,BNS,15.4,62,53,57,3.31,20,15.7
B1791,,BNS,11.2,54,44,49,1.86,15,11.9
B1792,,BNS,15.7,63,48,55,2.9,23,22.3
B1793,,MB,13.6,51,40,45,2.16,0,0
B1794,,MB,18.5,70,56,63,5.58,10,3.2
B1795,,KR,19.1,68,50,59,5.22,0,0
B1796,,MB,18.7,82,60,71,7.4,0,0
B1797,,BNS,17.1,60,50,55,3.73,14,8.2
B1798,,KR,15.7,57,46,51,3.21,0,0
B1799,,MR,18.9,64,54,59,5.17,0,0
B1800,,KR,19.4,53,43,48,3.51,0,0
B1801,,BNS,14.2,70,54,62,4.29,0,0
B1802,,BNS,11.2,61,52,56,2.47,16,10.4
B1803,,MR,13.8,67,54,60,3.9,0,0
B1804,,BNS,16.8,58,51,54,3.64,11,5.3
B1805,,KR,14.1,55,46,50,2.77,0,0
B1806,,KR,18.9,69,51,60,5.34,0,0
B1807,,KR,17.1,71,49,60,4.83,0,0
B1808,,MR,17,69,54,61,4.97,0,0
B1809,,MR,8.7,62,53,57,2.22,0,0
B1810,,KR,17.5,66,51,58,4.62,0,0
B1811,,MB,15,67,52,59,4.1,0,0
B1812,,MB,15.5,74,61,67,5.46,0,0
B1813,,KR,20,60,44,52,4.25,0,0
B1814,,MB,17.6,74,58,66,6.02,0,0
B1815,,MB,13.8,60,50,55,2.97,15,9.5
B1816,,KR,17.8,61,50,55,4.23,0,0
B1817,,MR,13.4,54,44,49,2.53,0,0
B1818,,BNS,20.2,91,63,77,7.83,28,16.8
B1819,,MR,15.2,88,73,80,7.64,0,0
B1820,,MRS,21.5,58,40,49,4.05,0,0
B1821,,KR,20.4,55,42,48,3.69,0,0
B1822,,KR,17.7,50,41,45,2.82,0,0
B1823,,KR,15,87,70,78,7.17,0,0
B1824,,MB,16.1,59,46,52,3.19,12,6.8
B1825,,MB,14,68,54,61,4.09,0,0
B1826,,KR,15.7,72,55,63,4.89,0,0
B1827,,KR,17.6,69,47,58,4.31,14,7.4
B1828,,BNS,15.9,59,46,52,3.38,0,0
B1829,,BNS,10.3,65,52,58,2.72,0,0
B1830,,KR,13.8,56,42,49,2.6,0,0
B1831,,BNS,16.6,55,40,47,2.88,0,0
B1832,,KR,21,71,50,60,5.94,0,0
B1833,,MR,18.5,68,54,61,5.41,0,0
B1834,,MR,15,58,51,54,3.44,0,0
B1835,,BNS,14.5,54,42,48,2.62,0,0
B1836,,KR,18,73,49,61,5.26,0,0
B1837,,KR,18.3,64,47,55,4.35,0,0
B1838,,KR,16,61,40,50,3.14,0,0
B1839,,KR,15.5,105,76,90,9.86,0,0
B1840,,KR,19.3,56,47,51,3.94,0,0
B1841,,BNS,18.3,65,57,61,4.99,14,6.7
B1842,,KR,21.2,61,42,51,4.33,0,0
B1843,,KR,16.2,53,42,47,2.81,0,0
B1844,,MB,16.2,57,42,49,3.05,0,0
B1845,,BNS,17.2,66,43,54,3.94,0,0
B1846,,KR,16.9,55,40,47,2.93,0,0
B1847,,KR,21.4,61,48,54,4.9,0,0
B1848,,BNS,16.9,56,45,50,3.11,11,6.2
B1849,,BNS,14.4,66,57,61,4.21,0,0
B1850,,BNS,13.6,56,47,51,2.78,0,0
B1851,,MR,18.1,59,45,52,3.66,10,4.7
B1852,,MR,18,68,51,59,4.92,0,0
B1853,,KR,19.9,61,42,51,4.07,0,0
B1854,,BNS,14.6,52,43,47,2.53,0,0
B1855,,BNS,20.9,75,52,63,6.1,14,6.3
B1856,,MR,15.7,61,45,53,3.46,0,0
B1857,,KR,11.4,68,58,63,3.55,0,0
B1858,,BNS,12.9,67,58,62,3.68,13,5.6
B1859,,MB,8.7,72,58,65,2.89,0,0
B1860,,KR,12.2,62,50,56,3,0,0
B1861,,KR,17.7,64,47,55,4.21,0,0
B1862,,MR,15.5,57,41,49,2.92,0,0
B1863,,KR,20.7,84,55,69,7.74,0,0
B1864,,MR,16.3,62,46,54,3.73,0,0
B1865,,BNS,14.9,68,57,62,4.12,16,8.5
B1866,,KR,16.2,57,43,50,3.18,0,0
B1867,,KR,17.5,55,40,47,3.04,0,0
B1868,,KR,16.4,52,38,45,2.61,0,0
B1869,,KR,14.4,53,47,50,2.83,0,0
B1870,,MR,15,58,48,53,3.31,0,0
B1871,,BNS,21.6,77,52,64,6.95,0,0
B1872,,MR,19.5,61,51,56,4.8,0,0
B1873,,KR,20,64,48,56,4.93,0,0
B1874,,MR,23.6,58,45,51,4.82,0,0
B1875,,KR,21.6,62,51,56,5.32,0,0
B1876,,KR,20,54,41,47,3.47,0,0
B1877,,KR,15,62,43,52,3.19,0,0
B1878,,BNS,19.4,58,40,49,3.66,0,0
B1879,,KR,14,73,52,62,4.23,0,0
B1880,,KR,16.2,61,43,52,3.44,0,0
B1881,,MR,16.7,56,40,48,2.86,10,5.5
B1882,,BNS,13,56,47,51,2.19,19,17.7
B1883,,KR,11.8,82,66,74,5.08,0,0
B1884,,KR,23.1,82,59,70,8.66,10,2.6
B1885,,MR,18.4,62,49,55,4.37,0,0
B1886,,MR,15.3,61,50,55,3.64,0,0
B1887,,KR,11.6,51,40,45,1.84,0,0
B1888,,KR,17.2,64,52,58,4.54,0,0
B1889,,MR,18.2,55,45,50,3.57,0,0
B1890,,KR,18.3,62,46,54,4.19,0,0
B1891,,KR,21.4,56,44,50,4.2,0,0
B1892,,KR,16.6,64,47,55,3.94,0,0
B1893,,KR,19.8,59,46,52,3.76,15,10.6
B1894,,KR,17,62,43,52,3.61,0,0
B1895,,KR,8.8,72,56,64,2.66,14,6.1
B1896,,KR,16.7,59,43,51,3.41,0,0
B1897,,KR,10.3,60,54,57,2.63,0,0
B1898,,MR,15.9,58,45,51,3.25,0,0
B1899,,KR,18.6,66,48,57,4.75,0,0
B1900,,BNS,20.9,75,54,64,6.72,0,0
B1901,,MR,14.5,63,52,57,3.7,0,0
B1902,,MB,14.5,71,63,67,4.79,15,6.4
B1903,,BNS,15.3,64,52,58,3.49,19,13.7
B1904,,MB,20.7,69,54,61,6.05,0,0
B1905,,MR,15.6,61,48,54,3.57,0,0
B1906,,MR,21,63,47,55,4.99,0,0
B1907,,MR,17.1,64,55,59,4.68,0,0
B1908,,KR,16.5,74,56,65,5.48,0,0
B1909,,KR,12.6,57,43,50,2.47,0,0
B1910,,KR,10.7,67,54,60,3.03,0,0
B1911,,KR,12.8,66,57,61,3.74,0,0
B1912,,MR,12.1,63,54,58,3.2,0,0
B1913,,MR,22.3,60,46,53,4.35,16,11.6
B1914,,MR,18.8,79,70,74,8.09,0,0
B1915,,MR,23.3,72,58,65,7.73,0,0
B1916,,KR,18.7,70,58,64,6.02,0,0
B1917,,MR,18,55,44,49,3.39,0,0
B1918,,KR,21.3,74,52,63,6.64,0,0
B1919,,MR,14.7,58,42,50,2.89,0,0
B1920,,MR,16.4,62,49,55,3.9,0,0
B1921,,KR,19,55,41,48,3.44,0,0
B1922,,MR,15.9,68,53,60,3.86,20,14.1
B1923,,KR,15.7,71,49,60,4.44,0,0
B1924,,KR,14.8,75,55,65,4.91,0,0
B1925,,MR,19.9,67,50,58,5.26,0,0
B1926,,KR,14.3,55,44,49,2.7,0,0
B1927,,KR,16.3,58,45,51,3.33,0,0
B1928,,KR,14.8,64,41,52,3.14,0,0
B1929,,KR,14.6,59,42,50,2.87,0,0
B1930,,KR,15.8,57,41,49,2.98,0,0
B1931,,KR,16,54,44,49,3.02,0,0
B1932,,KR,16.4,60,49,54,3.52,12,6.3
B1933,,BNS,17.3,64,45,54,3.96,0,0
B1934,,KR,19,79,51,65,6.3,0,0
B1935,,KR,20.6,64,43,53,4.54,0,0
B1936,,KR,17.7,73,47,60,5,0,0
B1937,,KR,17.4,71,51,61,5.09,0,0
B1938,,KR,17.5,54,41,47,3.04,0,0
B1939,,KR,17.8,63,45,54,4.08,0,0
B1940,,KR,19.8,67,49,58,5.23,0,0
B1941,,MR,17.4,75,58,66,5.95,0,0
B1942,,BNS,13.2,56,44,50,2.21,17,14.7
B1943,,BNS,11.8,57,49,53,2.22,18,14.7
B1944,,BNS,13.1,56,45,50,2.15,18,16.5
B1945,,MR,16.9,58,41,49,3.19,0,0
B1946,,KR,12.1,71,59,65,3.43,22,14.6
B1947,,KR,12.5,56,40,48,2.26,0,0
B1948,,BNS,15.1,64,51,57,3.25,20,15.7
B1949,,BNS,16.6,69,61,65,5.13,15,6.8
B1950,,MR,19.3,81,62,71,7.64,0,0
B1951,,MR,9.8,66,59,62,2.86,10,3.3
B1952,,BNS,14.1,61,56,58,3.58,10,3.8
B1953,,MR,18,70,47,58,4.76,0,0
B1954,,MR,15.6,69,60,64,5.02,0,0
B1955,,KR,20.6,69,40,54,4.72,0,0
B1956,,KR,16.3,77,63,70,6.27,0,0
B1957,,BNS,15.9,63,44,53,2.99,18,14.7
B1958,,MR,12.9,66,57,61,3.77,0,0
B1959,,MR,17.6,87,66,76,7.98,0,0
B1960,,KR,18,78,48,63,5.61,0,0
B1961,,KR,15,77,58,67,5.29,0,0
B1962,,MR,14.9,61,53,57,3.8,0,0
B1963,,KR,16.8,59,43,51,3.43,0,0
B1964,,MR,13,57,48,52,2.76,0,0
B1965,,BNS,14.3,67,53,60,3.84,12,5.1
B1966,,MR,20.9,65,46,55,4.97,0,0
B1967,,BNS,16.7,64,47,55,3.97,0,0
B1968,,MR,16.2,58,50,54,3.71,0,0
B1969,,MR,16.8,79,62,70,6.47,0,0
B1970,,MR,15.5,56,46,51,3.17,0,0
B1971,,MR,15.3,62,50,56,3.77,0,0
B1972,,MR,16.6,65,48,56,3.76,14,8
B1973,,KR,15.1,66,50,58,3.99,0,0
B1974,,BNS,14.6,57,45,51,2.98,0,0
B1975,,MR,17.9,77,58,67,6.31,0,0
B1976,,MR,19.3,66,50,58,5.1,0,0
B1977,,KR,17.5,63,48,55,4.16,0,0
B1978,,BNS,15.1,57,41,49,2.85,0,0
B1979,,KR,15.5,59,45,52,3.29,0,0
B1980,,KR,11.9,67,55,61,3.48,0,0
B1981,,KR,15,64,46,55,3.56,0,0
B1982,,KR,15.4,65,53,59,4.21,0,0
B1983,,KR,15.4,63,45,54,2.78,22,21.1
B1984,,KR,19.2,86,68,77,8.94,0,0
B1985,,KR,14.6,67,44,55,3.47,0,0
B1986,,KR,16.3,63,41,52,3.46,0,0
B1987,,KR,15.1,66,50,58,3.99,0,0
B1988,,KR,17.7,60,45,52,3.76,0,0
B1989,,KR,17.8,65,46,55,3.59,19,15.2
B1990,,KR,18.8,67,47,57,4.8,0,0
B1991,,KR,17.5,61,43,52,3.72,0,0
B1992,,KR,13.7,53,40,46,2.28,0,0
B1993,,KR,15.8,71,52,61,4.62,0,0
B1994,,KR,20,65,45,55,4.75,0,0
B1995,,MR,18.4,71,48,59,5.03,0,0
B1996,,BNS,16.3,57,50,53,3.6,0,0
B1997,,MR,19.8,73,54,63,6.17,0,0
B1998,,KR,12.6,57,42,49,2.38,0,0
B1999,,KR,14.6,60,47,53,3.22,0,0
B2000,,KR,15.6,59,40,49,2.94,0,0
B2001,,KR,18,73,57,65,5.97,0,0
B2002,,KR,17.3,67,47,57,4.41,0,0
B2003,,KR,22,71,54,62,6.64,0,0
B2004,,KR,16.5,55,43,49,3.11,0,0
B2005,,KR,20.8,68,45,56,5.12,0,0
B2006,,KR,17.5,58,39,48,3.17,0,0
B2007,,KR,15.4,50,46,48,2.79,0,0
B2008,,KR,18.1,72,50,61,5.29,0,0
B2009,,KR,19.5,71,49,60,5.51,0,0
B2010,,KR,17.7,72,51,61,5.17,0,0
B2011,,MRS,12.8,62,51,56,2.87,15,9.1
B2012,,KR,20.6,81,48,64,6.63,0,0
B2013,,MB,16.7,77,55,66,5.71,0,0
B2014,,MR,11.5,70,59,64,3.7,0,0
B2015,,MR,16.2,81,69,75,7.16,0,0
B2016,,MR,22.8,77,43,60,6.45,0,0
B2017,,MR,16.3,70,52,61,4.76,0,0
B2018,,MR,13.7,77,59,68,4.98,0,0
B2019,,MR,12.6,61,54,57,3.22,0,0
B2020,,MR,12.3,95,67,81,6.34,0,0
B2021,,KR,16,67,46,56,3.78,10,4.1
B2022,,KR,18,74,49,61,5.26,0,0
B2023,,KR,17.6,67,54,60,4.98,0,0
B2024,,KR,14.7,52,43,47,2.55,0,0
B2025,,KR,17.7,81,58,69,6.62,0,0
B2026,,MR,12.3,68,55,61,3.59,0,0
B2027,,KR,16.2,73,55,64,4.57,20,12.4
B2028,,KR,16.7,64,43,53,3.68,0,0
B2029,,KR,11.5,90,82,86,6.68,0,0
B2030,,MR,11.9,81,66,73,4.98,0,0
B2031,,KR,23.6,74,62,68,8.57,0,0
B2032,,KR,17.5,84,63,73,7.32,0,0
B2033,,KR,21.4,76,61,68,7.77,0,0
B2034,,KR,21.6,69,50,59,5.91,0,0
B2035,,KR,22.9,62,43,52,4.86,0,0
B2036,,MR,21.3,68,53,60,6.02,0,0
B2037,,MR,14.8,59,45,52,3.14,0,0
B2038,,MR,23.5,59,44,51,4.8,0,0
B2039,,MR,15.2,60,47,53,3.35,0,0
B2040,,BNS,18.1,70,54,62,5.2,12,4.8
B2041,,MR,21.4,72,46,59,5.85,0,0
B2042,,MR,18,61,44,52,3.82,0,0
B2043,,KR,18.6,59,43,51,3.8,0,0
B2044,,KR,15,62,44,53,3.31,0,0
B2045,,MR,13,55,45,50,2.55,0,0
B2046,,KR,16.4,55,45,50,3.22,0,0
B2047,,MR,14.9,59,50,54,3.41,0,0
B2048,,BNS,17,71,58,64,5.18,13,5.3
B2049,,BNS,12.2,60,49,54,2.67,10,4.4
B2050,,KR,19.5,77,56,66,6.67,0,0
B2051,,KR,22.1,75,67,71,8.75,0,0
B2052,,KR,22,77,61,69,8.23,0,0
B2053,,KR,15.4,55,40,47,2.67,0,0
B2054,,BNS,16.5,62,47,54,3.78,0,0
B2055,,KR,17.7,66,48,57,4.52,0,0
B2056,,KR,16.7,61,46,53,3.68,0,0
B2057,,BNS,13.7,58,48,53,3.02,0,0
B2058,,MR,11.8,57,47,52,2.51,0,0
B2059,,KR,13,68,51,59,3.55,0,0
B2060,,BNS,13.2,54,42,48,2.39,0,0
B2061,,BNS,15.6,57,49,53,3.22,12,6.5
B2062,,BNS,20.4,64,52,58,5.39,0,0
B2063,,BNS,13.4,73,61,67,4.29,18,9.2
B2064,,BNS,18.6,55,39,47,3.23,0,0
B2065,,MR,17.1,58,50,54,3.92,0,0
B2066,,MR,19.8,67,54,60,5.6,0,0
B2067,,MR,14,64,48,56,3.45,0,0
B2068,,MR,17.6,68,50,59,4.81,0,0
B2069,,MB,20.5,75,58,66,7.01,0,0
B2070,,MR,18.9,85,64,74,8.13,0,0
B2071,,MR,15.6,64,62,63,4.86,0,0
B2072,,MR,18.3,63,52,57,4.67,0,0
B2073,,MR,19.4,65,51,58,5.13,0,0
B2074,,MR,21.9,77,51,64,7.05,0,0
B2075,,BNS,14.1,58,50,54,3.23,0,0
B2076,,MR,13.2,56,44,50,2.59,0,0
B2077,,BNS,17.7,54,43,48,3.03,10,5.5
B2078,,KR,19.8,68,43,55,4.7,0,0
B2079,,KR,23.2,74,48,61,6.78,0,0
B2080,,BNS,16.7,63,55,59,4.57,0,0
B2081,,KR,18.4,50,40,45,2.93,0,0
B2082,,KR,19,71,51,61,5.55,0,0
B2083,,MRS,20.8,86,65,75,9.19,0,0
B2084,,KR,18.4,67,48,57,4.7,0,0
B2085,,BNS,18,72,52,62,5.08,14,6.5
B2086,,MRS,18.9,56,44,50,3.71,0,0
B2087,,KR,17.7,65,50,57,4.52,0,0
B2088,,MR,14.2,65,53,59,3.88,0,0
B2089,,BNS,14.1,55,42,48,2.55,0,0
B2090,,MR,13.6,65,56,60,3.85,0,0
B2091,,MR,10.5,57,50,53,2.19,11,5.5
B2092,,BNS,20.2,72,50,61,5.9,0,0
B2093,,KR,17.9,66,60,63,5.36,11,3.9
B2094,,KR,21.2,70,57,63,6.61,0,0
B2095,,MR,9.4,55,46,50,1.85,0,0
B2096,,BNS,15,71,63,67,4.43,24,16.3
B2097,,BNS,14.7,57,47,52,3.12,0,0
B2098,,KR,15.9,66,51,58,4.2,0,0
B2099,,KR,22.6,67,44,55,5.37,0,0
B2100,,KR,20.3,65,41,53,4.48,0,0
B2101,,KR,23.4,65,48,56,5.76,0,0
B2102,,KR,17,58,42,50,3.34,0,0
B2103,,KR,16.7,60,47,53,3.68,0,0
B2104,,KR,16.7,57,44,50,3.28,0,0
B2105,,KR,19.5,56,42,49,3.68,0,0
B2106,,MR,18.2,64,52,58,4.81,0,0
B2107,,MR,14.6,61,46,53,3.22,0,0
B2108,,BNS,13.2,65,56,60,3.35,17,10.2
B2109,,BNS,17.6,51,41,46,2.92,0,0
B2110,,BNS,15.6,63,50,56,3.62,12,5.8
B2111,,BNS,18.8,74,57,65,6.05,10,3
B2112,,MR,19.8,61,50,55,4.7,0,0
B2113,,MR,11.4,55,48,51,2.21,10,4.9
B2114,,MB,13.2,55,45,50,2.59,0,0
B2115,,BNS,17.7,65,49,57,3.94,18,12.7
B2116,,MR,13.8,65,49,57,3.52,0,0
B2117,,MR,15.7,56,42,49,2.96,0,0
B2118,,BNS,18.2,55,42,48,2.64,19,19.9
B2119,,MR,15.7,56,43,49,2.96,0,0
B2120,,MR,16.9,57,46,51,3.45,0,0
B2121,,MR,21.7,70,55,62,6.55,0,0
B2122,,MR,15.7,58,45,51,3.21,0,0
B2123,,MR,17.4,59,46,52,3.7,0,0
B2124,,MR,15.1,58,47,52,3.21,0,0
B2125,,MR,15.2,59,46,52,3.23,0,0
B2126,,BNS,13.9,55,45,50,2.73,0,0
B2127,,KR,23.3,75,53,64,7.5,0,0
B2128,,BNS,16.1,81,66,73,5.29,30,21.5
B2129,,BNS,20.1,69,53,61,5.36,16,8.8
B2130,,MR,18.1,75,53,64,5.82,0,0
B2131,,BNS,17.8,62,58,60,3.54,29,29.7
B2132,,MR,17.1,57,50,53,3.77,0,0
B2133,,KR,23.3,64,49,56,5.74,0,0
B2134,,KR,18.8,56,40,48,3.4,0,0
B2135,,KR,18.7,65,44,54,4.28,0,0
B2136,,KR,13.1,69,57,63,4.08,0,0
B2137,,MR,16.2,59,41,50,3.18,0,0
B2138,,BNS,15.7,56,44,50,3.08,0,0
B2139,,MR,20.8,77,58,67,7.33,0,0
B2140,,MB,20,67,50,58,5.28,0,0
B2141,,BNS,17.1,66,57,61,4.44,18,11.1
B2142,,MR,22.2,61,47,54,4.76,12,6.3
B2143,,MR,16.8,57,43,50,3.3,0,0
B2144,,MR,20,60,45,52,4.25,0,0
B2145,,KR,11.9,93,74,83,6.17,15,4.2
B2146,,KR,18.4,54,39,46,3.06,0,0
B2147,,KR,19.1,66,48,57,4.87,0,0
B2148,,KR,21.6,72,58,65,7.17,0,0
B2149,,KR,13.3,63,58,60,3.76,0,0
B2150,,KR,12,58,55,56,2.96,0,0
B2151,,KR,14,51,43,47,2.43,0,0
B2152,,KR,19.7,60,48,54,4.31,10,4.4
B2153,,KR,18.2,61,41,51,3.72,0,0
B2154,,KR,20.1,69,46,57,5.13,0,0
B2155,,KR,20.3,87,65,76,9.21,0,0
B2156,,MR,15.5,60,51,55,3.68,0,0
B2157,,KR,11.6,50,40,45,1.84,0,0
B2158,,KR,19.3,72,45,58,5.1,0,0
B2159,,KR,9.9,77,58,67,3.49,0,0
B2160,,MR,17.9,71,57,64,5.76,0,0
B2161,,MR,21,66,52,59,5.74,0,0
B2162,,BNS,15.1,84,72,78,7.22,0,0
B2163,,BNS,8.1,68,58,63,2.52,0,0
B2164,,BNS,15.5,74,62,68,5.07,19,9.9
B2165,,BNS,14.5,63,54,58,3.31,19,13.7
B2166,,MB,9,55,49,52,1.91,0,0
B2167,,KR,16.3,61,43,52,3.46,0,0
B2168,,MB,12.3,72,58,65,3.84,14,5.9
B2169,,KR,15.8,51,38,44,2.4,0,0
B2170,,BNS,14.4,55,38,46,2.39,0,0
B2171,,BNS,10.3,66,57,61,2.89,11,4.1
B2172,,BNS,14.8,56,45,50,2.76,10,5.1
B2173,,KR,17,57,38,47,2.95,0,0
B2174,,KR,19,57,38,47,3.3,0,0
B2175,,KR,14.8,61,42,51,3.02,0,0
B2176,,KR,19.6,63,46,54,4.16,13,7.4
B2177,,KR,16.5,84,65,74,7.1,0,0
B2178,,KR,16.9,57,40,48,3.06,0,0
B2179,,KR,15.4,62,52,57,3.93,0,0
B2180,,KR,14,51,39,45,2.23,0,0
B2181,,KR,13.7,64,57,60,3.87,0,0
B2182,,KR,12.7,72,63,67,4.48,0,0
B2183,,BNS,18.2,55,47,51,3.72,0,0
B2184,,BNS,16.2,52,44,48,2.35,19,19.9
B2185,,MR,17.4,70,64,67,6.13,0,0
B2186,,BNS,12.8,57,43,50,2.22,15,11.5
B2187,,KR,19.2,57,41,49,3.62,0,0
B2188,,BNS,16.6,56,48,52,3.15,15,10.6
B2189,,MR,16.2,68,56,62,4.89,0,0
B2190,,BNS,14,52,43,47,2.11,15,13
B2191,,MB,17.8,70,50,60,5.03,0,0
B2192,,MR,15.6,59,47,53,3.44,0,0
B2193,,MR,21.1,61,44,52,4.48,0,0
B2194,,KR,9.1,64,58,61,2.66,0,0
B2195,,KR,10.1,90,64,77,4.7,0,0
B2196,,KR,16.2,71,52,61,4.73,0,0
B2197,,KR,12.1,71,53,62,3.65,0,0
B2198,,KR,11.5,58,52,55,2.27,20,16.8
B2199,,MR,15.9,69,57,63,4.96,0,0
B2200,,KR,19.2,56,47,51,3.43,16,12.5
B2201,,KR,17.3,60,46,53,3.82,0,0
B2202,,KR,19.6,64,44,54,4.49,0,0
B2203,,BNS,14.8,53,42,47,2.03,19,20.8
B2204,,KR,12.6,73,65,69,4.71,0,0
B2205,,KR,14.9,59,48,53,3.29,0,0
B2206,,KR,13.3,58,42,50,2.48,10,5.1
B2207,,KR,13.2,55,41,48,2.39,0,0
B2208,,KR,17,52,39,45,2.7,0,0
B2209,,KR,22.1,82,62,72,9,0,0
B2210,,KR,16.9,64,43,53,3.73,0,0
B2211,,BNS,16.3,70,55,62,4.92,0,0
B2212,,BNS,14.9,65,55,60,3.67,19,12.8
B2213,,MB,14.5,72,56,64,4.09,20,12.4
B2214,,BNS,14.8,54,42,48,2.68,0,0
B2215,,MR,12.4,55,46,50,2.43,0,0
B2216,,KR,19.2,76,59,67,6.77,0,0
B2217,,KR,18,79,55,67,6.35,0,0
B2218,,MR,18.6,77,53,65,6.17,0,0
B2219,,KR,14.7,55,40,47,2.55,0,0
B2220,,KR,17.3,72,49,60,4.89,0,0
B2221,,KR,15.9,80,51,65,5.28,0,0
B2222,,MR,18.7,87,70,78,8.94,0,0
B2223,,MR,19.5,55,45,50,3.83,0,0
B2224,,BNS,20.9,77,54,65,6.94,0,0
B2225,,KR,15.1,66,49,57,3.85,0,0
B2226,,KR,22.1,66,42,54,5.06,0,0
B2227,,KR,18.7,67,54,60,5.1,10,3.5
B2228,,KR,12.9,55,45,50,2.53,0,0
B2229,,BNS,15.5,71,54,62,4.53,10,3.3
B2230,,MB,17.2,64,54,59,4.7,0,0
B2231,,MR,17.8,68,49,58,4.7,0,0
B2232,,MR,17,65,52,58,4.49,0,0
B2233,,MR,14.7,55,45,50,2.89,0,0
B2234,,KR,16.5,54,40,47,2.86,0,0
B2235,,MR,16.7,57,46,51,3.41,0,0
B2236,,MR,15.1,61,51,56,3.72,0,0
B2237,,KR,18.5,63,43,53,4.08,0,0
B2238,,KR,16,57,43,50,3.14,0,0
B2239,,KR,18.1,57,35,46,3.01,0,0
B2240,,KR,13.6,66,47,56,3.35,0,0
B2241,,KR,18,67,49,58,4.76,0,0
B2242,,MR,16.4,55,49,52,3.48,0,0
B2243,,MB,14.3,59,51,55,3.4,0,0
B2244,,MR,16,65,49,57,4.08,0,0
B2245,,MR,11.3,72,68,70,3.9,20,10.4
B2246,,KR,20.6,68,52,60,5.82,0,0
B2247,,KR,17.5,77,57,67,6.17,0,0
B2248,,MR,14.3,83,60,71,5.49,11,3.1
B2249,,MR,15.4,61,47,54,3.13,16,11.2
B2250,,KR,16,65,43,54,3.66,0,0
B2251,,KR,17.2,74,51,62,5.19,0,0
B2252,,KR,17.9,61,43,52,3.8,0,0
B2253,,KR,17.3,57,44,50,3.4,0,0
B2254,,KR,14.2,68,47,57,3.62,0,0
B2255,,MR,20.1,62,53,57,5.13,0,0
B2256,,MR,19.3,68,48,58,5.1,0,0
B2257,,MR,18,56,45,50,3.53,0,0
B2258,,MR,18.4,62,51,56,4.53,0,0
B2259,,BNS,16.5,64,49,56,4.06,0,0
B2260,,MR,15.6,58,45,51,3.19,0,0
B2261,,KR,18.2,59,48,53,4.02,0,0
B2262,,KR,17.9,61,45,53,3.95,0,0
B2263,,KR,18,86,73,79,8.82,0,0
B2264,,MB,18.3,61,49,55,4.35,0,0
B2265,,MR,16.3,63,46,54,3.73,0,0
B2266,,MB,14,56,44,50,2.75,0,0
B2267,,MR,14.9,61,49,55,3.54,0,0
B2268,,KR,17.7,70,46,58,4.68,0,0
B2269,,BNS,14,61,48,54,2.75,18,14.1
B2270,,BNS,17.7,58,44,51,3.04,18,15.9
B2271,,MR,23.7,95,67,81,12.21,0,0
B2272,,MR,22.4,65,45,55,5.32,0,0
B2273,,KR,18.2,64,48,56,4.48,0,0
B2274,,BNS,15.7,62,50,56,3.17,21,17.9
B2275,,BNS,15,58,45,51,2.73,15,11
B2276,,MR,21.5,72,55,63,6.7,0,0
B2277,,KR,17.5,61,46,53,3.86,0,0
B2278,,MB,13.7,64,57,60,3.68,12,5.1
B2279,,MR,18,74,54,64,5.33,16,8
B2280,,BNS,14.3,60,46,53,3.15,0,0
B2281,,MR,16.8,55,40,47,2.91,0,0
B2282,,KR,15.5,57,39,48,2.8,0,0
B2283,,KR,21.4,58,40,49,4.04,0,0
B2284,,KR,17.8,53,39,46,2.96,0,0
B2285,,KR,23,68,51,59,6.29,0,0
B2286,,KR,11.8,67,54,60,3.19,11,4.3
B2287,,KR,15.8,59,49,54,3.62,0,0
B2288,,KR,18.1,63,40,51,3.7,0,0
B2289,,KR,23,76,57,66,7.12,18,9.5
B2290,,KR,21.5,60,38,49,4.05,0,0
B2291,,KR,23.7,72,52,62,7.16,0,0
B2292,,KR,14.7,53,40,46,2.15,14,11.8
B2293,,MB,17.5,70,53,61,4.48,19,12.4
B2294,,MR,16.8,58,42,50,3.3,0,0
B2295,,MR,16.7,63,51,57,4.1,10,3.9
B2296,,MR,22.2,59,42,50,4.36,0,0
B2297,,MR,16.5,70,55,62,4.98,0,0
B2298,,MR,15.8,55,42,48,2.86,0,0
B2299,,MR,19.4,93,78,85,10.15,21,7.8
B2300,,BNS,17,94,71,82,8.55,16,4.8
B2301,,MR,17,68,58,63,5.3,0,0
B2302,,MR,18.8,66,50,58,4.97,0,0
B2303,,MR,18.7,80,64,72,7.61,0,0
B2304,,KR,20.6,81,53,67,7.26,0,0
B2305,,KR,20.5,71,47,59,5.6,0,0
B2306,,MR,15.2,61,50,55,3.61,0,0
B2307,,KR,15.9,65,48,56,3.92,0,0
B2308,,BNS,15.2,69,63,66,5.2,0,0
B2309,,MR,15.6,63,53,58,4.12,0,0
B2310,,BNS,14.4,65,53,59,3.94,0,0
B2311,,KR,15.2,63,46,54,3.48,0,0
B2312,,BNS,13.9,65,51,58,3.36,15,8.5
B2313,,KR,14.4,63,50,56,3.55,0,0
B2314,,BNS,16.5,59,42,50,3.24,0,0
B2315,,KR,13.9,51,42,46,2.31,0,0
B2316,,BNS,13.2,66,51,58,3.49,0,0
B2317,,KR,13.5,57,43,50,2.65,0,0
B2318,,MR,12.9,55,45,50,2.53,0,0
B2319,,KR,15.5,65,56,60,4.19,11,4.3
B2320,,KR,18.1,66,48,57,4.62,0,0
B2321,,KR,20.3,61,44,52,4.31,0,0
B2322,,MR,12,66,47,56,2.96,0,0
B2323,,KR,12.7,51,40,45,2.02,0,0
B2324,,KR,14,56,45,50,2.75,0,0
B2325,,KR,15.9,60,47,53,3.51,0,0
B2326,,KR,19.9,63,42,52,4.23,0,0
B2327,,KR,16.7,56,41,48,3.02,0,0
B2328,,KR,15.9,65,49,57,4.06,0,0
B2329,,KR,17.5,61,48,54,4.01,0,0
B2330,,KR,18.5,57,44,50,3.63,0,0
B2331,,KR,18.8,77,52,64,6.05,0,0
B2332,,KR,16.7,64,55,59,4.57,0,0
B2333,,BNS,18.4,93,76,84,9.61,18,5.8
B2334,,MR,19.5,54,46,50,3.83,0,0
B2335,,KR,17.3,76,48,62,5.22,0,0
B2336,,KR,18.3,69,48,58,4.84,0,0
B2337,,KR,19,60,46,53,4.19,0,0
B2338,,MR,19.4,61,50,55,4.61,0,0
B2339,,KR,13.3,73,63,68,4.83,0,0
B2340,,KR,12.3,85,71,78,5.88,0,0
B2341,,MR,15.5,63,51,57,3.96,0,0
B2342,,KR,17.2,57,42,49,3.24,0,0
B2343,,KR,14.9,60,50,55,3.54,0,0
B2344,,KR,21.6,66,42,54,4.95,0,0
B2345,,KR,14.4,61,52,56,3.55,0,0
B2346,,MR,20.9,82,58,70,8.04,0,0
B2347,,BNS,16.7,59,46,52,3.55,0,0
B2348,,KR,20.3,77,52,64,6.53,0,0
B2349,,KR,17.2,60,42,51,3.51,0,0
B2350,,KR,15.4,58,44,51,3.15,0,0
B2351,,KR,17.3,73,44,58,4.57,0,0
B2352,,BNS,12.9,66,57,61,3.77,0,0
B2353,,BNS,17.1,61,43,52,3.63,0,0
B2354,,KR,19.7,63,42,52,4.18,0,0
B2355,,KR,18.4,80,56,68,6.68,0,0
B2356,,KR,18.7,77,64,70,7.2,0,0
B2357,,KR,14,66,53,59,3.83,0,0
B2358,,KR,21.2,72,55,63,6.61,0,0
B2359,,MR,18.3,61,49,55,4.35,0,0
B2360,,MR,19.2,69,56,62,5.8,0,0
B2361,,MR,17.5,65,44,54,4.01,0,0
B2362,,BNS,19,50,40,45,2.83,10,6.3
B2363,,KR,22.6,66,48,57,5.77,0,0
B2364,,KR,22.8,88,53,70,8.77,0,0
B2365,,KR,20.4,73,44,58,5.39,0,0
B2366,,KR,13.1,68,61,64,3.64,21,13.7
B2367,,KR,17.6,69,51,60,4.98,0,0
B2368,,MR,14.2,78,68,73,5.94,0,0
B2369,,MR,16.7,77,61,69,6.24,0,0
B2370,,KR,22.3,64,42,53,4.92,0,0
B2371,,MR,17,59,42,50,3.34,0,0
B2372,,KR,18.2,58,42,50,3.57,0,0
B2373,,KR,16.9,58,37,47,2.93,0,0
B2374,,KR,21.7,71,47,59,5.93,0,0
B2375,,KR,19.8,64,48,56,4.88,0,0
B2376,,KR,17.6,55,39,47,3.05,0,0
B2377,,KR,17.1,69,51,60,4.83,0,0
B2378,,KR,20,66,47,56,4.93,0,0
B2379,,KR,17.3,67,50,58,4.57,0,0
B2380,,KR,13.4,59,40,49,2.53,0,0
B2381,,KR,19.4,65,46,55,4.61,0,0
B2382,,KR,17,56,40,48,3.08,0,0
B2383,,KR,18.6,57,46,51,3.8,0,0
B2384,,MB,17.3,82,63,72,7.04,0,0
B2385,,BNS,16.3,61,47,54,3.73,0,0
B2386,,BNS,16.6,61,49,55,3.94,0,0
B2387,,MR,16.9,55,40,47,2.93,0,0
B2388,,MR,18.2,54,40,47,3.16,0,0
B2389,,MB,18.9,60,44,52,4.01,0,0
B2390,,BNS,13.9,60,51,55,3.3,0,0
B2391,,MR,13.2,61,50,55,2.88,14,8.2
B2392,,BNS,17.2,64,50,57,3.63,21,17.3
B2393,,BNS,16.1,62,50,56,3.04,24,23.4
B2394,,MR,15.5,56,40,48,2.8,0,0
B2395,,BNS,14.2,50,35,42,1.83,10,7.2
B2396,,BNS,12.9,55,40,47,1.95,15,13
B2397,,MR,10.2,57,49,53,2.25,0,0
B2398,,BNS,15.4,59,41,50,3.02,0,0
B2399,,MR,15.5,54,43,48,2.8,0,0
B2400,,MR,19.8,56,40,48,3.58,0,0
B2401,,BNS,13.6,62,53,57,3.47,0,0
B2402,,BNS,15.7,60,48,54,2.97,20,17.5
B2403,,MR,18.7,66,53,59,5.11,0,0
B2404,,KR,18.6,55,40,47,3.23,0,0
B2405,,KR,12.4,70,62,66,4.24,0,0
B2406,,KR,17.9,55,40,47,3.11,0,0
B2407,,MR,20.3,58,45,51,4.15,0,0
B2408,,MR,17,66,50,58,4.49,0,0
B2409,,BNS,19.1,57,43,50,3.75,0,0
B2410,,MB,15.2,57,48,52,2.42,23,24.9
B2411,,BNS,16.4,50,42,46,2.73,0,0
B2412,,BNS,15.3,62,50,56,3.16,20,16.2
B2413,,KR,21.1,74,50,62,6.37,0,0
B2414,,KR,21.3,67,46,56,5.25,0,0
B2415,,KR,14.6,52,37,44,2.22,0,0
B2416,,KR,13.3,70,54,62,4.02,0,0
B2417,,KR,14,54,40,47,2.43,0,0
B2418,,BNS,12.2,64,51,57,3.11,0,0
B2419,,KR,18.8,61,48,54,4.31,0,0
B2420,,KR,16,59,45,52,3.17,12,6.8
B2421,,KR,18.1,70,51,60,5.12,0,0
B2422,,KR,15.7,56,38,47,2.72,0,0
B2423,,KR,15.6,56,43,49,2.94,0,0
B2424,,KR,19.6,66,41,53,4.32,0,0
B2425,,KR,16,57,38,47,2.78,0,0
B2426,,KR,14.1,55,42,48,2.55,0,0
B2427,,KR,11.9,50,42,46,1.98,0,0
B2428,,KR,16.5,64,44,54,3.78,0,0
B2429,,KR,16.9,56,38,47,2.93,0,0
B2430,,KR,19,63,45,54,4.12,11,5.3
B2431,,KR,14.4,53,38,45,2.01,14,12.3
B2432,,KR,17.3,51,38,44,2.63,0,0
B2433,,MR,13.2,63,48,55,3.14,0,0
B2434,,KR,17.9,59,48,53,3.95,0,0
B2435,,KR,18.8,58,40,49,3.55,0,0
B2436,,KR,20.1,64,45,54,4.6,0,0
B2437,,KR,16.4,60,41,50,3.22,0,0
B2438,,KR,16.6,53,41,47,2.6,13,9.7
B2439,,MB,16.3,74,62,68,5.75,10,2.8
B2440,,BNS,17.7,65,52,58,4.68,0,0
B2441,,BNS,14.8,76,62,69,5.53,0,0
B2442,,MB,16.9,75,61,68,6.14,0,0
B2443,,MR,18.1,72,61,66,6.19,0,0
B2444,,MR,12.7,82,74,78,6.07,0,0
B2445,,MR,16.7,61,46,53,3.68,0,0
B2446,,MR,17.7,64,49,56,4.36,0,0
B2447,,BNS,15.5,52,40,46,2.31,13,10.2
B2448,,MR,17.7,84,67,75,7.82,0,0
B2449,,MR,19,85,66,75,8.2,10,2.3
B2450,,MR,16.4,57,47,52,3.48,0,0
B2451,,MR,17,68,53,60,4.81,0,0
B2452,,KR,18.3,63,46,54,4.19,0,0
B2453,,KR,20.5,71,47,59,5.6,0,0
B2454,,KR,18.4,66,48,57,4.7,0,0
B2455,,KR,15.2,72,56,64,4.89,0,0
B2456,,KR,17.3,71,50,60,4.89,0,0
B2457,,KR,20.7,66,54,60,5.85,0,0
B2458,,MR,19.6,55,45,50,3.85,0,0
B2459,,KR,16.9,62,49,55,4.02,0,0
B2460,,KR,10.6,91,70,80,5.33,0,0
B2461,,KR,21.4,65,49,57,5.46,0,0
B2462,,MR,21.6,69,53,61,6.31,0,0
B2463,,KR,20.7,66,42,54,4.74,0,0
B2464,,MRS,22,80,52,66,7.53,0,0
B2465,,BNS,15,55,46,50,2.73,12,7.3
B2466,,BNS,17.9,64,47,55,4.25,0,0
B2467,,MR,13.8,63,52,57,3.12,17,11.3
B2468,,KR,12.3,68,57,62,3.71,0,0
B2469,,MR,13.7,67,59,63,4.27,0,0
B2470,,MR,14.4,59,51,55,3.42,0,0
B2471,,MR,10.8,66,55,60,2.81,15,8
B2472,,MR,19.1,63,46,54,4.37,0,0
B2473,,MR,15.3,64,51,57,3.75,10,3.9
B2474,,KR,19.7,62,48,55,4.68,0,0
B2475,,BNS,15,52,48,50,2.95,0,0
B2476,,MR,15.6,74,58,66,5.34,0,0
B2477,,KR,16.9,60,44,52,3.59,0,0
B2478,,KR,13.9,52,40,46,2.31,0,0
B2479,,KR,16.3,52,39,45,2.59,0,0
B2480,,KR,15.7,55,39,47,2.72,0,0
B2481,,KR,18.1,67,50,58,4.78,0,0
B2482,,KR,19.6,66,46,56,4.83,0,0
B2483,,KR,9.3,59,50,54,2.13,0,0
B2484,,KR,13.2,54,46,50,2.59,0,0
B2485,,BNS,13.1,72,57,64,4.08,10,3.1
B2486,,MB,17,60,43,51,3.47,0,0
B2487,,MR,15.4,68,55,61,4.2,14,6.7
B2488,,MRS,20.9,67,45,56,5.15,0,0
B2489,,KR,20,68,49,58,5.28,0,0
B2490,,MR,19.5,79,52,65,6.47,0,0
B2491,,KR,19.6,67,54,60,5.54,0,0
B2492,,KR,23.9,67,47,57,6.1,0,0
B2493,,MR,17.5,59,39,49,3.3,0,0
B2494,,MRS,16.8,64,44,54,3.85,0,0
B2495,,KR,18.5,62,45,53,4.08,0,0
B2496,,KR,15.7,53,38,45,2.5,0,0
B2497,,MR,14.9,57,44,50,2.93,0,0
B2498,,KR,13.7,65,50,57,3.5,0,0
B2499,,MR,11.8,55,42,48,2.02,10,5.5
B2500,,MR,9.2,58,55,56,2.27,0,0
B2501,,KR,18.9,67,52,59,5.17,0,0
B2502,,BNS,13.6,68,55,61,3.71,14,6.7
B2503,,MR,11.3,61,49,55,2.68,0,0
B2504,,MR,10.9,55,44,49,1.95,10,5.3
B2505,,MR,21.8,55,41,48,3.94,0,0
B2506,,MR,8.6,56,50,53,1.9,0,0
B2507,,BNS,11.9,91,84,87,6.01,30,15.1
B2508,,MR,16.1,60,48,54,3.69,0,0
B2509,,MR,21.6,65,45,55,4.92,10,4.2
B2510,,MR,22.4,83,58,70,8.62,0,0
B2511,,MR,16.9,62,51,56,4.16,0,0
B2512,,KR,15.9,66,49,57,4.06,0,0
B2513,,MR,15,78,61,69,5.61,0,0
B2514,,BNS,19.8,70,59,64,6.37,0,0
B2515,,MR,13.4,62,52,57,2.94,19,14.1
B2516,,BNS,12.4,53,44,48,2.09,11,6.7
B2517,,MRS,16.7,58,45,51,3.17,12,7
B2518,,MR,13.1,67,56,61,3.53,15,7.7
B2519,,MR,20,80,53,66,6.84,0,0
B2520,,MR,14,90,65,77,6.52,0,0
B2521,,MR,13.3,55,48,51,2.58,10,4.9
B2522,,MR,20.3,81,56,68,7.37,0,0
B2523,,MR,10.9,55,45,50,2.14,0,0
B2524,,KR,12.1,60,51,55,2.87,0,0
B2525,,KR,14.4,60,50,55,3.42,0,0
B2526,,KR,19.3,80,60,70,7.43,0,0
B2527,,KR,20.5,61,50,55,4.87,0,0
B2528,,KR,20.3,61,45,53,4.02,15,10.2
B2529,,KR,20.2,74,55,64,6.5,0,0
B2530,,KR,15.9,54,45,49,3,0,0
B2531,,KR,16,63,53,58,4.23,0,0
B2532,,KR,15.6,66,50,58,4.12,0,0
B2533,,KR,18,68,45,56,4.43,0,0
B2534,,KR,12.4,57,42,49,2.34,0,0
B2535,,KR,13.6,57,43,50,2.67,0,0
B2536,,KR,18.2,67,52,59,4.98,0,0
B2537,,KR,17.1,52,39,45,2.72,0,0
B2538,,KR,15.7,52,41,46,2.61,0,0
B2539,,KR,21.9,71,55,63,5.95,20,12.8
B2540,,MR,16.3,69,53,61,4.76,0,0
B2541,,MR,14,60,50,55,3.33,0,0
B2542,,MR,16.8,54,40,47,2.91,0,0
B2543,,MR,17.3,75,56,65,5.74,0,0
B2544,,MR,18.9,56,45,50,3.71,0,0
B2545,,MR,15,59,50,54,3.18,13,7.4
B2546,,MB,15.4,68,57,62,4.65,0,0
B2547,,MB,9.7,65,55,60,2.74,0,0
B2548,,MR,12.4,59,50,54,2.71,10,4.4
B2549,,MR,13.3,55,42,48,2.41,0,0
B2550,,MR,22,68,47,57,5.39,10,3.9
B2551,,MR,15.2,60,46,53,3.35,0,0
B2552,,MR,11.3,55,48,51,2.31,0,0
B2553,,MR,16,59,46,52,3.4,0,0
B2554,,BNS,11.2,58,54,56,2.76,0,0
B2555,,MR,11,64,55,59,3.01,0,0
B2556,,MR,12.3,58,47,52,2.61,0,0
B2557,,MR,16.5,63,50,56,4.06,0,0
B2558,,MB,14.2,68,54,61,3.83,15,7.7
B2559,,MR,16.6,56,42,49,3.13,0,0
B2560,,BNS,17.2,75,70,72,6.71,13,4.2
B2561,,KR,19,69,50,59,5.19,0,0
B2562,,KR,22.9,68,51,59,6.26,0,0
B2563,,KR,19.9,102,82,92,13.23,0,0
B2564,,KR,15.2,66,49,57,3.88,0,0
B2565,,KR,16.8,68,54,61,4.91,0,0
B2566,,KR,16.8,62,42,52,3.57,0,0
B2567,,KR,17.6,67,51,59,4.81,0,0
B2568,,KR,19.2,65,40,52,4.08,0,0
B2569,,KR,15,65,59,62,4.53,0,0
B2570,,KR,14.6,68,51,59,3.99,0,0
B2571,,KR,14.4,56,39,47,2.5,0,0
B2572,,KR,17,67,50,58,4.49,0,0
B2573,,KR,18.3,84,59,71,7.25,0,0
B2574,,KR,13.8,61,47,54,3.16,0,0
B2575,,MRS,17.2,59,36,47,2.98,0,0
B2576,,KR,17.3,60,40,50,3.4,0,0
B2577,,KR,18.7,60,40,50,3.67,0,0
B2578,,KR,15,63,52,57,3.83,0,0
B2579,,BNS,8.4,63,54,58,2.22,0,0
B2580,,BNS,16.8,68,54,61,4.91,0,0
B2581,,KR,13.6,74,59,66,4.65,0,0
B2582,,KR,16.8,72,54,63,4.75,17,9.3
B2583,,KR,18.4,62,45,53,4.06,0,0
B2584,,KR,11,55,41,48,1.99,0,0
B2585,,KR,17,61,41,51,3.47,0,0
B2586,,BNS,9.2,60,54,57,2.35,0,0
B2587,,BNS,10.4,66,52,59,2.69,12,5.3
B2588,,KR,14,58,40,49,1.83,24,30.5
B2589,,BNS,13.3,60,51,55,3.16,0,0
B2590,,KR,11,55,44,49,2.07,0,0
B2591,,KR,14.1,57,44,50,2.77,0,0
B2592,,MR,13.7,56,48,52,2.91,0,0
B2593,,BNS,11,50,44,47,1.91,0,0
B2594,,BNS,15.3,53,42,47,2.65,0,0
B2595,,KR,20.7,63,44,53,4.57,0,0
B2596,,KR,16,64,49,56,3.94,0,0
B2597,,BNS,15.6,50,40,45,2.48,0,0
B2598,,KR,20.9,57,40,48,3.78,0,0
B2599,,KR,12,60,45,52,2.55,0,0
B2600,,KR,13.3,55,40,47,2.31,0,0
B2601,,KR,17.2,58,38,48,3.11,0,0
B2602,,KR,18.4,58,43,50,3.61,0,0
B2603,,KR,14.2,53,40,46,2.36,0,0
B2604,,KR,16.1,57,39,48,2.75,10,5.5
B2605,,KR,18,59,41,50,3.53,0,0
B2606,,BNS,14.7,51,40,45,2.34,0,0
B2607,,BNS,16,58,45,51,3.11,10,4.9
B2608,,KR,15.9,71,53,62,4.8,0,0
B2609,,KR,17.4,95,59,77,8.1,0,0
B2610,,KR,18.3,77,61,69,6.84,0,0
B2611,,KR,16.9,68,48,58,4.47,0,0
B2612,,KR,19.7,73,51,62,5.95,0,0
B2613,,KR,19.2,57,36,46,3.19,0,0
B2614,,KR,17.6,64,41,52,3.74,0,0
B2615,,MR,14.3,56,43,49,2.55,10,5.3
B2616,,MR,14,56,41,48,2.53,0,0
B2617,,BNS,15.4,67,51,59,4.21,0,0
B2618,,BNS,12.2,63,50,56,2.88,10,4.1
B2619,,BNS,14.3,64,52,58,3.78,0,0
B2620,,BNS,12.6,60,49,54,2.76,10,4.4
B2621,,BNS,18,53,44,48,2.74,17,16
B2622,,BNS,12.5,68,55,61,3.65,0,0
B2623,,BNS,15.2,54,37,45,2.42,0,0
B2624,,KR,16,63,39,51,3.27,0,0
B2625,,KR,16.6,61,42,51,3.39,0,0
B2626,,KR,15.4,54,37,45,2.45,0,0
B2627,,KR,19.8,60,45,52,4.2,0,0
B2628,,KR,17.5,62,47,54,4.01,0,0
B2629,,KR,22.5,65,47,56,5.54,0,0
B2630,,KR,20.6,69,51,60,5.82,0,0
B2631,,MR,11.7,56,49,52,2.48,0,0
B2632,,MR,20.8,73,51,62,6.28,0,0
B2633,,MR,19.9,75,58,66,6.81,0,0
B2634,,KR,17.5,85,56,70,6.73,0,0
B2635,,MR,16.1,62,44,53,3.55,0,0
B2636,,KR,20,70,46,58,5.28,0,0
B2637,,KR,16,63,41,52,3.4,0,0
B2638,,KR,17.8,76,56,66,6.09,0,0
B2639,,KR,20.9,82,53,67,7.37,0,0
B2640,,KR,20.8,62,44,53,4.59,0,0
B2641,,KR,19.5,70,51,60,5.51,0,0
B2642,,KR,15.2,56,40,48,2.75,0,0
B2643,,MR,19.5,70,51,60,5.51,0,0
B2644,,MB,16.1,82,66,74,6.92,0,0
B2645,,BNS,19.4,66,49,57,4.95,0,0
B2646,,BNS,16,66,47,56,3.3,20,16.2
B2647,,KR,13.1,51,40,45,2.08,0,0
B2648,,KR,17.5,83,65,74,7.53,0,0
B2649,,KR,19.7,84,64,74,8.47,0,0
B2650,,KR,20.1,74,49,61,5.87,0,0
B2651,,KR,18.8,63,43,53,4.15,0,0
B2652,,KR,19.3,60,48,54,4.42,0,0
B2653,,KR,17.8,57,45,51,3.64,0,0
B2654,,KR,16,69,46,57,4.08,0,0
B2655,,KR,16,65,56,60,4.52,0,0
B2656,,KR,14,66,54,60,3.96,0,0
B2657,,KR,14.4,67,55,61,4.21,0,0
B2658,,KR,19.9,62,39,50,3.91,0,0
B2659,,KR,19.3,64,47,55,4.59,0,0
B2660,,KR,17.7,55,38,46,2.94,0,0
B2661,,KR,15.2,78,56,67,5.36,0,0
B2662,,KR,22.6,71,49,60,6.39,0,0
B2663,,KR,19.2,59,42,50,3.77,0,0
B2664,,MR,17.7,55,40,47,2.89,10,5.8
B2665,,KR,15.2,75,59,67,5.36,0,0
B2666,,KR,18.2,62,37,49,3.43,0,0
B2667,,KR,19.1,54,37,45,3.04,0,0
B2668,,MR,20.1,58,40,49,3.79,0,0
B2669,,MR,15.5,55,41,48,2.8,0,0
B2670,,MR,12.3,56,43,49,2.32,0,0
B2671,,MB,14.4,57,46,51,2.94,0,0
B2672,,KR,16.9,59,46,52,3.59,0,0
B2673,,KR,18.7,73,54,63,5.83,0,0
B2674,,KR,13.7,56,37,46,2.28,0,0
B2675,,KR,14.1,55,42,48,2.55,0,0
B2676,,KR,14,53,41,47,2.43,0,0
B2677,,KR,17.4,62,46,54,3.98,0,0
B2678,,KR,17.6,54,40,47,3.05,0,0
B2679,,KR,19.2,62,45,53,4.24,0,0
B2680,,KR,18.7,63,48,55,4.44,0,0
B2681,,KR,21.7,75,51,63,6.76,0,0
B2682,,KR,19,74,56,65,6.3,0,0
B2683,,MR,18.2,61,43,52,3.87,0,0
B2684,,BNS,16.1,77,53,65,5.11,12,4.3
B2685,,MR,22,69,48,58,5.81,0,0
B2686,,MR,15.1,56,49,52,3.21,0,0
B2687,,MR,19,63,51,57,4.85,0,0
B2688,,KR,16,58,41,49,3.02,0,0
B2689,,KR,16,61,46,53,3.53,0,0
B2690,,KR,20.4,63,44,53,4.5,0,0
B2691,,KR,19,67,45,56,4.68,0,0
B2692,,KR,16.8,51,41,46,2.79,0,0
B2693,,KR,19.7,60,44,52,4.18,0,0
B2694,,KR,17.6,63,40,51,3.6,0,0
B2695,,KR,19,65,41,53,4.19,0,0
B2696,,KR,18.8,77,61,69,7.03,0,0
B2697,,KR,17,80,53,66,5.82,0,0
B2698,,KR,21.4,79,55,67,7.54,0,0
B2699,,KR,19.3,63,37,50,3.79,0,0
B2700,,MR,13.3,60,48,54,3.05,0,0
B2701,,MR,14.6,55,43,49,2.75,0,0
B2702,,KR,11.6,55,36,45,1.84,0,0
B2703,,KR,20.4,68,43,55,4.85,0,0
B2704,,MR,15.7,63,48,55,3.57,10,4.2
B2705,,BNS,12.8,76,67,71,4.06,28,19.8
B2706,,KR,10.2,64,50,57,2.6,0,0
B2707,,KR,13.6,50,42,46,2.26,0,0
B2708,,KR,18.5,75,59,67,6.52,0,0
B2709,,MB,15,58,48,53,3.31,0,0
B2710,,KR,20.8,69,55,62,6.28,0,0
B2711,,KR,17.4,60,54,57,4.19,12,5.6
B2712,,KR,20.5,72,51,61,5.99,0,0
B2713,,KR,19.5,52,40,46,3.24,0,0
B2714,,MRS,14.8,50,39,44,2.25,0,0
B2715,,KR,16.2,66,50,58,4.28,0,0
B2716,,MRS,16,60,49,54,3.66,0,0
B2717,,KR,12,81,68,74,5.16,0,0
B2718,,KR,13.7,68,57,62,4.14,0,0
B2719,,KR,13.4,66,52,59,3.66,0,0
B2720,,BNS,16.1,67,49,58,4.25,0,0
B2721,,KR,23.5,60,39,49,4.43,0,0
B2722,,KR,15.7,70,49,59,4.29,0,0
B2723,,KR,11.4,71,60,65,3.78,0,0
B2724,,KR,13.2,60,52,56,3.25,0,0
B2725,,MR,18.2,58,40,49,3.12,13,9
B2726,,MR,18.4,61,42,51,3.57,10,4.9
B2727,,MB,15.4,79,68,73,6.45,0,0
B2728,,MR,16.4,60,45,52,3.48,0,0
B2729,,KR,18.1,59,42,50,3.55,0,0
B2730,,MR,17.6,67,55,61,5.14,0,0
B2731,,MR,16.8,55,44,49,3.17,0,0
B2732,,KR,15,88,80,84,8.31,0,0
B2733,,MR,9.5,59,50,54,2.18,0,0
B2734,,MR,13.3,66,55,60,3.76,0,0
B2735,,MR,14.5,62,47,54,3.32,0,0
B2736,,BNS,12.6,50,41,45,2,0,0
B2737,,MR,14.7,57,44,50,2.89,0,0
B2738,,MR,16.9,65,49,57,4.31,0,0
B2739,,BNS,15.2,54,43,48,2.75,0,0
B2740,,MR,12.9,55,43,49,2.43,0,0
B2741,,MR,17.5,90,75,82,9.24,0,0
B2742,,KR,15.8,65,51,58,4.17,0,0
B2743,,KR,19.9,62,40,51,4.07,0,0
B2744,,MR,15.2,55,41,48,2.75,0,0
B2745,,BNS,15.1,67,55,61,4.02,16,8.8
B2746,,MR,14.3,61,48,54,3.28,0,0
B2747,,MR,14,59,49,54,2.93,14,8.6
B2748,,BNS,12,66,56,61,3.03,20,13.7
B2749,,MR,14.6,63,49,56,3.01,20,16.2
B2750,,MR,19.9,72,57,64,6.2,10,3.1
B2751,,MR,19.6,85,60,72,7.98,0,0
B2752,,MR,14.4,55,47,51,2.94,0,0
B2753,,MR,17.5,63,40,51,3.4,10,4.9
B2754,,KR,21.7,64,43,53,4.79,0,0
B2755,,MR,9.8,62,49,55,2.33,0,0
B2756,,BNS,12.6,65,53,59,3.32,10,3.7
B2757,,KR,14,62,50,56,3.45,0,0
B2758,,KR,18.6,66,54,60,5.26,0,0
B2759,,KR,18.3,67,57,62,5.34,10,3.3
B2760,,KR,16.6,55,36,45,2.64,0,0
B2761,,KR,17.4,79,54,66,5.95,0,0
B2762,,MR,11.1,72,59,65,3.52,12,4.3
B2763,,BNS,16.3,53,44,48,2.68,13,9.3
B2764,,KR,15.7,67,54,60,4.44,0,0
B2765,,MR,16.6,65,53,59,4.54,0,0
B2766,,MR,13.9,70,55,62,4.2,0,0
B2767,,MR,18,65,52,58,4.76,0,0
B2768,,KR,18,80,65,72,7.33,0,0
B2769,,KR,18.7,55,39,47,3.24,0,0
B2770,,MR,18.3,69,52,60,5.17,0,0
B2771,,MR,19.6,66,46,56,4.83,0,0
B2772,,MR,16.5,66,49,57,4.21,0,0
B2773,,BNS,10,52,46,49,1.74,12,7.6
B2774,,KR,18.1,59,48,53,3.99,0,0
B2775,,MRS,18.1,78,58,68,6.26,13,4.7
B2776,,KR,19.6,53,38,45,3.12,0,0
B2777,,KR,22.6,72,51,61,6.6,0,0
B2778,,KR,22,71,52,61,5.46,21,15.1
B2779,,KR,15.2,59,49,54,3.48,0,0
B2780,,KR,21.9,65,45,55,5.2,0,0
B2781,,KR,15,54,45,49,2.83,0,0
B2782,,KR,20.4,57,41,49,3.85,0,0
B2783,,MR,20.1,55,43,49,3.79,0,0
B2784,,KR,22.2,70,49,59,6.07,0,0
B2785,,KR,14.7,57,43,50,2.89,0,0
B2786,,MR,20.2,59,40,49,3.81,0,0
B2787,,BNS,19.3,68,49,58,4.33,20,15.1
B2788,,BNS,19.6,66,53,59,4.32,23,19.3
B2789,,MR,16,78,67,72,6.29,12,3.5
B2790,,MR,19.9,65,46,55,4.73,0,0
B2791,,KR,17.8,61,44,52,3.78,0,0
B2792,,KR,16.3,56,39,47,2.83,0,0
B2793,,MR,13.7,72,59,65,4.55,0,0
B2794,,KR,17.6,56,45,50,3.46,0,0
B2795,,KR,17.5,54,39,46,2.91,0,0
B2796,,MR,15.4,70,55,62,4.65,0,0
B2797,,MR,16.9,66,56,61,4.94,0,0
B2798,,KR,14.4,55,37,46,2.39,0,0
B2799,,MR,16.2,55,44,49,3.05,0,0
B2800,,KR,18,59,44,51,3.68,0,0
B2801,,MR,11.7,56,45,50,2.3,0,0
B2802,,KR,19.4,61,42,51,3.96,0,0
B2803,,KR,21.3,82,56,69,7.96,0,0
B2804,,MR,16.1,75,64,69,6.02,0,0
B2805,,KR,17.9,60,43,51,3.66,0,0
B2806,,KR,18.4,81,56,68,6.68,0,0
B2807,,KR,21.6,56,38,47,3.75,0,0
B2808,,MR,15.6,62,50,56,3.84,0,0
B2809,,KR,18.4,82,63,72,7.49,0,0
B2810,,MR,16.5,72,51,61,4.82,0,0
B2811,,MR,15.8,61,54,57,3.58,17,11.3
B2812,,MR,17.1,68,50,59,4.68,0,0
B2813,,MR,16.1,71,53,62,4.86,0,0
B2814,,MR,14.3,62,49,55,3.16,13,7.1
B2815,,MR,14.3,62,50,56,3.52,0,0
B2816,,MR,23,71,52,61,6.72,0,0
B2817,,MR,18.4,72,53,62,5.56,0,0
B2818,,KR,18,55,41,48,3.26,0,0
B2819,,KR,17.2,56,46,51,3.51,0,0
B2820,,BNS,14.4,50,40,45,2.29,0,0
B2821,,MR,18.9,68,52,60,5.34,0,0
B2822,,MR,15.5,69,56,62,4.68,0,0
B2823,,KR,14.9,51,39,45,2.37,0,0
B2824,,MR,20.1,78,59,68,7.3,0,0
B2825,,MR,22.1,75,56,65,7.33,0,0
B2826,,MR,20.5,72,57,64,6.59,0,0
B2827,,KR,16.2,59,47,53,3.57,0,0
B2828,,MR,14.5,55,43,49,2.73,0,0
B2829,,MR,18.7,63,49,56,4.61,0,0
B2830,,KR,18.8,63,45,54,4.12,10,4.4
B2831,,MR,24.2,78,57,67,8.53,0,0
B2832,,KR,22.6,72,53,62,6.82,0,0
B2833,,MR,17.5,69,56,62,5.28,0,0
B2834,,MR,18.3,72,59,65,6.07,0,0
B2835,,MR,12.6,63,54,58,3.33,0,0
B2836,,MR,11.6,65,58,61,3.39,0,0
B2837,,BNS,13.6,75,63,69,4.78,15,6
B2838,,MR,13.9,106,80,93,9.44,0,0
B2839,,KR,15.3,50,39,44,2.33,0,0
B2840,,MR,17.1,66,48,57,4.36,0,0
B2841,,BNS,13.6,64,54,59,3.72,0,0
B2842,,MR,14.4,73,52,62,4.35,0,0
B2843,,MR,20.2,75,49,62,6.1,0,0
B2844,,MR,15.7,67,47,57,4.01,0,0
B2845,,MR,16.5,57,54,55,3.6,14,8.2
B2846,,MR,17.2,59,46,52,3.65,0,0
B2847,,MR,21.3,71,51,61,6.22,0,0
B2848,,KR,15.6,67,42,54,3.57,0,0
B2849,,KR,16.8,72,54,63,5.24,0,0
B2850,,MR,15.7,62,47,54,3.6,0,0
B2851,,MR,15.2,59,43,51,2.81,14,9.6
B2852,,KR,15.4,68,51,59,4.21,0,0
B2853,,MR,17.5,62,52,57,4.47,0,0
B2854,,MR,14.2,58,44,51,2.9,0,0
B2855,,KR,14,92,78,85,7.94,0,0
B2856,,KR,14.3,63,47,55,3.4,0,0
B2857,,KR,19.1,75,54,64,6.14,0,0
B2858,,KR,18.1,63,50,56,4.46,0,0
B2859,,MR,16.3,56,46,51,3.33,0,0
B2860,,MR,15.5,57,45,51,3.17,0,0
B2861,,KR,17.6,56,37,46,2.92,0,0
B2862,,BNS,16.5,64,50,57,3.93,13,6.6
B2863,,KR,19.7,73,52,62,5.95,0,0
B2864,,KR,18.2,63,45,54,4.17,0,0
B2865,,MB,15.2,67,56,61,3.83,20,13.7
B2866,,KR,15.4,60,40,50,3.02,0,0
B2867,,KR,20.2,56,38,47,3.5,0,0
B2868,,KR,19.7,66,50,58,5.2,0,0
B2869,,BNS,14.2,57,41,49,2.54,10,5.3
B2870,,KR,19.3,72,49,60,5.46,0,0
B2871,,KR,20.8,72,47,59,5.69,0,0
B2872,,KR,21.3,95,68,81,10.98,0,0
B2873,,KR,21.5,62,47,54,4.92,0,0
B2874,,KR,16.1,69,59,64,5.18,0,0
B2875,,BNS,14.9,59,41,50,2.44,18,16.5
B2876,,KR,15.3,55,42,48,2.77,0,0
B2877,,KR,18.2,64,43,53,4.02,0,0
B2878,,KR,18.5,74,61,67,6.52,0,0
B2879,,KR,17.4,74,60,67,6.13,0,0
B2880,,KR,19.9,73,50,61,5.82,0,0
B2881,,KR,16,61,42,51,3.27,0,0
B2882,,KR,14.8,55,47,51,3.02,0,0
B2883,,KR,20,74,48,61,5.84,0,0
B2884,,KR,19.5,73,50,61,5.7,0,0
B2885,,BNS,13.4,54,42,48,2.12,15,12.4
B2886,,BNS,14.8,53,38,45,2.21,10,6.3
B2887,,KR,18.2,56,36,46,3.02,0,0
B2888,,KR,19.5,53,40,46,3.24,0,0
B2889,,KR,16.7,66,46,56,4.11,0,0
B2890,,KR,13.6,60,45,52,2.89,0,0
B2891,,KR,15,64,48,56,3.69,0,0
B2892,,KR,17.4,63,44,53,3.84,0,0
B2893,,KR,21.5,74,56,65,7.13,0,0
B2894,,KR,13.7,64,55,59,3.75,0,0
B2895,,MB,19.6,55,44,49,3.7,0,0
B2896,,BNS,15.3,52,41,46,2.39,10,6
B2897,,BNS,16.6,51,40,45,2.04,19,22.7
B2898,,MB,12.9,61,50,55,3.06,0,0
B2899,,KR,19.4,52,36,44,2.95,0,0
B2900,,KR,19.5,55,38,46,3.24,0,0
B2901,,KR,17,59,40,49,3.21,0,0
B2902,,KR,15.9,53,45,49,3,0,0
B2903,,KR,21.2,61,39,50,4.16,0,0
B2904,,MB,19,63,45,54,4.35,0,0
B2905,,MR,17.5,59,45,52,3.72,0,0
B2906,,MR,16.3,61,46,53,3.6,0,0
B2907,,MR,22.1,60,42,51,4.51,0,0
B2908,,MR,17.9,60,46,53,3.95,0,0
B2909,,MR,16.7,56,41,48,3.02,0,0
B2910,,MR,17.9,62,43,52,3.8,0,0
B2911,,KR,13.4,53,39,46,2.23,0,0
B2912,,KR,19.7,77,50,63,6.14,0,0
B2913,,KR,22.5,73,52,62,6.57,10,3.3
B2914,,KR,21.7,68,47,57,5.54,0,0
B2915,,KR,22.3,66,53,59,6.1,0,0
B2916,,KR,21.5,59,44,51,4.39,0,0
B2917,,KR,23.2,70,43,56,5.71,0,0
B2918,,KR,21.5,54,42,48,3.89,0,0
B2919,,MB,16.5,54,49,51,3.37,0,0
B2920,,MR,19.2,54,40,47,3.33,0,0
B2921,,KR,17.6,57,38,47,3.05,0,0
B2922,,KR,20.9,64,47,55,4.76,10,4.2
B2923,,KR,14.5,51,35,43,2.11,0,0
B2924,,KR,15.5,75,57,66,5.3,0,0
B2925,,KR,11.8,53,41,47,2.05,0,0
B2926,,KR,18.9,56,37,46,3.14,0,0
B2927,,KR,18.6,55,36,45,2.96,0,0
B2928,,KR,14.1,53,40,46,2.34,0,0
B2929,,BNS,17.1,95,78,86,8.78,26,11.6
B2930,,MB,20.4,82,63,72,7.57,19,8.9
B2931,,MR,18.1,55,40,47,3.14,0,0
B2932,,MR,22.9,62,39,50,4.5,0,0
B2933,,MR,23.6,63,46,54,5.06,12,6.3
B2934,,MB,19,66,51,58,4.47,17,10.9
B2935,,BNS,17,61,49,55,3.66,15,9.5
B2936,,MR,22.9,73,61,67,8.07,0,0
B2937,,MR,20.5,75,56,65,6.8,0,0
B2938,,MR,15.6,58,48,53,3.44,0,0
B2939,,BNS,14.1,79,71,75,6.23,0,0
B2940,,KR,18.8,59,45,52,3.99,0,0
B2941,,KR,14.7,51,42,46,2.44,0,0
B2942,,KR,14.2,66,48,57,3.62,0,0
B2943,,KR,13.1,78,59,68,4.76,0,0
B2944,,KR,13.1,68,52,60,3.7,0,0
B2945,,KR,9,54,50,52,1.91,0,0
B2946,,KR,12.5,51,39,45,1.99,0,0
B2947,,KR,11.6,61,54,57,2.96,0,0
B2948,,KR,21.1,66,45,55,5.01,0,0
B2949,,BNS,19.8,63,53,58,5.23,0,0
B2950,,KR,16.4,53,37,45,2.61,0,0
B2951,,MR,21.1,64,46,55,5.01,0,0
B2952,,MR,18,52,42,47,3.12,0,0
B2953,,KR,21.5,64,41,52,4.57,0,0
B2954,,KR,19,70,52,61,5.55,0,0
B2955,,MR,21.6,60,41,50,4.24,0,0
B2956,,MB,17.8,70,51,60,5.03,0,0
B2957,,KR,16.9,52,41,46,2.81,0,0
B2958,,KR,13.3,71,62,66,4.33,13,4.9
B2959,,MR,20,80,60,70,7.7,0,0
B2960,,MR,19.2,56,44,50,3.77,0,0
B2961,,MR,17.5,61,49,55,4.16,0,0
B2962,,MR,19.2,62,48,55,4.56,0,0
B2963,,KR,20,76,56,66,6.84,0,0
B2964,,KR,18.3,55,41,48,3.31,0,0
B2965,,KR,14.7,54,37,45,2.34,0,0
B2966,,BNS,19.2,71,60,65,5.75,18,9.8
B2967,,MR,14,71,56,63,4.36,0,0
B2968,,KR,16.1,70,57,63,5.02,0,0
B2969,,BNS,12.9,56,43,49,2.3,10,5.3
B2970,,MR,14.8,59,45,52,3.14,0,0
B2971,,KR,18,69,50,59,4.92,0,0
B2972,,MRS,18.1,66,45,55,4.3,0,0
B2973,,BNS,15.8,57,47,52,3.2,10,4.7
B2974,,KR,15.8,61,46,53,3.33,10,4.5
B2975,,KR,19.5,69,48,58,5.15,0,0
B2976,,KR,16.9,68,49,58,4.47,0,0
B2977,,KR,14.8,63,45,54,3.39,0,0
B2978,,KR,16.8,59,41,50,3.3,0,0
B2979,,MR,17.9,55,41,48,3.24,0,0
B2980,,KR,12,88,73,80,6.03,0,0
B2981,,KR,13.1,74,68,71,5.19,0,0
B2982,,MR,13.3,61,47,54,3.05,0,0
B2983,,BNS,13.2,54,48,51,2.54,11,5.9
B2984,,MR,14.1,66,44,55,3.35,0,0
B2985,,KR,19.8,67,54,60,5.6,0,0
B2986,,KR,15.9,61,47,54,3.64,0,0
B2987,,KR,20.1,73,56,64,6.47,0,0
B2988,,KR,17.1,76,65,70,6.58,0,0
B2989,,KR,16.3,79,61,70,6.27,0,0
B2990,,MR,15.4,62,49,55,3.66,0,0
B2991,,KR,15.1,68,58,63,4.71,0,0
B2992,,KR,18.7,59,45,52,3.97,0,0
B2993,,KR,18.7,56,40,48,3.38,0,0
B2994,,KR,20.1,63,40,51,4.11,0,0
B2995,,KR,13.8,87,62,74,5.94,0,0
B2996,,BNS,13.3,59,49,54,2.7,16,11.2
B2997,,MR,13.7,62,54,58,3.62,0,0
B2998,,KR,20.2,68,58,63,6.3,0,0
B2999,,KR,20.7,68,51,59,5.66,0,0
B3000,,MR,23.5,77,62,69,8.79,0,0
B3001,,KR,16.4,78,55,66,5.61,0,0
B3002,,KR,18.6,63,51,57,4.75,0,0
B3003,,BNS,14.6,63,47,55,3.47,0,0
B3004,,MR,15.6,56,47,51,3.19,0,0
B3005,,KR,18.8,62,49,55,4.47,0,0
B3006,,KR,15.1,64,49,56,3.72,0,0
B3007,,MR,19.1,84,62,73,7.99,0,0
B3008,,BNS,17.3,56,37,46,2.88,0,0
B3009,,MR,17.1,80,66,73,7.16,0,0
B3010,,MR,19,73,58,65,6.3,0,0
B3011,,MR,14,75,60,67,4.94,0,0
B3012,,KR,16,65,53,59,4.37,0,0
B3013,,BNS,17,76,57,66,5.65,10,2.9
B3014,,MR,18.8,72,61,66,6.43,0,0
B3015,,MB,12.5,72,53,62,3.77,0,0
B3016,,MR,17.7,61,51,56,4.36,0,0
B3017,,MR,18.8,60,44,52,3.99,0,0
B3018,,KR,10.1,62,52,57,2.58,0,0
B3019,,MR,16.6,71,58,64,5.34,0,0
B3020,,BNS,13.7,57,48,52,2.91,0,0
B3021,,MR,22.2,86,62,74,9.55,0,0
B3022,,MR,19.4,75,55,65,6.44,0,0
B3023,,MR,14.7,90,72,81,7.57,0,0
B3024,,BNS,16.2,59,41,50,3.18,0,0
B3025,,BNS,15.3,53,41,47,2.65,0,0
B3026,,KR,18.2,58,45,51,3.72,0,0
B3027,,KR,12.4,74,64,69,4.32,16,6.8
B3028,,KR,14.2,54,48,51,2.9,0,0
B3029,,KR,15,56,41,48,2.71,0,0
B3030,,KR,15.1,52,38,45,2.4,0,0
B3031,,MB,17.6,51,42,46,2.92,0,0
B3032,,KR,17.7,51,35,43,2.57,0,0
B3033,,BNS,16.3,66,53,59,4.46,0,0
B3034,,KR,12.9,84,66,75,5.7,0,0
B3035,,KR,9.8,52,46,49,1.85,0,0
B3036,,KR,16.1,69,54,61,4.71,0,0
B3037,,KR,14.4,57,44,50,2.68,10,5.1
B3038,,KR,17.2,72,49,60,4.86,0,0
B3039,,KR,17.3,58,40,49,3.26,0,0
B3040,,KR,18.8,83,61,72,7.65,0,0
B3041,,KR,20.6,82,57,69,7.7,0,0
B3042,,KR,19.1,71,45,58,5.05,0,0
B3043,,KR,19.1,65,48,56,4.7,0,0
B3044,,KR,20.4,63,40,51,4.17,0,0
B3045,,KR,20.2,56,41,48,3.66,0,0
B3046,,KR,18.5,67,42,54,4.24,0,0
B3047,,KR,17.9,70,48,59,4.89,0,0
B3048,,KR,17.7,77,65,71,7.01,0,0
B3049,,KR,16.2,70,51,60,4.58,0,0
B3050,,KR,15.4,73,55,64,4.95,0,0
B3051,,KR,18.3,66,46,56,4.51,0,0
B3052,,KR,19.8,67,43,55,4.7,0,0
B3053,,KR,19,72,49,60,5.37,0,0
B3054,,KR,21,65,48,56,5.17,0,0
B3055,,KR,20.6,66,42,54,4.72,0,0
B3056,,KR,19.5,54,41,47,3.38,0,0
B3057,,KR,18.4,67,49,58,4.68,10,3.8
B3058,,KR,23.4,73,47,60,6.62,0,0
B3059,,KR,19.8,71,48,59,5.41,0,0
B3060,,KR,16.3,56,44,50,3.2,0,0
B3061,,KR,20.8,79,53,66,7.12,0,0
B3062,,KR,13.3,61,53,57,3.39,0,0
B3063,,MB,14.7,59,45,52,3.12,0,0
B3064,,BNS,21.6,69,49,59,5.59,12,5.3
B3065,,KR,18.6,57,42,49,3.51,0,0
B3066,,KR,18.6,65,50,57,4.75,0,0
B3067,,KR,21.3,56,42,49,4.02,0,0
B3068,,KR,19.9,71,47,59,5.44,0,0
B3069,,MR,21.3,92,62,77,9.92,0,0
B3070,,MR,20.1,76,64,70,7.74,0,0
B3071,,MR,18.6,63,52,57,4.75,0,0
B3072,,MR,21,65,53,59,5.74,0,0
B3073,,MR,19.1,67,50,58,5.05,0,0
B3074,,MR,15.9,70,54,62,4.8,0,0
B3075,,MR,17.4,69,59,64,5.6,0,0
B3076,,MR,15.4,60,53,56,3.79,0,0
B3077,,MR,16.2,59,47,53,3.57,0,0
B3078,,MR,18.3,65,48,56,4.51,0,0
B3079,,MR,17.9,63,52,57,4.57,0,0
B3080,,KR,20.4,54,40,47,3.54,0,0
B3081,,MR,21,63,45,54,4.81,0,0
B3082,,KR,20.8,99,73,86,12.08,0,0
B3083,,KR,18.4,83,68,75,8.13,0,0
B3084,,MR,14.8,60,49,54,3.39,0,0
B3085,,MR,13.4,66,58,62,4.05,0,0
B3086,,MR,11.5,68,56,62,3.01,20,13.2
B3087,,MR,17.7,70,55,62,5.34,0,0
B3088,,MR,20.8,61,46,53,4.59,0,0
B3089,,MR,24,66,43,54,5.5,0,0
B3090,,MR,11.3,60,48,54,2.59,0,0
B3091,,BNS,17.5,58,48,53,3.86,0,0
B3092,,MR,13.1,71,53,62,3.73,13,5.6
B3093,,KR,13.5,50,45,47,2.34,0,0
B3094,,MR,16.3,61,51,56,4.01,0,0
B3095,,MR,20.8,86,54,70,8,0,0
B3096,,MR,14.6,59,47,53,3.22,0,0
B3097,,BNS,16.3,84,61,72,6.4,12,3.5
B3098,,BNS,12.6,62,53,57,3.09,10,3.9
B3099,,BNS,11.2,121,104,112,11.03,0,0
B3100,,BNS,10.3,104,96,100,8.09,0,0
B3101,,MR,16.2,55,45,50,3.18,0,0
B3102,,MR,18.2,80,60,70,7,0,0
B3103,,MR,18,58,43,50,3.53,0,0
B3104,,MR,20.3,65,51,58,5.36,0,0
B3105,,MR,11.8,58,46,52,2.39,10,4.7
B3106,,MR,14.2,93,76,84,7.87,0,0
B3107,,MR,11.9,78,64,71,4.71,0,0
B3108,,KR,21,72,50,61,6.14,0,0
B3109,,KR,15.4,66,60,63,4.8,0,0
B3110,,MR,18.8,63,50,56,4.09,17,11.7
B3111,,KR,20.8,76,63,69,7.78,0,0
B3112,,KR,19.3,75,62,68,7.01,0,0
B3113,,KR,19,60,41,50,3.73,0,0
B3114,,KR,19.8,55,41,48,3.58,0,0
B3115,,KR,21.7,61,44,52,4.61,0,0
B3116,,KR,22.4,59,42,50,4.08,12,7.3
B3117,,KR,13.4,54,40,47,2.32,0,0
B3118,,MRS,14.5,68,53,60,4.1,0,0
B3119,,MR,10.6,60,52,56,2.43,13,6.9
B3120,,KR,15.7,67,49,58,4.15,0,0
B3121,,KR,16.7,58,41,49,3.15,0,0
B3122,,KR,12.5,56,41,48,2.26,0,0
B3123,,KR,15.4,61,45,53,3.4,0,0
B3124,,KR,13.7,55,40,47,2.38,0,0
B3125,,KR,12.9,60,46,53,2.85,0,0
B3126,,BNS,16.1,73,59,66,5.35,10,2.9
B3127,,BNS,9.6,63,54,58,2.44,10,3.8
B3128,,KR,15.5,57,44,50,2.89,10,5.1
B3129,,KR,18.2,59,41,50,3.57,0,0
B3130,,KR,16.4,67,48,57,4.18,0,0
B3131,,KR,17.8,58,50,54,4.08,0,0
B3132,,KR,12.8,54,43,48,2.32,0,0
B3133,,BNS,16,52,39,45,2.54,0,0
B3134,,KR,17.3,65,48,56,4.26,0,0
B3135,,BNS,12.1,55,45,50,2.38,0,0
B3136,,KR,10.2,50,38,44,1.55,0,0
B3137,,MR,10.8,60,51,55,2.46,10,4.2
B3138,,BNS,19.3,53,35,44,2.44,16,16.8
B3139,,KR,15.4,54,37,45,2.45,0,0
B3140,,BNS,13.7,54,43,48,2.48,0,0
B3141,,KR,13,57,50,53,2.87,0,0
B3142,,KR,18.6,60,40,50,3.65,0,0
B3143,,KR,18.4,52,39,45,2.93,0,0
B3144,,KR,20.6,65,45,55,4.89,0,0
B3145,,KR,18.3,63,48,55,4.17,10,4.2
B3146,,KR,9.7,61,56,58,2.56,0,0
B3147,,KR,19.3,81,63,72,7.86,0,0
B3148,,BNS,16,61,51,56,3.94,0,0
B3149,,MR,19.9,61,43,52,4.23,0,0
B3150,,BNS,14.5,59,49,54,2.85,18,14.1
B3151,,KR,14.1,57,41,49,2.66,0,0
B3152,,KR,18.3,55,46,50,3.59,0,0
B3153,,KR,10.8,50,40,45,1.72,0,0
B3154,,MR,19.8,61,41,51,4.04,0,0
B3155,,BNS,17.8,57,43,50,3.32,10,5.1
B3156,,BNS,12.9,58,47,52,2.74,0,0
B3157,,BNS,7.9,60,56,58,2.09,0,0
B3158,,KR,16.3,66,46,56,4.01,0,0
B3159,,KR,18.6,52,43,47,3.23,0,0
B3160,,MB,17.3,63,50,56,4.26,0,0
B3161,,MR,16.1,62,51,56,3.97,0,0
B3162,,KR,21.1,60,49,54,4.62,10,4.4
B3163,,KR,19.1,66,46,56,4.7,0,0
B3164,,KR,13.3,65,53,59,3.64,0,0
B3165,,KR,13.3,51,41,46,2.21,0,0
B3166,,KR,16.4,67,47,57,4.18,0,0
B3167,,KR,20.7,54,41,47,3.59,0,0
B3168,,KR,20.5,56,45,50,4.03,0,0
B3169,,KR,16.1,59,39,49,3.04,0,0
B3170,,MR,16.8,63,52,57,3.91,15,8.8
B3171,,BNS,17.5,57,50,53,3.86,0,0
B3172,,MR,11.4,80,66,73,4.66,10,2.4
B3173,,MR,9.8,78,69,73,4.1,0,0
B3174,,MR,15.9,64,51,57,4.06,0,0
B3175,,KR,12.3,60,52,56,3.03,0,0
B3176,,BNS,15.3,60,53,56,3.55,12,5.8
B3177,,MR,14.1,65,45,55,3.35,0,0
B3178,,MR,14.9,62,44,53,3.29,0,0
B3179,,MR,20.3,70,56,63,6.33,0,0
B3180,,MR,21.3,74,54,64,6.85,0,0
B3181,,MR,19.9,68,51,59,5.44,0,0
B3182,,MR,12.6,64,55,59,3.44,0,0
B3183,,MR,20.1,79,58,68,7.3,0,0
B3184,,MR,18.6,69,53,61,5.44,0,0
B3185,,MR,18.2,58,50,54,4.17,0,0
B3186,,MR,21,66,48,57,5.36,0,0
B3187,,MR,14.5,73,55,64,4.66,0,0
B3188,,MR,13.1,68,55,61,3.83,0,0
B3189,,MR,23.1,80,63,71,9.15,0,0
B3190,,KR,23.8,70,50,60,6.73,0,0
B3191,,KR,20.8,59,43,51,4.25,0,0
B3192,,KR,19.9,61,44,52,4.23,0,0
B3193,,KR,17.1,65,41,53,3.77,0,0
B3194,,KR,18.2,68,45,56,4.48,0,0
B3195,,KR,18.1,63,46,54,4.15,0,0
B3196,,KR,18.1,58,41,49,3.41,0,0
B3197,,KR,22.9,60,39,49,4.32,0,0
B3198,,KR,18.1,58,43,50,3.55,0,0
B3199,,KR,19.2,65,48,56,4.73,0,0
B3200,,KR,21.2,63,53,58,5.6,0,0
B3201,,KR,22.8,82,52,67,8.04,0,0
B3202,,KR,18.6,72,45,58,4.91,0,0
B3203,,KR,19,57,41,49,3.58,0,0
B3204,,KR,21.4,61,39,50,4.2,0,0
B3205,,KR,18.3,60,45,52,3.7,10,4.7
B3206,,KR,23.7,73,51,62,7.16,0,0
B3207,,KR,21.1,61,52,56,5.2,0,0
B3208,,KR,21.2,58,42,50,4.16,0,0
B3209,,MR,20.4,78,59,68,7.41,0,0
B3210,,MR,24.8,72,58,65,8.23,0,0
B3211,,MR,15.1,74,55,64,4.86,0,0
B3212,,MB,20.4,69,50,59,5.58,0,0
B3213,,MR,19.2,58,43,50,3.77,0,0
B3214,,MR,16,58,40,49,3.02,0,0
B3215,,MRS,20.8,66,42,54,4.76,0,0
B3216,,KR,17.5,64,46,55,4.16,0,0
B3217,,KR,19.3,71,51,61,5.64,0,0
B3218,,MR,15.1,73,57,65,5.01,0,0
B3219,,MR,13,91,74,82,6.87,0,0
B3220,,MR,22.3,94,63,78,10.66,0,0
B3221,,MR,19.4,87,64,75,8.57,0,0
B3222,,MR,17.8,66,50,58,4.7,0,0
B3223,,KR,16.9,69,57,63,5.27,0,0
B3224,,KR,17.5,59,41,50,3.44,0,0
B3225,,KR,21.2,72,47,59,5.8,0,0
B3226,,BNS,12.8,55,50,52,2.59,10,4.7
B3227,,KR,22,77,53,65,7.3,0,0
B3228,,KR,22.8,58,42,50,4.48,0,0
B3229,,KR,20.2,73,53,63,6.3,0,0
B3230,,KR,15.1,55,40,47,2.62,0,0
B3231,,KR,15.7,72,56,64,5.05,0,0
B3232,,KR,17.8,73,57,65,5.91,0,0
B3233,,KR,19.1,66,46,56,4.7,0,0
B3234,,KR,17.7,66,48,57,4.52,0,0
B3235,,KR,17.8,56,38,47,3.09,0,0
B3236,,KR,16.4,66,48,57,4.18,0,0
B3237,,KR,17.3,56,39,47,3,0,0
B3238,,KR,14.6,55,43,49,2.75,0,0
B3239,,KR,16,55,37,46,2.66,0,0
B3240,,KR,19.6,60,43,51,4,0,0
B3241,,KR,18.9,58,50,54,4.33,0,0
B3242,,KR,17.8,56,40,48,3.22,0,0
B3243,,KR,16.9,71,50,60,4.78,0,0
B3244,,KR,15.4,56,41,48,2.79,0,0
B3245,,KR,23,71,50,60,6.5,0,0
B3246,,KR,21.1,58,44,51,4.31,0,0
B3247,,KR,20.6,73,46,59,5.63,0,0
B3248,,KR,18.1,59,44,51,3.7,0,0
B3249,,KR,22.9,62,41,51,4.68,0,0
B3250,,KR,19.4,63,44,53,4.28,0,0
B3251,,KR,19.4,63,42,52,4.12,0,0
B3252,,MR,16.6,81,66,73,6.67,13,4
B3253,,BNS,12.9,72,59,65,3.81,19,10.9
B3254,,MB,10.4,61,53,57,2.65,0,0
B3255,,BNS,11,68,59,63,3.24,13,5.4
B3256,,BNS,16.1,68,58,63,4.38,20,12.8
B3257,,MR,21.6,68,49,58,5.71,0,0
B3258,,MR,16.5,68,55,61,4.82,0,0
B3259,,MR,16.3,69,50,59,4.46,0,0
B3260,,MR,19.5,64,49,56,4.8,0,0
B3261,,MR,18.9,88,62,75,8.35,0,0
B3262,,KR,17.2,61,44,52,3.65,0,0
B3263,,KR,18.6,64,45,54,4.26,0,0
B3264,,KR,16.7,65,49,57,4.26,0,0
B3265,,KR,12.3,58,45,51,2.51,0,0
B3266,,KR,16.6,62,47,54,3.8,0,0
B3267,,KR,14.4,52,42,47,2.5,0,0
B3268,,KR,19,65,48,56,4.68,0,0
B3269,,BNS,16.1,69,54,61,4.71,0,0
B3270,,BNS,16,59,45,52,3.4,0,0
B3271,,KR,18.9,60,44,52,4.01,0,0
B3272,,MR,18,82,68,75,7.95,0,0
B3273,,MR,15.9,64,52,58,4.2,0,0
B3274,,MR,15.2,61,49,55,3.61,0,0
B3275,,KR,13.9,64,45,54,3.18,0,0
B3276,,BNS,13,63,55,59,3.55,0,0
B3277,,MR,15.4,76,63,69,5.76,0,0
B3278,,KR,15.9,67,51,59,4.35,0,0
B3279,,MB,14.3,60,45,52,3.04,0,0
B3280,,KR,16.7,70,54,62,5.04,0,0
B3281,,MR,14.9,118,82,100,11.7,0,0
B3282,,KR,13.1,52,36,44,1.99,0,0
B3283,,MR,14.5,75,63,69,5.42,0,0
B3284,,BNS,16.9,68,54,61,4.94,0,0
B3285,,KR,22.1,62,44,53,4.88,0,0
B3286,,KR,17.1,61,47,54,3.92,0,0
B3287,,KR,18.1,67,44,55,4.3,0,0
B3288,,KR,23.5,77,50,63,7.33,0,0
B3289,,KR,19.9,72,51,61,5.82,0,0
B3290,,KR,19.1,68,47,57,4.87,0,0
B3291,,KR,22.7,77,56,66,7.77,0,0
B3292,,KR,18.1,69,56,62,5.46,0,0
B3293,,KR,17.4,61,45,53,3.84,0,0
B3294,,KR,20.1,65,54,59,5.5,0,0
B3295,,KR,21,67,50,58,5.55,0,0
B3296,,KR,18.3,61,41,51,3.74,0,0
B3297,,KR,18.7,72,49,60,5.29,0,0
B3298,,KR,23.8,60,45,52,5.05,0,0
B3299,,MR,21,60,41,50,4.12,0,0
B3300,,MR,19.8,65,46,55,4.7,0,0
B3301,,BNS,20.6,70,48,59,5.63,0,0
B3302,,MR,20.5,81,58,69,7.67,0,0
B3303,,MR,17.1,68,48,58,4.13,15,8.5
B3304,,BNS,19.5,63,48,55,4.63,0,0
B3305,,MR,15.8,65,50,57,4.03,0,0
B3306,,MR,15,77,53,65,4.98,0,0
B3307,,MR,16.9,68,56,62,5.1,0,0
B3308,,MR,19,73,50,61,5.55,0,0
B3309,,MR,21.7,67,54,60,6.14,0,0
B3310,,MR,19.5,85,60,72,7.94,0,0
B3311,,MR,20,71,56,63,6.23,0,0
B3312,,MR,17.5,63,48,55,4.16,0,0
B3313,,MR,18.5,85,61,73,7.74,0,0
B3314,,MR,19.9,85,57,71,7.88,0,0
B3315,,MB,15.6,66,51,58,4.12,0,0
B3316,,BNS,15.9,65,56,60,4.5,0,0
B3317,,MR,17.1,64,42,53,3.77,0,0
B3318,,BNS,10.5,60,49,54,2.02,19,15.8
B3319,,MR,15,87,66,76,6.8,0,0
B3320,,MRS,18.5,64,40,52,3.93,0,0
B3321,,MR,22.7,75,58,66,7.77,0,0
B3322,,MR,22.3,65,45,55,5.3,0,0
B3323,,MR,19.6,63,53,58,4.74,15,8.5
B3324,,MR,12.7,64,55,59,3.47,0,0
B3325,,MR,14.5,62,55,58,3.83,0,0
B3326,,MR,15,65,51,58,3.48,18,12.3
B3327,,MR,13.9,65,49,57,3.55,0,0
B3328,,MR,18.5,70,56,63,5.77,0,0
B3329,,MR,16.4,67,53,60,4.64,0,0
B3330,,MR,18.7,73,58,65,6.21,0,0
B3331,,MR,19.8,66,45,55,4.7,0,0
B3332,,BNS,13,55,41,48,2.06,15,12.4
B3333,,MR,18.3,74,54,64,5.89,0,0
B3334,,KR,17.6,76,58,67,6.21,0,0
B3335,,MR,17.7,81,65,73,7.41,0,0
B3336,,KR,19.3,66,48,57,4.92,0,0
B3337,,KR,19.1,75,52,63,5.95,0,0
B3338,,MB,14.4,73,61,67,4.38,22,13.7
B3339,,MR,17,62,43,52,3.32,13,8
B3340,,MR,15.6,64,50,57,3.98,0,0
B3341,,KR,13.7,60,40,50,2.69,0,0
B3342,,MR,12.1,77,69,73,5.06,0,0
B3343,,BNS,13.2,57,42,49,2.49,0,0
B3344,,MR,20.9,76,61,68,7.59,0,0
B3345,,KR,18.5,81,58,69,6.92,0,0
B3346,,KR,17.2,57,47,52,3.65,0,0
B3347,,KR,16.7,64,50,57,4.26,0,0
B3348,,KR,23.6,70,46,58,6.24,0,0
B3349,,KR,19.9,65,43,54,4.56,0,0
B3350,,MR,23.2,60,47,53,5.12,0,0
B3351,,MR,19.8,84,65,74,8.52,0,0
B3352,,MR,21,75,50,62,6.34,0,0
B3353,,KR,21.2,79,53,66,7.25,0,0
B3354,,MR,12.8,84,72,78,6.12,0,0
B3355,,MR,12.4,92,84,88,7.54,0,0
B3356,,MR,22.6,89,57,73,9.46,0,0
B3357,,BNS,16.4,64,52,58,4.17,10,3.8
B3358,,KR,21.5,64,51,57,5.49,0,0
B3359,,KR,20.1,54,44,49,3.79,0,0
B3360,,KR,23.6,88,54,71,9.34,0,0
B3361,,KR,21.8,63,45,54,4.99,0,0
B3362,,KR,19.1,63,46,54,4.37,0,0
B3363,,KR,13.3,56,41,48,2.41,0,0
B3364,,KR,20.8,73,50,61,6.08,0,0
B3365,,MR,20,67,51,59,5.47,0,0
B3366,,KR,20.3,70,52,61,5.93,0,0
B3367,,KR,19.5,72,51,61,5.7,0,0
B3368,,KR,19.3,77,55,66,6.6,0,0
B3369,,KR,22.3,68,46,57,5.69,0,0
B3370,,KR,22.3,70,46,58,5.89,0,0
B3371,,KR,12.6,63,50,56,3.1,0,0
B3372,,KR,16.4,62,42,52,3.48,0,0
B3373,,KR,15.5,60,41,50,3.04,0,0
B3374,,KR,15.7,61,40,50,3.08,0,0
B3375,,KR,16.7,71,55,63,5.21,0,0
B3376,,KR,15.8,51,41,46,2.63,0,0
B3377,,KR,22.1,68,47,57,5.64,0,0
B3378,,KR,19.7,60,43,51,4.02,0,0
B3379,,MRS,18.3,69,53,61,5.35,0,0
B3380,,BNS,22,68,53,60,5.79,14,6.9
B3381,,BNS,16.8,57,45,51,3.43,0,0
B3382,,BNS,13.2,75,62,68,4.5,15,6.2
B3383,,BNS,14.8,61,45,53,2.67,20,18.1
B3384,,BNS,14.2,64,59,61,4.15,0,0
B3385,,BNS,21.5,71,48,59,5.57,12,5.3
B3386,,MR,22.9,71,59,65,7.6,0,0
B3387,,KR,21.3,67,45,56,5.25,0,0
B3388,,KR,18.7,60,45,52,3.97,0,0
B3389,,KR,12.9,59,51,55,3.06,0,0
B3390,,MR,11.8,59,44,51,2.41,0,0
B3391,,MR,14.2,83,70,76,6.44,0,0
B3392,,KR,13,81,59,70,5,0,0
B3393,,MR,21.1,76,60,68,7.66,0,0
B3394,,MR,17.8,56,44,50,3.5,0,0
B3395,,BNS,21.1,70,49,59,5.77,0,0
B3396,,KR,14.1,67,41,54,3.23,0,0
B3397,,KR,20.7,65,42,53,4.57,0,0
B3398,,BNS,14.8,57,45,51,2.43,20,19.6
B3399,,MR,20.5,65,53,59,5.6,0,0
B3400,,BNS,16.8,65,41,53,3.71,0,0
B3401,,BNS,13.7,75,60,67,4.67,11,3.4
B3402,,BNS,13.2,73,63,68,4.66,10,2.8
B3403,,BNS,12,64,54,59,2.8,20,14.6
B3404,,MB,14.5,66,54,60,4.1,0,0
B3405,,MR,13,70,59,64,3.66,20,12.4
B3406,,MR,17.8,65,46,55,4.23,0,0
B3407,,KR,11.3,71,59,65,3.75,0,0
B3408,,BNS,10.1,59,53,56,2.08,20,16.2
B3409,,KR,15,62,49,55,3.56,0,0
B3410,,KR,16.7,51,41,46,2.78,0,0
B3411,,KR,16.9,54,37,45,2.69,0,0
B3412,,KR,16.6,79,65,72,6.76,0,0
B3413,,KR,16.6,62,42,52,3.53,0,0
B3414,,KR,20.4,65,42,53,4.5,0,0
B3415,,KR,20.8,58,43,50,4.08,0,0
B3416,,KR,21.4,65,52,58,5.44,10,3.8
B3417,,KR,18.9,53,39,46,3.14,0,0
B3418,,KR,14.4,58,50,54,3.3,0,0
B3419,,KR,15.5,52,39,45,2.47,0,0
B3420,,KR,13.5,54,39,46,2.24,0,0
B3421,,KR,8.4,54,47,50,1.65,0,0
B3422,,KR,9.2,59,54,56,2.27,0,0
B3423,,KR,19.5,61,43,52,4.14,0,0
B3424,,KR,18.1,55,39,47,3.14,0,0
B3425,,KR,18.6,67,47,57,4.75,0,0
B3426,,KR,18.8,68,49,58,4.7,12,5.4
B3427,,KR,17.8,61,43,52,3.78,0,0
B3428,,KR,13.3,64,48,56,3.28,0,0
B3429,,KR,11.6,75,58,66,3.97,0,0
B3430,,KR,11.4,59,51,55,2.71,0,0
B3431,,KR,15.7,61,50,55,3.73,0,0
B3432,,KR,15.9,64,48,56,3.92,0,0
B3433,,KR,17.5,63,42,52,3.72,0,0
B3434,,KR,20.1,81,53,67,7.09,0,0
B3435,,KR,20,65,50,57,5.1,0,0
B3436,,KR,15.9,67,56,61,4.65,0,0
B3437,,KR,11.5,73,54,63,3.58,0,0
B3438,,KR,16.6,66,46,56,4.09,0,0
B3439,,KR,18,63,47,55,4.28,0,0
B3440,,KR,16.7,73,52,62,5.04,0,0
B3441,,KR,18.1,69,52,60,5.12,0,0
B3442,,KR,14.6,57,43,50,2.87,0,0
B3443,,KR,20.6,71,48,59,5.63,0,0
B3444,,KR,21.1,67,52,59,5.77,0,0
B3445,,KR,20.9,69,46,57,5.33,0,0
B3446,,KR,16.2,50,41,45,2.58,0,0
B3447,,KR,15.9,50,40,45,2.53,0,0
B3448,,KR,22.2,67,41,54,5.08,0,0
B3449,,KR,21.7,61,41,51,4.43,0,0
B3450,,MR,12.2,61,58,59,3.34,0,0
B3451,,MR,23.6,85,60,72,9.61,0,0
B3452,,MR,19.3,67,50,58,5.1,0,0
B3453,,MR,20.5,63,47,55,4.87,0,0
B3454,,MR,14,73,58,65,4.65,0,0
B3455,,MR,13.2,97,73,85,7.49,0,0
B3456,,KR,13,80,55,67,4.58,0,0
B3457,,KR,12,55,48,51,2.45,0,0
B3458,,MR,15.5,65,50,57,3.96,0,0
B3459,,MR,17.2,77,60,68,5.75,17,8
B3460,,KR,9.8,50,45,47,1.42,17,16.7
B3461,,KR,14.1,66,55,60,3.99,0,0
B3462,,KR,23.3,71,45,58,6.16,0,0
B3463,,KR,20.8,71,46,58,5.5,0,0
B3464,,KR,22.2,63,43,53,4.9,0,0
B3465,,KR,16.8,66,48,57,4.29,0,0
B3466,,KR,17.6,78,60,69,6.58,0,0
B3467,,KR,17.4,57,39,48,3.15,0,0
B3468,,KR,22.7,71,52,61,6.63,0,0
B3469,,KR,16.7,63,45,54,3.82,0,0
B3470,,MR,22.8,74,57,65,7.57,0,0
B3471,,MR,16.2,83,63,73,6.55,12,3.4
B3472,,MR,18.4,70,60,65,6.11,0,0
B3473,,MR,16.1,78,57,67,5.68,0,0
B3474,,MR,18.3,67,60,63,5.29,15,7.2
B3475,,MR,14.7,70,47,58,3.88,0,0
B3476,,MR,21.9,92,66,79,10.73,0,0
B3477,,MR,18.2,64,46,55,4.32,0,0
B3478,,MR,19,71,49,60,5.37,0,0
B3479,,KR,14.7,63,47,55,3.49,0,0
B3480,,KR,16.7,61,38,49,3.15,0,0
B3481,,KR,17.8,59,41,50,3.5,0,0
B3482,,KR,20.3,82,56,69,7.59,0,0
B3483,,KR,21.9,62,44,53,4.83,0,0
B3484,,KR,19.8,74,46,60,5.6,0,0
B3485,,KR,18.2,77,56,66,6.23,0,0
B3486,,KR,17.1,84,60,72,6.75,11,3
B3487,,KR,17.8,69,47,58,4.7,0,0
B3488,,KR,21.9,74,45,59,5.99,0,0
B3489,,KR,19.2,68,44,56,4.73,0,0
B3490,,BNS,18.5,55,46,50,3.63,0,0
B3491,,KR,17.6,60,41,50,3.46,0,0
B3492,,KR,18.5,63,50,56,4.56,0,0
B3493,,KR,17.4,88,68,78,8.31,0,0
B3494,,KR,14.4,56,40,48,2.61,0,0
B3495,,KR,20.6,66,44,55,4.89,0,0
B3496,,KR,19.3,57,42,49,3.64,0,0
B3497,,KR,21.7,63,44,53,4.79,0,0
B3498,,MR,19.3,60,46,53,3.93,13,7.7
B3499,,KR,20.7,70,47,58,5.47,0,0
B3500,,KR,22.7,69,57,63,7.08,0,0
B3501,,KR,19.6,73,50,61,5.73,0,0
B3502,,KR,13.1,60,43,51,2.68,0,0
B3503,,KR,21.6,74,53,63,6.73,0,0
B3504,,KR,21.3,63,44,53,4.7,0,0
B3505,,KR,16.4,72,55,63,5.11,0,0
B3506,,KR,19.4,74,57,65,6.44,0,0
B3507,,KR,19.3,61,47,54,4.42,0,0
B3508,,KR,19,63,46,54,4.16,10,4.4
B3509,,KR,21.7,59,40,49,4.09,0,0
B3510,,KR,19.4,54,41,47,3.37,0,0
B3511,,KR,18.9,63,50,56,4.66,0,0
B3512,,BNS,14.6,61,53,57,3.73,0,0
B3513,,KR,16,69,58,63,4.99,0,0
B3514,,KR,17.7,57,40,48,3.2,0,0
B3515,,KR,11.8,59,56,57,3.01,0,0
B3516,,KR,15.8,59,43,51,3.23,0,0
B3517,,KR,15.8,59,42,50,3.1,0,0
B3518,,BNS,15.5,58,42,50,2.89,10,5.1
B3519,,BNS,18.6,71,57,64,5.8,10,3.1
B3520,,KR,20.4,65,52,58,5.39,0,0
B3521,,KR,19.7,63,42,52,4.18,0,0
B3522,,KR,18.2,61,50,55,4.32,0,0
B3523,,KR,16.3,81,59,70,6.27,0,0
B3524,,MB,15,61,47,54,3.28,10,4.4
B3525,,MR,14.4,61,47,54,3.3,0,0
B3526,,MB,16.2,66,47,56,3.99,0,0
B3527,,KR,22.1,68,45,56,5.44,0,0
B3528,,KR,23.2,65,46,55,5.51,0,0
B3529,,MR,15.4,60,46,53,3.4,0,0
B3530,,MR,17,65,50,57,4.34,0,0
B3531,,MR,19.4,92,71,81,10,0,0
B3532,,MR,17.7,72,47,59,4.84,0,0
B3533,,MR,24.4,74,51,62,7.37,0,0
B3534,,MR,22.9,73,59,66,7.83,0,0
B3535,,MR,20.1,73,56,64,6.47,0,0
B3536,,MR,19.4,75,58,66,6.64,0,0
B3537,,MR,17.2,74,53,63,5.36,0,0
B3538,,MR,13.9,60,47,53,3.07,0,0
B3539,,MR,20.5,72,55,63,6.39,0,0
B3540,,MR,22.9,69,47,58,6.05,0,0
B3541,,MR,22.5,63,47,55,5.35,0,0
B3542,,MR,17.9,71,50,60,5.06,0,0
B3543,,MR,17.9,73,56,64,5.76,0,0
B3544,,MR,19.4,62,46,54,4.44,0,0
B3545,,KR,15.2,53,40,46,2.53,0,0
B3546,,MR,16.8,72,56,64,5.4,0,0
B3547,,MR,15.6,61,48,54,3.57,0,0
B3548,,MR,14.6,65,54,59,3.78,12,5.3
B3549,,MR,15.3,74,54,64,4.92,0,0
B3550,,MR,19.4,75,68,71,7.68,0,0
B3551,,MR,15,74,57,65,4.98,0,0
B3552,,KR,19.5,76,55,65,6.47,0,0
B3553,,MR,17.2,62,49,55,4.09,0,0
B3554,,MR,11.7,80,75,77,5.45,0,0
B3555,,MR,17.1,85,69,77,7.96,0,0
B3556,,MR,12.2,71,62,66,4.17,0,0
B3557,,MR,18,103,77,90,11.45,0,0
B3558,,MR,16.4,60,52,56,4.04,0,0
B3559,,KR,22.3,88,57,72,9.08,0,0
B3560,,KR,21.6,79,58,68,7.84,0,0
B3561,,KR,18,87,66,76,8.17,0,0
B3562,,KR,18.8,78,58,68,6.83,0,0
B3563,,KR,20.2,80,56,68,7.34,0,0
B3564,,BNS,16.2,63,50,56,3.63,15,9.1
B3565,,MR,12.4,60,46,53,2.74,0,0
B3566,,MR,15.1,64,55,59,4.13,0,0
B3567,,KR,17.7,67,56,61,5.17,0,0
B3568,,KR,18.3,57,41,49,3.45,0,0
B3569,,KR,19.1,62,46,54,4.37,0,0
B3570,,KR,20.1,64,43,53,4.43,0,0
B3571,,KR,17.5,68,52,60,4.95,0,0
B3572,,KR,10,86,77,81,5.15,0,0
B3573,,KR,17.2,68,48,58,4.54,0,0
B3574,,MR,16.2,60,48,54,3.71,0,0
B3575,,KR,17.4,60,50,55,4.13,0,0
B3576,,KR,15.4,59,44,51,3.15,0,0
B3577,,BNS,15.9,78,64,71,6.3,0,0
B3578,,MR,17.3,66,49,57,4.41,0,0
B3579,,MR,18.2,66,46,56,4.48,0,0
B3580,,MR,19.2,96,70,83,10.39,0,0
B3581,,MR,13.6,133,107,120,15.38,0,0
B3582,,MR,10.4,112,88,100,8.17,0,0
B3583,,MR,15.6,90,68,79,7.65,0,0
B3584,,MR,16.9,66,51,58,4.47,0,0
B3585,,MR,20.5,72,56,64,6.59,0,0
B3586,,MR,18.4,75,54,64,5.92,0,0
B3587,,KR,18.6,66,49,57,4.48,12,5.6
B3588,,KR,13.3,67,53,60,3.76,0,0
B3589,,KR,19.7,65,42,53,4.15,10,4.5
B3590,,KR,21.1,68,52,60,5.97,0,0
B3591,,KR,21.7,70,42,56,5.34,0,0
B3592,,KR,22.3,61,42,51,4.56,0,0
B3593,,KR,16.1,64,51,57,4.11,0,0
B3594,,KR,22.8,70,47,58,6.02,0,0
B3595,,MR,20.2,79,60,69,7.55,0,0
B3596,,KR,15,63,47,55,3.56,0,0
B3597,,MR,14.3,63,51,57,3.65,0,0
B3598,,KR,18.9,74,55,64,6.08,0,0
B3599,,KR,15.9,64,50,57,3.9,10,3.9
B3600,,KR,21.6,63,41,52,4.59,0,0
B3601,,MR,14.1,60,48,54,3.09,10,4.4
B3602,,MB,16.8,62,51,56,3.59,18,13.2
B3603,,KR,19.5,61,41,51,3.98,0,0
B3604,,KR,20,72,47,59,5.47,0,0
B3605,,KR,17,87,69,78,8.12,0,0
B3606,,KR,14.7,60,40,50,2.89,0,0
B3607,,KR,18.8,57,44,50,3.69,0,0
B3608,,KR,21,56,37,46,3.49,0,0
B3609,,KR,19.3,62,45,53,4.26,0,0
B3610,,KR,18.4,62,43,52,3.91,0,0
B3611,,KR,18.1,83,58,70,6.97,0,0
B3612,,KR,17.9,60,40,50,3.51,0,0
B3613,,KR,18.2,76,49,62,5.49,0,0
B3614,,BNS,19.3,80,66,73,7.38,19,8.6
B3615,,MR,17.8,61,41,51,3.64,0,0
B3616,,MR,16.7,73,57,65,5.54,0,0
B3617,,KR,18.6,79,60,69,6.96,0,0
B3618,,KR,17.2,70,52,61,5.03,0,0
B3619,,KR,16.1,74,52,63,5.02,0,0
B3620,,BNS,15.2,83,64,73,6.06,14,4.7
B3621,,MB,17.5,76,62,69,5.36,26,18.1
B3622,,MR,21.6,81,56,68,7.84,0,0
B3623,,MR,18.9,83,60,71,7.48,0,0
B3624,,MR,14.4,74,60,67,4.93,10,2.8
B3625,,MR,16,64,50,57,4.08,0,0
B3626,,MR,13.2,60,47,53,2.91,0,0
B3627,,MR,19.7,71,51,61,5.76,0,0
B3628,,KR,20.6,78,57,67,7.26,0,0
B3629,,KR,19.8,71,51,61,5.79,0,0
B3630,,KR,21.9,65,46,55,5.2,0,0
B3631,,KR,24.4,76,54,65,8.1,0,0
B3632,,KR,18.7,79,54,66,6.4,0,0
B3633,,MR,17,64,47,55,4.04,0,0
B3634,,KR,18.1,75,62,68,6.57,0,0
B3635,,KR,16.3,72,56,64,5.24,0,0
B3636,,KR,16.8,69,47,58,4.44,0,0
B3637,,KR,16.4,71,48,59,4.48,0,0
B3638,,KR,20.2,60,42,51,4.13,0,0
B3639,,KR,18.8,65,46,55,4.47,0,0
B3640,,KR,20.9,64,44,54,4.79,0,0
B3641,,KR,21.6,80,55,67,7.62,0,0
B3642,,KR,16,69,51,60,4.52,0,0
B3643,,BNS,12.6,110,91,100,9.9,0,0
B3644,,MRS,17,69,48,58,3.94,18,12.3
B3645,,KR,19.8,70,48,59,5.41,0,0
B3646,,KR,15.5,60,39,49,2.92,0,0
B3647,,KR,16.5,50,40,45,2.62,0,0
B3648,,KR,14.5,62,54,58,3.83,0,0
B3649,,KR,15.3,53,38,45,2.43,0,0
B3650,,KR,20.7,69,47,58,5.47,0,0
B3651,,KR,18.3,55,40,47,3.17,0,0
B3652,,KR,20.4,75,56,65,6.77,0,0
B3653,,KR,21.1,62,43,52,4.48,0,0
B3654,,MR,23.2,70,51,60,6.56,0,0
B3655,,BNS,12.1,67,60,63,3.62,11,3.9
B3656,,MR,13.7,115,86,100,10.76,0,0
B3657,,MR,12.8,86,74,80,6.43,0,0
B3658,,KR,14.8,64,51,57,3.78,0,0
B3659,,BNS,17.2,62,46,54,3.94,0,0
B3660,,KR,9.4,63,57,60,2.66,0,0
B3661,,BNS,17.5,60,45,52,3.27,16,12.1
B3662,,KR,20.9,68,52,60,5.15,19,12.8
B3663,,KR,16,66,46,56,3.53,16,10.4
B3664,,KR,15.3,72,49,60,4.33,0,0
B3665,,KR,14.6,62,42,52,3.1,0,0
B3666,,KR,17.3,53,42,47,2.56,16,14.8
B3667,,KR,23.3,56,42,49,4.39,0,0
B3668,,KR,15.1,54,41,47,2.62,0,0
B3669,,KR,21.4,67,46,56,5.27,0,0
B3670,,KR,13,59,47,53,2.35,20,18.1
B3671,,KR,16.9,94,72,83,9.14,0,0
B3672,,KR,18.6,74,53,63,5.8,0,0
B3673,,KR,17.6,58,48,53,3.88,0,0
B3674,,KR,17,71,51,61,4.97,0,0
B3675,,KR,15.3,53,46,49,2.89,0,0
B3676,,MRS,14.8,69,53,61,4.33,0,0
B3677,,MRS,21.4,81,61,71,8.47,0,0
B3678,,KR,18.6,57,46,51,3.8,0,0
B3679,,KR,14.9,67,57,62,3.96,19,12
B3680,,BNS,11.8,57,46,51,2.41,0,0
B3681,,KR,16.8,52,38,45,2.67,0,0
B3682,,MB,10,73,66,69,3.11,25,16.7
B3683,,KR,17.8,64,45,54,4.08,0,0
B3684,,KR,21.1,69,45,57,5.38,0,0
B3685,,KR,19,61,48,54,4.35,0,0
B3686,,KR,20.4,78,55,66,6.98,0,0
B3687,,MRS,20.8,71,48,59,5.15,16,9.4
B3688,,MR,23.6,70,52,61,6.9,0,0
B3689,,BNS,17.6,68,58,63,5.49,0,0
B3690,,KR,14.2,68,46,57,3.62,0,0
B3691,,KR,14.4,76,65,70,5.54,0,0
B3692,,KR,13.2,64,48,56,3.25,0,0
B3693,,KR,13.6,54,44,49,2.56,0,0
B3694,,KR,13.6,64,52,58,3.59,0,0
B3695,,KR,19.8,62,47,54,4.53,0,0
B3696,,KR,17.2,68,51,59,4.7,0,0
B3697,,BNS,9.3,54,46,50,1.64,14,10
B3698,,KR,17.8,90,65,77,8.29,0,0
B3699,,KR,12.2,99,83,91,7.93,0,0
B3700,,BNS,11.9,65,53,59,2.99,15,8.2
B3701,,BNS,15.1,54,44,49,2.85,0,0
B3702,,MB,13.5,71,60,65,4.22,14,5.9
B3703,,BNS,19,56,41,48,3.44,0,0
B3704,,BNS,19,67,49,58,5.02,0,0
B3705,,MR,22.4,96,70,83,12.12,0,0
B3706,,MR,22.6,72,50,61,6.6,0,0
B3707,,MR,21.5,69,52,60,6.08,0,0
B3708,,MR,21.2,86,65,75,9.37,0,0
B3709,,MR,15.3,88,72,80,7.69,0,0
B3710,,MR,17.6,73,51,62,5.31,0,0
B3711,,MR,15.4,71,49,60,4.35,0,0
B3712,,MR,19.6,90,65,77,9.13,0,0
B3713,,MR,22.6,68,49,58,5.97,0,0
B3714,,MR,23.5,82,55,68,8.53,0,0
B3715,,MR,15.5,81,66,73,6.49,0,0
B3716,,MR,21.4,65,53,59,5.85,0,0
B3717,,KR,19.1,70,50,60,5.4,0,0
B3718,,KR,17.5,70,55,62,5.28,0,0
B3719,,KR,18.3,60,46,53,3.86,10,4.5
B3720,,MR,10.8,99,85,92,7.18,0,0
B3721,,MR,11.2,84,65,74,4.37,20,9.3
B3722,,KR,19.1,66,44,55,4.54,0,0
B3723,,KR,21.3,67,51,59,5.82,0,0
B3724,,MR,19.3,64,44,54,3.99,15,9.8
B3725,,MR,16,65,48,56,3.94,0,0
B3726,,MB,20.5,72,54,63,5.93,15,7.2
B3727,,KR,17.5,58,41,49,3.3,0,0
B3728,,KR,20.7,58,41,49,3.9,0,0
B3729,,KR,19.3,69,49,59,5.28,0,0
B3730,,KR,13,61,41,51,2.66,0,0
B3731,,KR,16.8,53,40,46,2.79,0,0
B3732,,KR,12.4,75,54,64,3.99,0,0
B3733,,MR,12.1,71,62,66,3.9,14,5.7
B3734,,BNS,16.7,73,63,68,5.9,10,2.8
B3735,,BNS,17.4,78,58,68,5.62,20,11
B3736,,MR,14,64,54,59,3.83,0,0
B3737,,KR,9,64,54,59,2.46,0,0
B3738,,BNS,14.8,77,60,68,5.22,10,2.8
B3739,,KR,20.5,77,55,66,7.01,0,0
B3740,,KR,15.1,54,41,47,2.62,0,0
B3741,,KR,20.5,66,48,57,5.23,0,0
B3742,,BNS,20.1,72,53,62,6.07,0,0
B3743,,KR,12.4,62,49,55,2.95,0,0
B3744,,BNS,12.5,63,54,58,3.3,0,0
B3745,,KR,16,89,69,79,7.84,0,0
B3746,,MR,16.7,67,47,57,4.1,10,3.9
B3747,,BNS,17.1,63,52,57,3.75,19,14.1
B3748,,BNS,14.2,63,49,56,3.5,0,0
B3749,,KR,11.6,55,46,50,2.28,0,0
B3750,,MR,14.1,66,55,60,3.99,0,0
B3751,,MR,17.6,83,64,73,7.37,0,0
B3752,,BNS,14.7,58,50,54,3.22,10,4.4
B3753,,MR,13.4,70,60,65,4.45,0,0
B3754,,BNS,15.5,68,50,59,4.08,10,3.7
B3755,,BNS,16.4,64,51,57,3.82,15,8.8
B3756,,KR,20.1,83,50,66,6.88,0,0
B3757,,MR,15.6,72,53,62,4.71,0,0
B3758,,BNS,16.9,66,51,58,4.09,15,8.5
B3759,,KR,19.3,60,44,52,4.1,0,0
B3760,,MR,13.9,66,58,62,4.2,0,0
B3761,,KR,13.3,55,42,48,2.41,0,0
B3762,,KR,21.6,80,58,69,8.08,0,0
B3763,,KR,24.4,65,51,58,6.2,10,3.8
B3764,,KR,18.8,68,47,57,4.8,0,0
B3765,,KR,20.3,65,48,56,5,0,0
B3766,,KR,18.2,60,42,51,3.72,0,0
B3767,,MR,23.1,80,60,70,8.89,0,0
B3768,,MR,18.6,68,51,59,5.09,0,0
B3769,,BNS,19.1,70,52,61,5.26,13,5.8
B3770,,MB,16.6,66,59,62,4.41,19,12
B3771,,KR,13,67,58,62,3.92,0,0
B3772,,KR,11.2,82,67,74,4.82,0,0
B3773,,KR,17.7,62,51,56,4.36,0,0
B3774,,KR,18.7,66,50,58,4.94,0,0
B3775,,KR,20.1,62,40,51,4.11,0,0
B3776,,KR,15.2,54,41,47,2.64,0,0
B3777,,KR,23.8,75,49,62,7.19,0,0
B3778,,KR,21.4,72,53,62,6.46,0,0
B3779,,KR,16.8,83,68,75,7.42,0,0
B3780,,KR,17.5,57,40,48,3.17,0,0
B3781,,KR,17.9,69,45,57,4.57,0,0
B3782,,KR,19.6,60,41,50,3.85,0,0
B3783,,KR,11.9,59,58,58,3.14,0,0
B3784,,MR,19.6,81,67,74,8.43,0,0
B3785,,BNS,16.1,65,53,59,4.24,10,3.7
B3786,,BNS,14.4,59,44,51,2.94,0,0
B3787,,BNS,17.2,62,51,56,4.03,11,4.9
B3788,,BNS,16.1,59,41,50,3,10,5.1
B3789,,MR,18.1,69,56,62,5.46,0,0
B3790,,MR,19.7,68,51,59,5.39,0,0
B3791,,KR,21.9,71,53,62,6.61,0,0
B3792,,BNS,14.8,70,58,64,4.23,19,11.2
B3793,,KR,8.7,63,49,56,2.14,0,0
B3794,,KR,15,53,40,46,2.49,0,0
B3795,,MR,17.3,68,61,64,5.57,0,0
B3796,,BNS,11.8,53,48,50,2.15,12,7.3
B3797,,MR,15.5,60,46,53,3.27,10,4.5
B3798,,MRS,16.4,69,53,61,4.79,0,0
B3799,,KR,19.6,55,41,48,3.55,0,0
B3800,,KR,19.2,63,45,54,4.4,0,0
B3801,,KR,15.7,62,41,51,3.21,0,0
B3802,,KR,14.3,85,72,78,6.83,0,0
B3803,,MR,22.6,84,64,74,9.72,0,0
B3804,,MR,18.2,68,50,59,4.98,0,0
B3805,,BNS,15.4,56,43,49,2.6,14,10.4
B3806,,BNS,16.1,50,36,43,2.18,10,6.9
B3807,,KR,20.7,70,49,59,5.66,0,0
B3808,,KR,20,59,44,51,4.09,0,0
B3809,,KR,20.2,64,48,56,4.98,0,0
B3810,,KR,17.5,77,57,67,6.17,0,0
B3811,,KR,17.8,50,38,44,2.71,0,0
B3812,,KR,18.1,71,49,60,5.12,0,0
B3813,,KR,17.4,51,41,46,2.89,0,0
B3814,,KR,21.9,72,49,60,6.19,0,0
B3815,,KR,16.6,78,56,67,5.85,0,0
B3816,,KR,18.5,71,49,60,4.81,15,8
B3817,,KR,21.8,65,40,52,4.63,0,0
B3818,,KR,12,62,53,57,3.06,0,0
B3819,,KR,13.9,52,42,47,2.41,0,0
B3820,,KR,19.8,74,56,65,6.57,0,0
B3821,,MR,20.9,64,46,55,4.97,0,0
B3822,,MR,16.5,60,45,52,3.5,0,0
B3823,,MR,17.6,70,53,61,5.14,0,0
B3824,,MR,18.9,61,45,53,4.17,0,0
B3825,,MR,19.8,67,46,56,4.88,0,0
B3826,,MR,22.4,82,55,68,8.13,0,0
B3827,,MR,17.6,61,43,52,3.74,0,0
B3828,,MR,22.4,85,56,70,8.62,0,0
B3829,,MR,18.9,105,79,92,12.56,0,0
B3830,,MR,18.3,87,72,79,8.97,0,0
B3831,,MR,13.3,63,55,59,3.64,0,0
B3832,,MR,20.3,85,61,73,8.5,0,0
B3833,,MR,20.7,83,61,72,8.43,0,0
B3834,,MR,22,85,64,74,9.46,0,0
B3835,,MR,15.9,80,64,72,5.84,20,9.8
B3836,,KR,20.6,72,53,62,6.22,0,0
B3837,,MR,20.5,65,48,56,5.05,0,0
B3838,,MR,21.3,73,53,63,6.64,0,0
B3839,,MR,18.2,64,50,57,4.64,0,0
B3840,,MR,17.1,76,56,66,5.85,0,0
B3841,,MR,16.2,62,49,55,3.85,0,0
B3842,,MR,13.2,63,51,57,3.37,0,0
B3843,,MR,18.1,85,62,73,7.27,13,4
B3844,,MR,16.6,60,44,52,3.53,0,0
B3845,,BNS,17.8,55,43,49,3.18,10,5.3
B3846,,BNS,15.8,59,46,52,2.84,18,15.3
B3847,,BNS,18.1,60,48,54,3.79,14,8.6
B3848,,KR,20.9,53,40,46,3.47,0,0
B3849,,KR,18.4,71,56,63,5.74,0,0
B3850,,KR,18.9,80,51,65,6.27,0,0
B3851,,KR,17.6,60,40,50,3.46,0,0
B3852,,KR,16.7,58,46,52,3.55,0,0
B3853,,KR,20,64,46,55,4.75,0,0
B3854,,KR,9.5,56,49,52,2.02,0,0
B3855,,KR,18.4,52,40,46,3.06,0,0
B3856,,MR,15.5,64,55,59,4.24,0,0
B3857,,MR,16.5,61,52,56,4.06,0,0
B3858,,MR,16.1,67,47,57,4.11,0,0
B3859,,MR,15,72,61,66,5.13,0,0
B3860,,MR,19.6,75,58,66,6.51,10,2.9
B3861,,MRS,18.6,68,48,58,4.91,0,0
B3862,,MR,14.1,75,56,65,4.68,0,0
B3863,,MR,18,63,48,55,4.28,0,0
B3864,,KR,21.2,73,52,62,6.4,0,0
B3865,,KR,22.6,78,57,67,7.97,0,0
B3866,,KR,11,82,76,79,5.39,0,0
B3867,,KR,8,70,63,66,2.74,0,0
B3868,,KR,12.7,73,66,69,4.75,0,0
B3869,,KR,17.4,68,46,57,4.44,0,0
B3870,,KR,17.4,65,51,58,4.6,0,0
B3871,,KR,16.3,70,51,60,4.61,0,0
B3872,,KR,13.6,94,72,83,7.36,0,0
B3873,,KR,20.7,79,58,68,7.52,0,0
B3874,,BNS,21,55,42,48,3.8,0,0
B3875,,MR,19.2,62,43,52,3.89,10,4.7
B3876,,MB,17.3,91,59,75,7.64,0,0
B3877,,MB,18.9,56,41,48,3.42,0,0
B3878,,MR,21.1,69,44,56,5.2,0,0
B3879,,KR,13.5,65,50,57,3.44,0,0
B3880,,MR,19.4,70,53,61,5.23,15,7.7
B3881,,KR,22.9,70,43,56,5.64,0,0
B3882,,KR,21.4,73,54,63,6.67,0,0
B3883,,KR,21.2,74,46,60,5.99,0,0
B3884,,KR,17.4,59,42,50,3.42,0,0
B3885,,MR,9,61,53,57,2.21,10,3.9
B3886,,MB,15.9,60,50,55,3.78,0,0
B3887,,MR,13.8,60,47,53,3.04,0,0
B3888,,KR,17,56,45,50,3.34,0,0
B3889,,MR,16.8,60,46,53,3.54,10,4.5
B3890,,KR,19.8,65,45,55,4.7,0,0
B3891,,MR,16.7,64,48,56,4.11,0,0
B3892,,MR,17,63,49,56,4.02,10,4.1
B3893,,BNS,12.8,61,51,56,2.82,16,10.4
B3894,,BNS,13.6,66,56,61,3.97,0,0
B3895,,MR,20.2,64,50,57,5.15,0,0
B3896,,BNS,12.7,64,55,59,3.47,0,0
B3897,,MR,21.2,79,58,68,7.7,0,0
B3898,,KR,20.5,72,51,61,5.99,0,0
B3899,,KR,15.9,75,56,65,5.28,0,0
B3900,,KR,15.1,55,38,46,2.51,0,0
B3901,,KR,15.4,62,46,54,3.53,0,0
B3902,,KR,19.4,68,46,57,4.95,0,0
B3903,,MR,15.7,76,61,68,5.7,0,0
B3904,,KR,17.3,65,54,59,4.73,0,0
B3905,,MR,15.7,72,53,62,4.74,0,0
B3906,,BNS,14.3,58,46,52,2.62,17,13.6
B3907,,BNS,13.3,63,54,58,3.13,17,10.9
B3908,,BNS,15,66,50,58,3.96,0,0
B3909,,MR,21.8,75,53,64,7.01,0,0
B3910,,KR,19.3,60,47,53,4.26,0,0
B3911,,KR,14.4,50,38,44,2.19,0,0
B3912,,KR,13.7,57,48,52,2.91,0,0
B3913,,KR,16.2,69,50,59,4.43,0,0
B3914,,KR,14.1,53,38,45,2.24,0,0
B3915,,KR,15.1,59,43,51,2.75,15,11
B3916,,KR,16.8,50,39,44,2.55,0,0
B3917,,KR,19.3,54,44,49,3.31,13,9
B3918,,KR,19.7,60,44,52,4.18,0,0
B3919,,KR,18.4,52,38,45,2.93,0,0
B3920,,KR,14.1,69,53,61,4.12,0,0
B3921,,MR,14.8,60,50,55,2.93,20,16.8
B3922,,KR,20.8,85,58,71,8.24,0,0
B3923,,KR,21.9,59,50,54,4.79,10,4.4
B3924,,KR,19.6,59,44,51,4,0,0
B3925,,KR,14.4,59,41,50,2.83,0,0
B3926,,KR,13.9,50,39,44,2.11,0,0
B3927,,KR,11,53,39,46,1.83,0,0
B3928,,KR,18.8,67,42,54,3.88,15,9.8
B3929,,KR,16.9,68,56,62,5.1,0,0
B3930,,KR,18.9,60,44,52,4.01,0,0
B3931,,KR,18.6,60,44,52,3.95,0,0
B3932,,KR,15.6,64,47,55,3.71,0,0
B3933,,MR,19.9,68,51,59,5.05,14,7.2
B3934,,KR,16.9,72,55,63,5.27,0,0
B3935,,KR,20.6,73,52,62,6.22,0,0
B3936,,KR,15,67,52,59,4.1,0,0
B3937,,KR,16.2,74,56,65,5.38,0,0
B3938,,MR,18,64,43,53,3.97,0,0
B3939,,MR,16.7,63,49,56,3.94,10,4.1
B3940,,KR,12,59,47,53,2.65,0,0
B3941,,KR,17.6,65,55,60,4.98,0,0
B3942,,KR,13.9,70,57,63,4.33,0,0
B3943,,KR,19.5,70,52,61,5.7,0,0
B3944,,KR,17.9,73,54,63,5.58,0,0
B3945,,KR,15.7,58,45,51,3.21,0,0
B3946,,KR,14.2,54,37,45,2.26,0,0
B3947,,KR,19.3,59,38,48,3.49,0,0
B3948,,MR,21.8,67,44,55,5.18,0,0
B3949,,MR,18.7,62,42,52,3.97,0,0
B3950,,MR,15.9,87,72,79,7.79,0,0
B3951,,MR,18.6,80,65,72,7.57,0,0
B3952,,MR,18,83,68,75,7.95,0,0
B3953,,MR,20.4,86,61,73,8.54,0,0
B3954,,MR,21.7,67,45,56,5.34,0,0
B3955,,MR,22.2,99,68,83,12.01,0,0
B3956,,MR,15.5,62,43,52,2.94,15,10.6
B3957,,MR,14.6,75,56,65,4.84,0,0
B3958,,MR,18.6,83,73,78,8.89,0,0
B3959,,MR,21.2,92,64,78,9.78,13,3.5
B3960,,MR,11.5,74,63,68,3.95,14,5.4
B3961,,BNS,19.4,69,50,59,5.3,0,0
B3962,,MR,20.1,64,46,55,4.78,0,0
B3963,,MR,17.4,77,56,66,5.95,0,0
B3964,,MR,21.6,67,54,60,6.11,0,0
B3965,,MR,21.5,90,65,77,10.01,0,0
B3966,,MR,22.8,68,53,60,6.45,0,0
B3967,,MR,18.7,79,52,65,6.21,0,0
B3968,,MR,15.4,84,60,72,6.27,0,0
B3969,,MR,15.8,68,53,60,4.47,0,0
B3970,,MR,17.2,86,67,76,7.63,10,2.2
B3971,,MR,20.8,81,60,70,7.54,15,5.8
B3972,,MR,19.7,75,49,62,5.95,0,0
B3973,,KR,14.7,56,40,48,2.66,0,0
B3974,,MR,16,74,50,62,4.83,0,0
B3975,,KR,15.5,69,60,64,4.99,0,0
B3976,,KR,12.7,53,40,46,2.11,0,0
B3977,,KR,19,52,43,47,3.11,10,5.8
B3978,,KR,16.3,59,46,52,3.23,12,6.8
B3979,,KR,17.1,50,48,49,3.22,0,0
B3980,,KR,18.6,69,52,60,5.26,0,0
B3981,,KR,17.9,69,58,63,5.58,0,0
B3982,,KR,18.6,73,58,65,6.17,0,0
B3983,,KR,14.9,63,52,57,3.8,0,0
B3984,,MR,15.2,63,50,56,3.74,0,0
B3985,,KR,15.1,71,50,60,4.27,0,0
B3986,,KR,17.7,69,48,58,4.68,0,0
B3987,,MR,19.9,82,59,70,7.66,0,0
B3988,,MR,19.6,68,47,57,4.81,10,3.9
B3989,,KR,19.8,85,60,72,8.06,0,0
B3990,,KR,19.9,69,41,55,4.73,0,0
B3991,,KR,20.2,82,62,72,8.22,0,0
B3992,,KR,15,79,54,66,5.13,0,0
B3993,,MR,22.7,101,73,87,13.49,0,0
B3994,,MR,14,98,82,90,8.91,0,0
B3995,,MR,15.8,82,60,71,6.26,0,0
B3996,,MR,17.3,81,62,71,6.85,0,0
B3997,,MR,14.3,80,71,75,6.32,0,0
B3998,,MR,21.8,76,55,65,7.23,0,0
B3999,,MR,18.1,56,46,51,3.7,0,0
B4000,,MR,21.1,64,47,55,5.01,0,0
B4001,,MR,18,63,43,53,3.97,0,0
B4002,,MR,22.3,61,50,55,5.3,0,0
B4003,,MR,22,71,57,64,7.08,0,0
B4004,,MR,18.7,82,66,74,8.04,0,0
B4005,,MR,18.4,70,53,61,5.38,0,0
B4006,,MR,20.4,89,69,79,10,0,0
B4007,,MR,22.7,87,62,74,9.76,0,0
B4008,,MR,20.7,63,46,54,4.44,12,6.3
B4009,,MR,16.9,74,59,66,5.78,0,0
B4010,,BNS,18.8,81,60,70,6.69,17,7.5
B4011,,MR,17.3,84,71,77,8.06,0,0
B4012,,BNS,21.6,70,54,62,6.52,0,0
B4013,,MR,22.8,66,48,57,5.82,0,0
B4014,,MR,16.2,65,52,58,4.12,10,3.8
B4015,,MR,19.4,71,56,63,5.85,10,3.2
B4016,,MR,22.4,74,49,61,6.55,0,0
B4017,,MR,19,71,56,63,5.92,0,0
B4018,,MB,14.3,63,52,57,3.65,0,0
B4019,,BNS,14.7,60,54,57,3.6,10,3.9
B4020,,BNS,10,66,55,60,2.6,15,8
B4021,,MB,11.4,60,52,56,2.81,0,0
B4022,,KR,12.8,62,49,55,3.04,0,0
B4023,,MB,14.2,62,48,55,3.37,0,0
B4024,,KR,21.4,62,50,56,5.27,0,0
B4025,,KR,13.7,50,41,45,2.04,10,6.3
B4026,,KR,23.1,69,51,60,6.53,0,0
B4027,,KR,12.7,56,40,48,2.3,0,0
B4028,,KR,16.5,65,43,54,3.78,0,0
B4029,,KR,22.6,78,48,63,7.04,0,0
B4030,,KR,14.7,75,53,64,4.73,0,0
B4031,,KR,15.7,70,54,62,4.74,0,0
B4032,,KR,16.8,57,45,51,3.43,0,0
B4033,,KR,9.1,51,47,49,1.72,0,0
B4034,,KR,15.5,64,48,56,3.82,0,0
B4035,,KR,11.2,50,41,45,1.78,0,0
B4036,,KR,20,70,51,60,5.2,15,8
B4037,,KR,16.8,54,42,48,3.04,0,0
B4038,,KR,14.7,53,47,50,2.89,0,0
B4039,,KR,19.1,64,48,56,4.7,0,0
B4040,,KR,18.7,65,41,53,4.13,0,0
B4041,,KR,16.8,57,45,51,3.26,10,4.9
B4042,,KR,17.5,55,39,47,3.04,0,0
B4043,,KR,22.6,74,54,64,7.27,0,0
B4044,,KR,16.3,64,47,55,3.87,0,0
B4045,,KR,16.3,58,41,49,3.07,0,0
B4046,,KR,20.1,65,47,56,4.95,0,0
B4047,,KR,16.5,63,44,53,3.64,0,0
B4048,,KR,14.1,58,47,52,2.99,0,0
B4049,,KR,11.1,68,54,61,3.24,0,0
B4050,,MB,13.2,67,58,62,3.65,16,8.5
B4051,,MR,18.3,72,58,65,5.66,15,6.8
B4052,,KR,16.6,55,44,49,3.13,0,0
B4053,,KR,19.7,61,43,52,4.18,0,0
B4054,,KR,22,65,47,56,5.42,0,0
B4055,,KR,21.5,62,40,51,4.39,0,0
B4056,,KR,14,54,45,49,2.64,0,0
B4057,,BNS,18.5,63,49,56,4.56,0,0
B4058,,KR,19.5,75,59,67,6.88,0,0
B4059,,KR,17.3,63,49,56,4.26,0,0
B4060,,MB,14.5,64,52,58,3.62,12,5.4
B4061,,MRS,18.9,61,41,51,3.86,0,0
B4062,,KR,17.5,55,38,46,2.91,0,0
B4063,,KR,18.9,55,38,46,3.14,0,0
B4064,,KR,12.5,53,47,50,2.17,15,11.5
B4065,,KR,20.4,64,44,54,4.47,10,4.4
B4066,,KR,21.9,70,45,57,5.59,0,0
B4067,,KR,16.9,84,61,72,6.71,10,2.5
B4068,,KR,21.9,69,43,56,5.39,0,0
B4069,,KR,19.2,79,61,70,7.2,10,2.6
B4070,,KR,14.8,62,48,55,3.52,0,0
B4071,,KR,19.2,79,52,65,6.37,0,0
B4072,,MR,13.4,80,76,78,5.97,18,6.8
B4073,,KR,16.8,72,55,63,5.24,0,0
B4074,,BNS,13.4,55,41,48,2.29,10,5.5
B4075,,KR,14.3,54,35,44,2.17,0,0
B4076,,KR,13.5,59,46,52,2.87,0,0
B4077,,KR,15.4,77,54,65,5.11,0,0
B4078,,KR,16.2,61,46,53,3.57,0,0
B4079,,KR,13.9,71,55,63,4.33,0,0
B4080,,MR,17.1,71,55,63,4.99,14,6.3
B4081,,KR,14.9,80,70,75,6.58,0,0
B4082,,KR,14,75,62,68,5.08,0,0
B4083,,KR,13.2,74,61,67,4.65,0,0
B4084,,KR,18.3,80,57,68,6.29,14,5.4
B4085,,MR,18.1,66,56,61,5.29,0,0
B4086,,MR,12.3,65,50,57,3.14,0,0
B4087,,MR,21,78,65,71,8.31,0,0
B4088,,KR,21,83,75,79,10.29,0,0
B4089,,KR,19.6,71,48,59,5.36,0,0
B4090,,KR,10.4,75,63,69,3.66,15,6
B4091,,MRS,18.7,73,55,64,6.02,0,0
B4092,,MB,13.4,75,56,65,3.74,23,15.9
B4093,,KR,16.8,54,44,49,3.17,0,0
B4094,,KR,14.6,68,53,60,4.13,0,0
B4095,,KR,23,66,40,53,5.07,0,0
B4096,,KR,20.9,84,56,70,8.04,0,0
B4097,,KR,23,73,49,61,6.72,0,0
B4098,,KR,14,67,54,60,3.96,0,0
B4099,,KR,19.9,70,53,61,5.82,0,0
B4100,,KR,16.8,68,47,57,4.29,0,0
B4101,,KR,16.8,72,53,62,5.07,0,0
B4102,,KR,18.3,60,41,50,3.59,0,0
B4103,,KR,17,76,57,66,5.82,0,0
B4104,,KR,20,67,55,61,5.84,0,0
B4105,,KR,14,68,54,61,4.09,0,0
B4106,,KR,10.3,69,35,52,2.19,0,0
B4107,,KR,19.8,73,46,59,5.41,0,0
B4108,,KR,21.3,67,52,59,5.51,12,5.3
B4109,,MR,12.7,60,41,50,2.49,0,0
B4110,,BNS,20.4,64,53,58,5.39,0,0
B4111,,MR,17.6,76,49,62,5.31,0,0
B4112,,MR,14,60,45,52,2.97,0,0
B4113,,BNS,13.3,66,54,60,3.63,10,3.5
B4114,,BNS,18,74,56,65,5.79,10,3
B4115,,MR,22,81,63,72,8.96,0,0
B4116,,MR,20.5,79,53,66,7.01,0,0
B4117,,MR,20.7,108,79,93,13.71,13,2.5
B4118,,MR,19,63,51,57,4.85,0,0
B4119,,MR,22,70,52,61,6.43,0,0
B4120,,MR,15.2,80,61,70,5.85,0,0
B4121,,MR,17.2,79,64,71,6.64,10,2.5
B4122,,MR,18.8,69,55,62,5.68,0,0
B4123,,MR,20.4,69,50,59,5.58,0,0
B4124,,MR,22.4,71,51,61,6.55,0,0
B4125,,MR,19.9,65,49,57,5.08,0,0
B4126,,MR,21,66,49,57,5.36,0,0
B4127,,MR,19.8,82,72,77,8.43,20,8.6
B4128,,MR,22.5,75,56,65,7.47,0,0
B4129,,MR,23.4,69,57,63,7.29,0,0
B4130,,MR,20.4,62,50,56,5.02,0,0
B4131,,KR,18.4,87,65,76,8.35,0,0
B4132,,KR,17.7,67,50,58,4.68,0,0
B4133,,KR,17.7,72,54,63,5.52,0,0
B4134,,KR,18.4,66,45,55,4.37,0,0
B4135,,KR,19.1,60,40,50,3.75,0,0
B4136,,MRS,18.7,62,41,51,3.82,0,0
B4137,,MRS,17.3,63,46,54,3.96,0,0
B4138,,KR,20.4,82,57,69,7.63,0,0
B4139,,MR,19.4,68,45,56,4.78,0,0
B4140,,BNS,13.5,61,51,56,3.19,10,4.1
B4141,,BNS,17.2,65,55,60,4.18,20,14.1
B4142,,BNS,15,70,54,62,4.53,0,0
B4143,,MR,18.7,65,51,58,4.94,0,0
B4144,,BNS,14.8,53,40,46,1.98,18,19.5
B4145,,MR,20,67,52,59,5.47,0,0
B4146,,MR,23.2,82,62,72,9.12,12,3.5
B4147,,BNS,15.2,62,51,56,3.74,0,0
B4148,,MR,9.7,60,47,53,2.14,0,0
B4149,,BNS,12.8,64,52,58,3.25,10,3.8
B4150,,MR,15.5,60,46,53,3.42,0,0
B4151,,MR,12,64,56,60,3.39,0,0
B4152,,MR,14.7,91,76,83,7.95,0,0
B4153,,MR,14.7,69,58,63,4.58,0,0
B4154,,MR,17.4,74,56,65,5.77,0,0
B4155,,MR,17.1,73,58,65,5.67,0,0
B4156,,MR,20.4,101,73,87,11.67,15,3.8
B4157,,MR,15.4,62,50,56,3.53,13,6.9
B4158,,MR,17.4,74,58,66,5.66,13,4.9
B4159,,MR,13.4,86,73,79,6.57,0,0
B4160,,MR,22.5,62,50,56,5.54,0,0
B4161,,MR,20.9,79,68,73,8.75,0,0
B4162,,MR,20.3,85,62,73,8.25,11,2.9
B4163,,MR,21.5,77,58,67,7.58,0,0
B4164,,MR,22.9,75,60,67,8.07,0,0
B4165,,MR,16.7,68,57,62,5.04,0,0
B4166,,MR,17.4,75,61,68,6.32,0,0
B4167,,MR,19.5,94,76,85,11.07,0,0
B4168,,MR,20.6,94,67,80,10.35,0,0
B4169,,MR,21.2,69,51,60,5.99,0,0
B4170,,MR,16.4,67,52,59,4.48,0,0
B4171,,MR,18.9,66,48,57,4.82,0,0
B4172,,MR,20.2,65,43,54,4.63,0,0
B4173,,KR,19.2,61,42,51,3.92,0,0
B4174,,KR,12.2,78,67,72,4.97,0,0
B4175,,KR,15.7,59,48,53,3.46,0,0
B4176,,BNS,15,57,45,51,3.06,0,0
B4177,,BNS,18.5,82,53,67,6.52,0,0
B4178,,MR,22.9,74,46,60,6.47,0,0
B4179,,KR,20.1,70,55,62,6.07,0,0
B4180,,BNS,14.9,60,51,55,3.54,0,0
B4181,,KR,12.1,58,41,49,2.28,0,0
B4182,,KR,20.6,77,57,67,7.26,0,0
B4183,,BNS,20.4,70,54,62,5.96,10,3.3
B4184,,MR,15.4,60,52,56,3.79,0,0
B4185,,BNS,12.2,65,58,61,3.57,0,0
B4186,,MR,20.1,74,54,64,6.47,0,0
B4187,,MR,21.2,63,47,55,5.04,0,0
B4188,,MR,17.1,66,58,62,5.16,0,0
B4189,,MR,16.8,67,50,58,4.44,0,0
B4190,,MR,18.2,66,45,55,4.32,0,0
B4191,,MR,18.2,69,57,63,5.67,0,0
B4192,,BNS,13.7,64,55,59,3.75,0,0
B4193,,MR,13.4,68,54,61,3.92,0,0
B4194,,MR,15.7,65,50,57,4.01,0,0
B4195,,MR,12,60,51,55,2.85,0,0
B4196,,MR,17,68,54,61,4.97,0,0
B4197,,MR,17.7,74,64,69,6.62,0,0
B4198,,MR,18.8,71,63,67,6.63,0,0
B4199,,MR,17.4,91,65,78,8.31,0,0
B4200,,MR,21,83,61,72,8.55,0,0
B4201,,MR,23.5,86,66,76,10.66,0,0
B4202,,MR,15.6,96,78,87,9.27,0,0
B4203,,MR,13.9,64,57,60,3.38,20,14.1
B4204,,BNS,12.1,54,49,51,2.47,0,0
B4205,,KR,21,53,37,45,3.34,0,0
B4206,,KR,15.6,54,46,50,2.91,10,5.1
B4207,,KR,17.8,61,49,55,4.23,0,0
B4208,,KR,17.9,53,41,47,3.11,0,0
B4209,,KR,20.9,73,57,65,6.94,0,0
B4210,,MR,19.7,73,54,63,6.14,0,0
B4211,,KR,14,56,37,46,2.33,0,0
B4212,,MR,16.5,66,51,58,4.36,0,0
B4213,,MR,14.1,65,55,60,3.99,0,0
B4214,,MB,18.3,68,49,58,4.84,0,0
B4215,,MR,22.4,74,53,63,6.98,0,0
B4216,,MR,20.2,66,52,59,5.52,0,0
B4217,,BNS,11.6,125,103,114,11.28,22,4.7
B4218,,BNS,10.3,103,88,95,7.3,0,0
B4219,,KR,17.8,50,41,45,2.83,0,0
B4220,,KR,19.2,64,50,57,4.9,0,0
B4221,,KR,13.6,68,50,59,3.72,0,0
B4222,,KR,19.3,72,47,59,5.28,0,0
B4223,,KR,16.6,64,43,53,3.66,0,0
B4224,,KR,21,78,59,68,7.63,0,0
B4225,,KR,13.1,62,49,55,3.11,0,0
B4226,,MR,13.8,92,72,82,7.29,0,0
B4227,,MR,15,72,55,63,4.68,0,0
B4228,,MR,11.5,65,55,60,3.25,0,0
B4229,,MR,20,74,47,60,5.65,0,0
B4230,,MR,18.2,63,49,56,4.48,0,0
B4231,,MR,12.1,62,56,59,3.31,0,0
B4232,,MR,23.8,76,56,66,8.14,0,0
B4233,,MR,21.1,63,51,57,5.38,0,0
B4234,,MR,14,60,51,55,3.33,0,0
B4235,,MR,14.7,67,52,59,4.02,0,0
B4236,,MR,16.4,72,52,62,4.95,0,0
B4237,,MR,14.8,75,60,67,5.22,0,0
B4238,,MB,14.7,59,46,52,3.12,0,0
B4239,,KR,18.2,55,39,47,3.16,0,0
B4240,,MR,22.4,74,49,61,6.55,0,0
B4241,,MR,10.9,89,73,81,5.62,0,0
B4242,,MR,13.3,101,89,95,9.43,0,0
B4243,,KR,14.7,73,57,65,4.88,0,0
B4244,,MR,19.3,70,56,63,6.02,0,0
B4245,,MR,15.9,63,52,57,4.06,0,0
B4246,,MR,20.4,68,58,63,6.36,0,0
B4247,,MR,21.3,75,67,71,8.43,0,0
B4248,,MR,19.4,84,62,73,7.62,16,6.1
B4249,,MR,22,72,53,62,6.64,0,0
B4250,,MR,21,71,46,58,5.34,10,3.8
B4251,,MR,14.8,95,79,87,8.46,15,3.8
B4252,,MR,19.9,89,70,79,9.75,0,0
B4253,,MR,18.9,75,58,66,6.47,0,0
B4254,,MR,22.5,83,56,69,8.14,11,3.2
B4255,,MR,20.1,73,54,63,6.07,10,3.2
B4256,,MR,18.4,78,61,69,6.88,0,0
B4257,,MR,14.7,93,77,85,8.34,0,0
B4258,,MR,13.1,111,93,102,10.7,0,0
B4259,,MR,22.4,81,60,70,8.62,0,0
B4260,,MR,23,77,61,69,8.02,16,6.8
B4261,,MR,18.2,68,53,60,5.15,0,0
B4262,,MR,19.7,75,60,67,6.95,0,0
B4263,,MR,12.6,71,64,67,4.44,0,0
B4264,,MR,11.9,64,60,62,3.59,0,0
B4265,,MR,21.6,64,52,58,5.71,0,0
B4266,,MR,11,73,62,67,3.88,0,0
B4267,,MR,13,62,54,58,3.43,0,0
B4268,,MR,12.4,62,53,57,3.16,0,0
B4269,,KR,14.9,50,39,44,2.27,0,0
B4270,,BNS,11.5,64,55,59,2.89,15,8.2
B4271,,KR,22.7,75,54,64,6.21,22,15
B4272,,KR,21.5,77,58,67,7.58,0,0
B4273,,KR,19.7,52,42,47,3.42,0,0
B4274,,KR,16.4,57,46,51,3.35,0,0
B4275,,KR,21.3,77,55,66,7.29,0,0
B4276,,KR,17.1,61,48,54,3.92,0,0
B4277,,BNS,12,89,77,83,6.49,0,0
B4278,,BNS,12,77,68,72,4.89,0,0
B4279,,MR,16.5,72,56,64,5.14,10,3.1
B4280,,KR,13.6,65,51,58,3.59,0,0
B4281,,KR,14.9,67,52,59,3.92,10,3.7
B4282,,KR,17.5,59,41,50,3.44,0,0
B4283,,KR,16,62,52,57,3.72,15,8.8
B4284,,MR,16,76,59,67,5.64,0,0
B4285,,MR,15,60,46,53,3.31,0,0
B4286,,MR,19.8,62,49,55,4.7,0,0
B4287,,BNS,18.4,63,46,54,4.03,10,4.4
B4288,,MR,19.4,67,54,60,5.49,0,0
B4289,,MR,16,66,47,56,3.94,0,0
B4290,,MB,14.4,61,53,57,3.67,0,0
B4291,,KR,22.8,71,42,56,5.62,0,0
B4292,,KR,19.3,74,50,62,5.83,0,0
B4293,,KR,19.2,62,45,53,4.24,0,0
B4294,,KR,21.9,65,43,54,5.02,0,0
B4295,,KR,16.9,73,53,63,5.27,0,0
B4296,,KR,17.9,57,42,49,3.38,0,0
B4297,,KR,13.7,56,48,52,2.91,0,0
B4298,,KR,17.2,68,58,63,5.36,0,0
B4299,,KR,19.7,71,46,58,5.2,0,0
B4300,,KR,16.7,66,50,58,4.17,12,5.4
B4301,,KR,19.3,65,44,54,4.42,0,0
B4302,,MR,18.2,74,57,65,5.73,13,5.1
B4303,,MR,14.7,60,43,51,3,0,0
B4304,,MR,14.6,60,46,53,3.04,11,5.5
B4305,,KR,18.4,61,44,52,3.91,0,0
B4306,,MR,16.5,60,43,51,3.37,0,0
B4307,,KR,21.4,62,47,54,4.9,0,0
B4308,,KR,18.7,60,46,53,3.94,10,4.5
B4309,,KR,15.4,63,45,54,3.53,0,0
B4310,,KR,15.2,57,46,51,3.11,0,0
B4311,,KR,15.8,57,39,48,2.86,0,0
B4312,,KR,16.7,53,39,46,2.78,0,0
B4313,,KR,14.6,54,42,48,2.64,0,0
B4314,,KR,19.7,71,49,60,5.57,0,0
B4315,,KR,17.5,55,37,46,2.91,0,0
B4316,,KR,14.5,56,40,48,2.62,0,0
B4317,,KR,16.2,61,43,52,3.44,0,0
B4318,,KR,16.2,54,38,46,2.69,0,0
B4319,,KR,20.8,58,41,49,3.92,0,0
B4320,,MR,16.4,68,46,57,4.18,0,0
B4321,,KR,19.5,69,43,56,4.8,0,0
B4322,,MR,9.4,64,58,61,2.75,0,0
B4323,,KR,18.7,80,53,66,6.4,0,0
B4324,,KR,18,75,60,67,6.35,0,0
B4325,,KR,18.1,74,51,62,5.46,0,0
B4326,,KR,21.3,67,44,55,5.06,0,0
B4327,,KR,20.2,54,38,46,3.36,0,0
B4328,,KR,23,61,39,50,4.52,0,0
B4329,,BNS,16.7,98,78,88,10.16,0,0
B4330,,KR,15.3,58,43,50,3,0,0
B4331,,BNS,15.8,65,52,58,3.41,22,18.3
B4332,,KR,15.8,59,51,55,3.75,0,0
B4333,,KR,17.8,65,46,55,4.23,0,0
B4334,,KR,19,60,41,50,3.73,0,0
B4335,,MR,14.2,84,69,76,6.44,0,0
B4336,,MR,18.5,108,73,90,11.36,15,3.5
B4337,,MR,14.5,75,64,69,5.42,0,0
B4338,,MR,16,72,53,62,4.83,0,0
B4339,,MR,22.5,95,74,84,12.47,0,0
B4340,,MR,22.6,73,57,65,7.5,0,0
B4341,,MR,16.5,67,51,59,4.51,0,0
B4342,,MR,17.1,68,54,61,5,0,0
B4343,,MR,13.2,67,63,65,4.38,0,0
B4344,,BNS,11.4,57,51,54,2.2,19,15.8
B4345,,KR,14.5,51,41,46,2.41,0,0
B4346,,KR,18.5,71,56,63,5.77,0,0
B4347,,MR,15.3,60,50,55,3.64,0,0
B4348,,KR,17.9,57,45,51,3.66,0,0
B4349,,KR,19.3,50,43,46,3.21,0,0
B4350,,MR,19.2,61,50,55,4.56,0,0
B4351,,KR,19.9,61,42,51,4.07,0,0
B4352,,KR,21.7,79,49,64,6.98,0,0
B4353,,KR,18.9,61,43,52,4.01,0,0
B4354,,MR,13.6,63,49,56,3.35,0,0
B4355,,MR,23,67,47,57,5.87,0,0
B4356,,MR,21.4,60,42,51,4.37,0,0
B4357,,MR,12.4,70,60,65,4.11,0,0
B4358,,BNS,16.5,75,56,65,5.05,16,7.7
B4359,,MR,19.1,65,55,60,5.4,0,0
B4360,,KR,22.7,69,50,59,6.21,0,0
B4361,,BNS,15.6,71,55,63,4.71,10,3.2
B4362,,MR,15.7,60,52,56,3.87,0,0
B4363,,BNS,22,69,56,62,6.27,13,5.6
B4364,,BNS,19.7,71,62,66,6.03,19,10.5
B4365,,BNS,21.8,64,52,58,5.45,12,5.4
B4366,,BNS,16.3,63,52,57,4,10,3.9
B4367,,BNS,16.4,52,43,47,2.42,16,14.8
B4368,,KR,19.2,58,38,48,3.47,0,0
B4369,,BNS,12.4,67,46,56,2.93,10,4.1
B4370,,KR,20.6,64,45,54,4.72,0,0
B4371,,KR,19.6,63,49,56,4.83,0,0
B4372,,KR,16.2,50,34,42,2.24,0,0
B4373,,KR,15.7,51,40,45,2.5,0,0
B4374,,KR,19.4,58,45,51,3.96,0,0
B4375,,KR,17.1,59,40,49,3.22,0,0
B4376,,KR,16.2,56,44,50,3.18,0,0
B4377,,MR,12,60,45,52,2.55,0,0
B4378,,KR,19.8,57,41,49,3.73,0,0
B4379,,MR,17,72,61,66,5.82,0,0
B4380,,MR,19.3,60,51,55,4.59,0,0
B4381,,MR,16.4,71,53,62,4.95,0,0
B4382,,MR,19.2,79,62,70,7.39,0,0
B4383,,MR,16.6,65,47,56,3.72,15,9.1
B4384,,MR,17.6,67,56,61,5.14,0,0
B4385,,MR,16.3,66,52,59,4.46,0,0
B4386,,MR,16.2,67,58,62,4.52,15,7.5
B4387,,KR,15.8,70,53,61,4.62,0,0
B4388,,MR,22.8,76,59,67,8.04,0,0
B4389,,KR,21,59,40,49,3.96,0,0
B4390,,KR,20.2,72,47,59,5.52,0,0
B4391,,KR,19.1,58,40,49,3.6,0,0
B4392,,KR,19.8,58,40,49,3.73,0,0
B4393,,KR,17.4,61,41,51,3.55,0,0
B4394,,KR,14.5,63,52,57,3.7,0,0
B4395,,KR,14.2,50,42,46,2.36,0,0
B4396,,KR,20.5,53,44,48,3.71,0,0
B4397,,KR,22,73,52,62,6.64,0,0
B4398,,KR,21.3,69,51,60,6.02,0,0
B4399,,KR,17.4,72,54,63,5.42,0,0
B4400,,KR,24.3,70,45,57,6.2,0,0
B4401,,KR,24.5,79,55,67,8.64,0,0
B4402,,KR,21.8,83,60,71,8.63,0,0
B4403,,KR,22.1,70,54,62,6.67,0,0
B4404,,KR,22,70,57,63,6.86,0,0
B4405,,KR,23.6,93,59,76,10.71,0,0
B4406,,KR,24.1,92,61,76,10.93,0,0
B4407,,KR,20.9,70,50,60,5.91,0,0
B4408,,KR,20.4,66,47,56,5.02,0,0
B4409,,MR,14.5,60,40,50,2.43,17,14.7
B4410,,KR,17.7,53,41,47,3.07,0,0
B4411,,KR,18.1,63,50,56,4.46,0,0
B4412,,KR,22,65,45,55,5.23,0,0
B4413,,KR,19.8,85,64,74,8.52,0,0
B4414,,KR,22.1,63,41,52,4.69,0,0
B4415,,KR,17.5,64,47,55,3.95,11,5.1
B4416,,KR,18.5,55,36,45,2.53,15,14.1
B4417,,KR,21.6,58,40,49,4.07,0,0
B4418,,KR,19.3,66,45,55,4.39,10,4.2
B4419,,KR,14.9,68,51,59,3.54,19,13.2
B4420,,KR,12.7,72,59,65,4.21,0,0
B4421,,KR,8,71,59,65,2.65,0,0
B4422,,KR,20.7,77,50,63,6.45,0,0
B4423,,KR,18.2,61,45,53,4.02,0,0
B4424,,MR,10.1,70,61,65,3.21,12,4.3
B4425,,KR,18.2,56,41,48,3.29,0,0
B4426,,KR,19,56,41,48,3.44,0,0
B4427,,KR,17.1,61,41,51,3.49,0,0
B4428,,KR,20.9,64,44,54,4.79,0,0
B4429,,KR,19.6,62,45,53,4.32,0,0
B4430,,KR,16,66,43,54,3.66,0,0
B4431,,KR,18.2,63,48,55,4.32,0,0
B4432,,KR,17.4,57,39,48,3.15,0,0
B4433,,KR,20.3,56,37,46,3.37,0,0
B4434,,KR,19.2,53,35,44,2.92,0,0
B4435,,KR,15.1,53,35,44,2.3,0,0
B4436,,KR,18.1,62,50,56,4.46,0,0
B4437,,KR,21.6,55,37,46,3.59,0,0
B4438,,KR,17.6,56,40,48,3.18,0,0
B4439,,KR,17.4,55,40,47,3.02,0,0
B4440,,KR,15.6,53,35,44,2.37,0,0
B4441,,KR,18.3,61,43,52,3.89,0,0
B4442,,KR,13.5,72,56,64,4.34,0,0
B4443,,MR,22,76,58,67,7.76,0,0
B4444,,MR,12.2,70,61,65,3.56,20,12.1
B4445,,MR,14.5,76,66,71,5.74,0,0
B4446,,MR,11.6,66,60,63,3.62,0,0
B4447,,MR,8.4,78,65,71,3.33,0,0
B4448,,MR,16.2,71,56,63,4.89,10,3.2
B4449,,MR,13.9,84,69,76,6.31,0,0
B4450,,MR,18.6,66,46,56,4.58,0,0
B4451,,MR,12,71,58,64,3.86,0,0
B4452,,MR,18.8,104,79,91,12.23,0,0
B4453,,MR,14.2,111,95,103,11.47,16,3.1
B4454,,MR,13.4,94,78,86,7.59,12,2.5
B4455,,MR,22.1,60,46,53,4.88,0,0
B4456,,MR,9.7,65,55,60,2.74,0,0
B4457,,MR,15.6,60,46,53,3.44,0,0
B4458,,MR,16.8,69,57,63,5.24,0,0
B4459,,BNS,16.8,84,65,74,7.23,0,0
B4460,,MR,20.8,78,60,69,7.78,0,0
B4461,,MR,20.7,77,57,67,7.3,0,0
B4462,,MR,12.5,102,85,93,8.49,0,0
B4463,,MR,12.2,85,70,77,5.68,0,0
B4464,,MR,13.3,90,78,84,7.37,0,0
B4465,,MR,10.6,78,71,74,4.56,0,0
B4466,,BNS,18.2,85,67,76,8.26,0,0
B4467,,MR,18.9,73,52,62,5.71,0,0
B4468,,MR,16,75,63,69,5.98,0,0
B4469,,MR,16.6,93,76,84,9.2,0,0
B4470,,MR,14.7,60,45,52,2.98,10,4.7
B4471,,MR,17,72,62,67,5.99,0,0
B4472,,MR,17.3,65,49,57,4.07,14,7.7
B4473,,MR,19.6,68,52,60,5.54,0,0
B4474,,MR,20.5,68,60,64,6.39,10,3.1
B4475,,MR,17,64,53,58,4.49,0,0
B4476,,MR,16,66,55,60,4.52,0,0
B4477,,MR,21.3,75,55,65,7.07,0,0
B4478,,MR,22,91,62,76,9.98,0,0
B4479,,KR,13.3,74,57,65,4.41,0,0
B4480,,KR,13.3,57,48,52,2.82,0,0
B4481,,KR,15.3,61,46,53,3.38,0,0
B4482,,KR,21,70,49,59,5.74,0,0
B4483,,KR,15,55,43,49,2.83,0,0
B4484,,MR,24.4,73,56,64,7.85,0,0
B4485,,MB,17.5,72,52,62,5.11,10,3.3
B4486,,BNS,16.1,64,52,58,4.25,0,0
B4487,,BNS,16.7,52,37,44,2.54,0,0
B4488,,BNS,16.9,60,50,55,4.02,0,0
B4489,,KR,20.8,72,50,61,6.08,0,0
B4490,,KR,16.1,72,59,65,5.34,0,0
B4491,,KR,16.4,56,40,48,2.97,0,0
B4492,,KR,21.8,53,40,46,3.62,0,0
B4493,,KR,15,50,44,47,2.6,0,0
B4494,,KR,22.2,54,38,46,3.69,0,0
B4495,,KR,18.4,57,45,51,3.76,0,0
B4496,,KR,19.3,59,43,51,3.94,0,0
B4497,,KR,20,52,40,46,3.32,0,0
B4498,,KR,18.6,78,53,65,6.17,0,0
B4499,,KR,15.2,55,46,50,2.98,0,0
B4500,,KR,16,58,42,50,3.14,0,0
B4501,,BNS,11.2,57,48,52,2.27,10,4.7
B4502,,BNS,14.7,52,41,46,2.19,13,10.2
B4503,,MR,18.6,61,44,52,3.95,0,0
B4504,,MB,20.7,61,45,53,4.22,13,7.7
B4505,,MB,11.6,68,59,63,3.62,0,0
B4506,,MR,15.9,78,57,67,5.61,0,0
B4507,,MR,13.7,95,79,87,8.01,10,1.7
B4508,,MR,19,69,54,61,5.28,12,4.9
B4509,,MR,24,77,56,66,8.21,0,0
B4510,,MR,17.3,60,51,55,4.11,0,0
B4511,,MR,23,74,59,66,7.87,0,0
B4512,,MR,16.3,87,76,81,8.24,10,1.9
B4513,,MR,15.8,88,71,79,7.74,0,0
B4514,,MR,19,73,53,63,5.92,0,0
B4515,,MR,23.1,86,61,73,9.67,0,0
B4516,,MR,23,66,50,58,6.08,0,0
B4517,,MR,18.6,74,57,65,6.17,0,0
B4518,,MR,9.6,79,68,73,4.02,0,0
B4519,,MR,13.8,86,78,82,7.29,0,0
B4520,,MR,17.8,75,60,67,6.28,0,0
B4521,,MR,14.8,68,54,61,4.33,0,0
B4522,,MR,19.5,91,66,78,9.32,0,0
B4523,,MR,18.3,84,63,73,7.66,0,0
B4524,,MR,19.2,73,50,61,5.61,0,0
B4525,,MR,13.7,83,72,77,6.38,0,0
B4526,,MR,20.2,88,72,80,10.15,0,0
B4527,,MR,17.2,84,69,76,7.8,0,0
B4528,,MR,19.5,84,75,79,9.56,0,0
B4529,,MR,16.5,99,82,90,10.5,0,0
B4530,,MR,14.8,104,100,102,12.09,0,0
B4531,,MR,24,97,75,86,13.94,0,0
B4532,,MR,23.5,98,70,84,13.02,0,0
B4533,,MR,23,89,68,78,10.99,0,0
B4534,,MR,24.3,79,59,69,9.09,0,0
B4535,,MR,20,93,76,84,11.08,0,0
B4536,,MR,16.8,67,57,62,5.07,0,0
B4537,,MR,21.8,84,65,74,9.38,0,0
B4538,,MR,23.3,76,65,70,8.97,0,0
B4539,,MR,16.6,71,57,64,5.34,0,0
B4540,,MR,19.3,60,54,57,4.92,0,0
B4541,,MR,21.4,60,48,54,4.9,0,0
B4542,,MR,17.5,69,52,60,4.95,0,0
B4543,,MR,18.7,80,59,69,6.8,10,2.7
B4544,,MR,14.2,65,58,61,4.15,0,0
B4545,,MR,23,82,55,68,8.35,0,0
B4546,,MR,17.9,60,53,56,4.41,0,0
B4547,,MR,15,60,46,53,3.31,0,0
B4548,,MR,12.1,67,60,63,3.77,0,0
B4549,,MR,22,94,73,83,11.9,0,0
B4550,,MR,12,73,70,71,4.75,0,0
B4551,,MR,24.5,107,68,87,14.56,0,0
B4552,,MR,23,63,48,55,5.46,0,0
B4553,,MR,23.7,71,54,62,7.16,0,0
B4554,,MR,21.2,67,47,57,5.41,0,0
B4555,,MR,16.2,71,59,65,5.14,12,4.3
B4556,,KR,18.9,60,48,54,4.14,10,4.4
B4557,,KR,21.1,91,68,79,10.34,0,0
B4558,,KR,21,76,54,65,6.97,0,0
B4559,,MB,15.5,66,48,57,3.96,0,0
B4560,,KR,20.6,61,39,50,4.04,0,0
B4561,,KR,17.2,72,50,61,5.03,0,0
B4562,,BNS,19.3,68,55,61,5.45,10,3.4
B4563,,KR,16.1,81,57,69,6.02,0,0
B4564,,KR,16.1,52,38,45,2.56,0,0
B4565,,KR,14.8,64,51,57,3.78,0,0
B4566,,KR,20.6,80,52,66,7.05,0,0
B4567,,KR,15,65,48,56,3.69,0,0
B4568,,KR,23.1,61,43,52,4.91,0,0
B4569,,KR,17.2,65,47,56,4.24,0,0
B4570,,KR,14.6,58,37,47,2.53,0,0
B4571,,KR,22.5,67,51,59,6.15,0,0
B4572,,KR,22.2,62,44,53,4.9,0,0
B4573,,MR,17.9,72,54,63,5.58,0,0
B4574,,MR,18.1,60,45,52,3.84,0,0
B4575,,MR,23.7,96,70,83,12.82,0,0
B4576,,MR,22.4,91,64,77,10.43,0,0
B4577,,MR,20,83,61,72,8.14,0,0
B4578,,MR,21.5,69,45,57,5.49,0,0
B4579,,MR,23.7,78,51,64,7.62,0,0
B4580,,MR,13.6,107,91,99,10.47,0,0
B4581,,MR,17.4,63,57,60,4.92,0,0
B4582,,MR,17.2,76,62,69,5.94,17,7.7
B4583,,MR,10,90,85,87,5.94,0,0
B4584,,KR,16.6,63,45,54,3.8,0,0
B4585,,KR,19.6,56,49,52,4.16,0,0
B4586,,KR,23.3,70,48,59,6.37,0,0
B4587,,KR,20.5,71,51,61,5.79,10,3.4
B4588,,KR,14.7,50,35,42,2.04,0,0
B4589,,KR,14.5,59,46,52,3.08,0,0
B4590,,KR,15.1,55,35,45,2.25,10,6.3
B4591,,MR,14.8,63,53,58,3.91,0,0
B4592,,MR,12.6,66,54,60,3.2,17,10.2
B4593,,MB,14.3,85,75,80,7.19,0,0
B4594,,MR,16,61,52,56,3.94,0,0
B4595,,BNS,21,66,51,58,4.02,27,27.6
B4596,,MB,11.8,74,61,67,4.16,0,0
B4597,,MR,16.2,64,49,56,3.99,0,0
B4598,,MR,16.5,65,49,57,4.21,0,0
B4599,,MB,17.2,74,60,67,6.06,0,0
B4600,,MB,15.7,57,43,50,2.68,16,13
B4601,,MB,15.5,65,46,55,3.68,0,0
B4602,,MR,16.7,68,54,61,4.88,0,0
B4603,,KR,24.2,68,45,56,5.96,0,0
B4604,,KR,18.3,61,49,55,4.35,0,0
B4605,,KR,20.8,65,48,56,5.12,0,0
B4606,,KR,21.1,61,38,49,3.98,0,0
B4607,,KR,17.5,87,57,72,7.13,0,0
B4608,,KR,19.1,80,48,64,6.14,0,0
B4609,,KR,22,56,38,47,3.82,0,0
B4610,,KR,20.2,61,44,52,4.29,0,0
B4611,,KR,18.9,58,49,53,4.17,0,0
B4612,,KR,19.4,66,46,56,4.78,0,0
B4613,,KR,21.5,69,53,61,6.28,0,0
B4614,,KR,20.3,58,46,52,4.31,0,0
B4615,,KR,19.7,57,44,50,3.87,0,0
B4616,,KR,22.4,76,59,67,7.9,0,0
B4617,,KR,20.9,55,40,47,3.63,0,0
B4618,,KR,19.3,59,39,49,3.64,0,0
B4619,,KR,21.6,59,39,49,4.07,0,0
B4620,,KR,17.2,51,41,46,2.86,0,0
B4621,,KR,13.8,71,56,63,4.3,0,0
B4622,,KR,14.1,56,46,51,2.88,0,0
B4623,,KR,12.7,64,50,57,3.24,0,0
B4624,,KR,15.4,67,54,60,4.35,0,0
B4625,,KR,17.9,65,47,56,4.41,0,0
B4626,,KR,18.2,59,44,51,3.72,0,0
B4627,,KR,14.7,63,47,55,3.49,0,0
B4628,,KR,17.5,57,41,49,3.3,0,0
B4629,,KR,21.6,67,46,56,5.32,0,0
B4630,,KR,21.9,69,48,58,5.79,0,0
B4631,,KR,20.1,61,44,52,4.27,0,0
B4632,,KR,17.6,55,39,47,3.05,0,0
B4633,,KR,13.5,61,45,53,2.98,0,0
B4634,,KR,11.7,72,57,64,3.76,0,0
B4635,,KR,19.9,72,44,58,5.26,0,0
B4636,,KR,16.5,58,47,52,3.5,0,0
B4637,,KR,21.2,67,46,56,5.22,0,0
B4638,,KR,17.2,62,41,51,3.51,0,0
B4639,,KR,17,63,42,52,3.61,0,0
B4640,,KR,17.2,52,40,46,2.86,0,0
B4641,,KR,11.8,73,54,63,3.68,0,0
B4642,,KR,24.4,74,44,59,6.67,0,0
B4643,,KR,13.8,55,45,50,2.4,15,11.5
B4644,,KR,12.5,53,44,48,2.26,0,0
B4645,,KR,14.8,65,51,58,3.91,0,0
B4646,,KR,12.6,78,70,74,5.42,0,0
B4647,,KR,13.1,95,78,86,7.61,0,0
B4648,,KR,20.6,70,53,61,6.02,0,0
B4649,,KR,13.9,66,49,57,3.55,0,0
B4650,,BNS,14.5,69,59,64,4.09,20,12.4
B4651,,KR,17.1,62,47,54,3.92,0,0
B4652,,KR,19.2,77,64,70,7.39,0,0
B4653,,KR,10.2,54,47,50,2,0,0
B4654,,MR,15.1,76,58,67,5.32,0,0
B4655,,MR,17.7,61,47,54,4.05,0,0
B4656,,MR,17.3,62,49,55,4.11,0,0
B4657,,MR,16.2,84,71,77,7.54,0,0
B4658,,MR,17,71,52,61,4.97,0,0
B4659,,MR,23.5,60,46,53,5.18,0,0
B4660,,MR,18,78,53,65,5.97,0,0
B4661,,MR,10.1,61,60,60,2.86,0,0
B4662,,MR,14.3,60,48,54,3.28,0,0
B4663,,MR,11.5,65,61,63,3.58,0,0
B4664,,MR,10.9,66,55,60,3.08,0,0
B4665,,KR,19.1,66,45,55,4.54,0,0
B4666,,KR,20,69,52,60,5.65,0,0
B4667,,KR,23.1,76,57,66,7.9,0,0
B4668,,KR,20.1,59,38,48,3.64,0,0
B4669,,MR,15.8,91,69,80,7.94,0,0
B4670,,MR,15.2,107,86,96,11,0,0
B4671,,MR,21,68,44,56,4.96,10,4.1
B4672,,MR,17.8,60,41,50,3.5,0,0
B4673,,MR,15.5,60,48,54,3.29,13,7.4
B4674,,MR,17.2,62,42,52,3.65,0,0
B4675,,MR,19,60,45,52,4.04,0,0
B4676,,MR,11.1,74,60,67,3.91,0,0
B4677,,MR,19.8,61,43,52,4.2,0,0
B4678,,MR,21,83,67,75,9.28,0,0
B4679,,MR,14.1,72,62,67,4.97,0,0
B4680,,MR,22.2,74,49,61,6.49,0,0
B4681,,MR,21.7,67,52,59,5.93,0,0
B4682,,MR,20.3,67,51,59,5.26,12,5.3
B4683,,KR,22.1,64,45,54,5.06,0,0
B4684,,MR,17.5,60,44,52,3.72,0,0
B4685,,MR,17.9,73,56,64,5.76,0,0
B4686,,KR,19.6,59,43,51,4,0,0
B4687,,KR,21.1,77,56,66,7.22,0,0
B4688,,KR,18.4,83,61,72,7.49,0,0
B4689,,MR,18.3,77,54,65,6.07,0,0
B4690,,KR,23,85,57,71,9.11,0,0
B4691,,KR,19.2,83,65,74,8.26,0,0
B4692,,MR,19.1,83,63,73,7.99,0,0
B4693,,KR,17.1,65,44,54,3.92,0,0
B4694,,BNS,14.4,67,55,61,4.21,0,0
B4695,,KR,14.9,75,61,68,5.41,0,0
B4696,,KR,15.5,59,41,50,3.04,0,0
B4697,,MR,18.6,60,45,52,3.95,0,0
B4698,,MR,14.3,65,51,58,3.78,0,0
B4699,,MR,17.3,61,48,54,3.96,0,0
B4700,,MR,18.3,66,46,56,3.98,17,11.7
B4701,,KR,14.8,56,44,50,2.91,0,0
B4702,,KR,19.1,78,55,66,6.53,0,0
B4703,,KR,17,64,44,54,3.89,0,0
B4704,,KR,19.9,59,37,48,3.6,0,0
B4705,,KR,22.2,58,39,48,4.02,0,0
B4706,,KR,15.2,57,45,51,3.11,0,0
B4707,,KR,18.2,62,47,54,4.17,0,0
B4708,,KR,14,53,41,47,2.43,0,0
B4709,,MR,22.8,68,48,58,6.02,0,0
B4710,,BNS,18.9,59,41,50,2.8,22,24.6
B4711,,MB,18.5,64,44,54,4.24,0,0
B4712,,BNS,19.7,71,54,62,5.66,12,4.8
B4713,,KR,19.5,64,51,57,4.98,0,0
B4714,,BNS,17,55,40,47,2.95,0,0
B4715,,BNS,15.3,73,56,64,4.7,12,4.5
B4716,,BNS,19.4,71,50,60,5.49,0,0
B4717,,KR,20.6,73,51,62,6.22,0,0
B4718,,BNS,18.4,79,62,70,6.42,19,9.4
B4719,,KR,19.9,57,47,52,4.23,0,0
B4720,,KR,16.5,64,49,56,3.41,20,16.2
B4721,,MR,15.3,60,44,52,3.25,0,0
B4722,,KR,15.1,54,46,50,2.96,0,0
B4723,,MR,21,60,42,51,4.29,0,0
B4724,,MR,18.5,64,52,58,4.89,0,0
B4725,,MR,19.6,63,52,57,5,0,0
B4726,,KR,19.6,77,53,65,6.5,0,0
B4727,,KR,22.4,59,41,50,4.4,0,0
B4728,,KR,16.2,66,52,59,4.43,0,0
B4729,,KR,16.1,54,41,47,2.79,0,0
B4730,,KR,20.6,68,47,57,5.26,0,0
B4731,,KR,20.9,69,48,58,5.52,0,0
B4732,,KR,23.1,75,48,61,6.75,0,0
B4733,,KR,18.3,95,71,83,9.9,0,0
B4734,,KR,16.5,71,48,59,4.51,0,0
B4735,,KR,16.9,65,50,57,4.31,0,0
B4736,,KR,16.8,66,46,56,4.14,0,0
B4737,,KR,18.7,70,46,58,4.94,0,0
B4738,,KR,17.3,56,43,49,3.09,10,5.3
B4739,,KR,19.1,70,45,57,4.87,0,0
B4740,,KR,20.9,62,37,49,3.94,0,0
B4741,,KR,17,59,46,52,3.61,0,0
B4742,,MR,12,60,53,56,2.96,0,0
B4743,,KR,18.1,84,61,72,7.37,0,0
B4744,,KR,20.3,77,53,65,6.74,0,0
B4745,,KR,20.6,61,40,50,4.04,0,0
B4746,,MR,16.7,71,63,67,5.89,0,0
B4747,,MR,21.6,72,50,61,6.31,0,0
B4748,,KR,21.9,64,44,54,5.02,0,0
B4749,,KR,18.3,72,52,62,5.52,0,0
B4750,,KR,17.2,77,68,72,7,0,0
B4751,,KR,20.8,63,43,53,4.59,0,0
B4752,,KR,19.7,59,48,53,3.56,20,18.1
B4753,,KR,18.4,61,44,52,3.91,0,0
B4754,,KR,17.4,65,49,57,4.44,0,0
B4755,,KR,17,50,41,45,2.7,0,0
B4756,,KR,22.9,65,40,52,4.86,0,0
B4757,,KR,19.7,65,45,55,4.68,0,0
B4758,,KR,23,85,64,74,9.89,0,0
B4759,,KR,21.8,68,47,57,5.56,0,0
B4760,,KR,16.3,56,41,48,2.95,0,0
B4761,,KR,18.8,69,59,64,6.05,0,0
B4762,,KR,12.6,55,45,50,2.32,11,6.2
B4763,,MR,21,60,41,50,4.12,0,0
B4764,,MB,15.8,67,54,60,4.28,11,4.3
B4765,,MB,13.5,53,42,47,2.34,0,0
B4766,,MR,8.2,60,57,58,2.03,13,6.4
B4767,,MR,12.8,60,46,53,2.82,0,0
B4768,,KR,16,64,60,62,4.83,0,0
B4769,,MB,10.8,59,45,52,2.08,14,9.2
B4770,,KR,18.3,69,47,58,4.84,0,0
B4771,,KR,19.3,62,40,51,3.94,0,0
B4772,,KR,18.5,63,40,51,3.78,0,0
B4773,,KR,17,54,34,44,2.58,0,0
B4774,,KR,20.7,65,42,53,4.57,0,0
B4775,,KR,16,62,40,51,3.27,0,0
B4776,,MR,10.8,63,51,57,2.76,0,0
B4777,,KR,13.7,60,41,50,2.69,0,0
B4778,,MB,16.1,65,52,58,4.25,0,0
B4779,,BNS,16.5,74,62,68,5.99,0,0
B4780,,KR,17.5,58,40,49,3.3,0,0
B4781,,MR,21,71,57,64,6.76,0,0
B4782,,MR,16.7,75,59,67,5.72,10,2.8
B4783,,MR,17,63,50,56,4.19,0,0
B4784,,KR,24.8,72,47,59,6.29,14,7.2
B4785,,MR,12.8,67,54,60,3.25,17,10.2
B4786,,MR,22.5,91,71,81,11.59,0,0
B4787,,MR,24.5,86,61,73,10.25,0,0
B4788,,MR,20.6,68,50,59,5.63,0,0
B4789,,MR,11.1,63,53,58,2.93,0,0
B4790,,MR,24.2,98,71,84,12.45,20,7.2
B4791,,MR,19.7,68,57,62,5.95,0,0
B4792,,MR,20.7,73,50,61,6.05,0,0
B4793,,MR,10.2,92,86,89,6.35,0,0
B4794,,KR,21.4,64,48,56,5.05,10,4.1
B4795,,KR,22.6,63,44,53,4.99,0,0
B4796,,KR,17.2,66,51,58,4.37,10,3.8
B4797,,KR,23.6,107,77,92,15.69,0,0
B4798,,MR,22.7,90,66,78,10.85,0,0
B4799,,KR,18.3,72,54,63,5.7,0,0
B4800,,KR,20.9,64,47,55,4.97,0,0
B4801,,KR,16.7,77,55,66,5.71,0,0
B4802,,KR,20,92,69,80,9.6,15,4.5
B4803,,KR,11.2,73,66,69,4.19,0,0
B4804,,KR,9.3,75,65,70,3.58,0,0
B4805,,KR,20.4,55,40,47,3.54,0,0
B4806,,KR,17.2,51,40,45,2.74,0,0
B4807,,KR,21,66,40,53,4.63,0,0
B4808,,KR,16.4,57,37,47,2.85,0,0
B4809,,MR,14.4,88,72,80,7.24,0,0
B4810,,MR,22.8,87,65,76,10.34,0,0
B4811,,MR,16.7,69,52,60,4.72,0,0
B4812,,KR,19.5,58,40,49,3.68,0,0
B4813,,KR,17.9,56,44,50,3.51,0,0
B4814,,KR,15.8,61,49,55,3.75,0,0
B4815,,KR,22,73,49,61,6.43,0,0
B4816,,KR,20,74,47,60,5.65,0,0
B4817,,KR,13.2,103,75,89,8.21,0,0
B4818,,KR,18.2,51,40,45,2.89,0,0
B4819,,KR,13.1,55,47,51,2.68,0,0
B4820,,KR,12.4,74,55,64,3.99,0,0
B4821,,KR,17,83,69,76,7.71,0,0
B4822,,MR,19.5,75,55,65,6.47,0,0
B4823,,KR,11.7,54,40,47,2.03,0,0
B4824,,KR,16.1,56,38,47,2.79,0,0
B4825,,KR,20.5,64,47,55,4.87,0,0
B4826,,KR,18.3,64,44,54,4.19,0,0
B4827,,KR,20.3,60,40,50,3.99,0,0
B4828,,KR,19.2,76,58,67,6.77,0,0
B4829,,KR,21.7,65,41,53,4.79,0,0
B4830,,KR,19.5,87,57,72,7.94,0,0
B4831,,KR,18.1,58,37,47,3.14,0,0
B4832,,KR,17.1,53,40,46,2.84,0,0
B4833,,KR,20.7,80,57,68,7.52,0,0
B4834,,KR,21.9,60,46,53,4.83,0,0
B4835,,KR,21,63,48,55,4.99,0,0
B4836,,KR,19.9,55,40,47,3.45,0,0
B4837,,BNS,13.9,52,47,49,2.62,0,0
B4838,,KR,15.1,53,38,45,2.4,0,0
B4839,,KR,18.8,53,40,46,3.12,0,0
B4840,,KR,18.6,53,34,43,2.7,0,0
B4841,,MR,21.7,71,50,60,6.14,0,0
B4842,,KR,20.8,70,49,59,5.69,0,0
B4843,,KR,17.7,57,42,49,2.83,17,15.3
B4844,,MR,13.8,67,56,61,4.03,0,0
B4845,,KR,17.3,56,45,50,2.84,18,16.5
B4846,,MR,17.5,68,57,62,5.28,0,0
B4847,,KR,16.2,54,40,47,2.81,0,0
B4848,,MR,18.5,68,55,61,5.41,0,0
B4849,,MR,16.1,60,43,51,3.29,0,0
B4850,,KR,18.9,63,48,55,4.49,0,0
B4851,,KR,21.8,78,55,66,7.46,0,0
B4852,,KR,18.1,74,53,63,5.64,0,0
B4853,,MR,20.9,68,48,58,5.52,0,0
B4854,,KR,16.5,60,44,52,3.5,0,0
B4855,,KR,19.1,57,45,51,3.9,0,0
B4856,,BNS,15.5,60,49,54,3.29,13,7.4
B4857,,MR,16.2,81,67,74,6.81,10,2.3
B4858,,MR,9.8,83,73,78,4.68,0,0
B4859,,BNS,12,56,49,52,2.28,15,10.6
B4860,,MR,11,62,53,57,2.81,0,0
B4861,,MR,9.5,66,56,61,2.68,10,3.4
B4862,,MR,9,73,67,70,3.46,0,0
B4863,,MR,15,74,53,63,4.46,12,4.6
B4864,,MR,20.4,65,46,55,4.85,0,0
B4865,,KR,16.5,80,63,71,6.53,0,0
B4866,,KR,18.9,64,43,53,4.17,0,0
B4867,,KR,20.4,90,57,73,8.54,0,0
B4868,,KR,17.4,80,53,66,5.95,0,0
B4869,,KR,17,81,52,66,5.82,0,0
B4870,,KR,20.8,59,38,48,3.76,0,0
B4871,,KR,16.5,57,48,52,3.5,0,0
B4872,,KR,16.8,57,44,50,3.3,0,0
B4873,,KR,13.7,51,38,44,2.08,0,0
B4874,,KR,16.1,66,45,55,3.83,0,0
B4875,,KR,13.1,54,45,49,2.47,0,0
B4876,,KR,20.3,66,50,58,5.36,0,0
B4877,,KR,17.4,60,47,53,3.84,0,0
B4878,,KR,16,52,43,47,2.78,0,0
B4879,,KR,19.5,74,49,61,5.7,0,0
B4880,,KR,16.3,68,50,59,4.26,11,4.4
B4881,,KR,12.2,70,58,64,3.92,0,0
B4882,,KR,18,56,43,49,3.39,0,0
B4883,,KR,18.6,67,47,57,4.75,0,0
B4884,,KR,19,55,36,45,3.02,0,0
B4885,,KR,20.1,58,39,48,3.64,0,0
B4886,,KR,18.6,81,65,73,7.78,0,0
B4887,,KR,19.6,59,40,49,3.7,0,0
B4888,,KR,23,72,46,59,6.29,0,0
B4889,,KR,20.3,56,39,47,3.52,0,0
B4890,,KR,20.7,52,43,47,3.59,0,0
B4891,,KR,11.7,51,40,45,1.86,0,0
B4892,,KR,17.1,91,71,81,8.81,0,0
B4893,,BNS,12,50,46,48,2.05,10,5.5
B4894,,KR,18.2,70,52,61,4.85,16,8.8
B4895,,BNS,12,62,53,57,3.06,0,0
B4896,,KR,18.8,56,40,48,3.4,0,0
B4897,,KR,21.2,72,55,63,6.61,0,0
B4898,,KR,16.9,62,45,53,3.73,0,0
B4899,,KR,19.4,66,52,59,5.3,0,0
B4900,,KR,21.3,72,49,60,6.02,0,0
B4901,,KR,19.7,65,51,58,5.01,10,3.8
B4902,,KR,20.2,60,41,50,3.97,0,0
B4903,,KR,22,68,42,55,5.23,0,0
B4904,,KR,21.5,74,50,62,6.49,0,0
B4905,,MR,19.3,74,56,65,6.4,0,0
B4906,,MR,17.1,68,52,60,4.83,0,0
B4907,,KR,20.3,60,48,54,4.65,0,0
B4908,,KR,17,65,52,58,4.49,0,0
B4909,,BNS,12.2,57,48,52,2.41,12,6.8
B4910,,BNS,14.2,51,42,46,2,16,15.4
B4911,,BNS,18.6,59,46,52,3.41,17,13.6
B4912,,BNS,18.5,54,38,46,3.07,0,0
B4913,,MR,17.1,61,47,54,3.92,0,0
B4914,,MR,16.7,72,54,63,5.21,0,0
B4915,,MR,13.2,62,50,56,3.25,0,0
B4916,,MR,11.1,77,62,69,3.87,16,6.8
B4917,,MR,14.3,60,45,52,3.04,0,0
B4918,,MR,17.1,63,48,55,4.06,0,0
B4919,,BNS,15.3,51,42,46,2.54,0,0
B4920,,BNS,13.2,59,47,53,2.91,0,0
B4921,,BNS,16,67,56,61,4.68,0,0
B4922,,BNS,12.3,71,62,66,3.77,19,10.5
B4923,,BNS,15.6,54,40,47,2.44,13,9.7
B4924,,KR,19.1,61,44,52,4.06,0,0
B4925,,KR,17.6,63,45,54,4.03,0,0
B4926,,KR,15.6,55,41,48,2.82,0,0
B4927,,KR,16.9,61,48,54,3.87,0,0
B4928,,KR,17.2,75,56,65,5.71,0,0
B4929,,KR,20,62,43,52,4.25,0,0
B4930,,KR,14.7,59,46,52,3.12,0,0
B4931,,KR,16.1,79,57,68,5.68,10,2.8
B4932,,KR,16.8,69,45,57,4.29,0,0
B4933,,KR,16.3,57,46,51,3.33,0,0
B4934,,KR,14,55,42,48,2.53,0,0
B4935,,KR,12.9,66,50,58,3.41,0,0
B4936,,KR,16.1,63,48,55,3.83,0,0
B4937,,KR,16.3,78,60,69,6.1,0,0
B4938,,BNS,14.5,64,51,57,3.28,17,11.3
B4939,,BNS,18.8,61,42,51,3.65,10,4.9
B4940,,MR,20.1,83,61,72,8.18,0,0
B4941,,MR,21,89,61,75,9.28,0,0
B4942,,BNS,18.2,62,44,53,3.83,10,4.5
B4943,,BNS,15.5,67,51,59,3.34,24,21.1
B4944,,KR,18.6,73,50,61,5.44,0,0
B4945,,KR,15.6,59,41,50,3.06,0,0
B4946,,KR,15.7,69,45,57,4.01,0,0
B4947,,KR,17.4,58,39,48,3.15,0,0
B4948,,KR,12.7,53,44,48,2.3,0,0
B4949,,KR,19.1,60,44,52,4.06,0,0
B4950,,KR,18.5,68,50,59,5.06,0,0
B4951,,BNS,18.4,59,45,52,3.6,13,8
B4952,,KR,18.4,67,50,58,4.86,0,0
B4953,,KR,18.4,62,44,53,4.06,0,0
B4954,,MR,20.1,66,51,58,5.31,0,0
B4955,,KR,16.4,55,39,47,2.85,0,0
B4956,,KR,18,96,71,83,9.74,0,0
B4957,,KR,18.2,55,41,48,3.29,0,0
B4958,,KR,17.3,64,51,57,4.41,0,0
B4959,,KR,18.9,56,37,46,3.14,0,0
B4960,,MR,15.7,60,50,55,3.73,0,0
B4961,,KR,18.1,66,50,58,4.78,0,0
B4962,,KR,16.1,56,40,48,2.91,0,0
B4963,,KR,17.2,65,41,53,3.79,0,0
B4964,,KR,13.5,56,40,48,2.44,0,0
B4965,,KR,17.1,71,56,63,4.99,14,6.3
B4966,,KR,14.3,59,42,50,2.81,0,0
B4967,,MR,13.1,81,65,73,5.48,0,0
B4968,,BNS,17.5,56,43,49,3.3,0,0
B4969,,MR,13.4,71,63,67,4.19,20,11.3
B4970,,MR,11.3,87,74,80,5.68,0,0
B4971,,MR,15.7,61,48,54,3.6,0,0
B4972,,KR,22.8,91,73,82,12.04,0,0
B4973,,KR,17,51,41,46,2.83,0,0
B4974,,KR,18.4,66,45,55,4.37,0,0
B4975,,KR,21.1,63,44,53,4.66,0,0
B4976,,KR,13.2,81,61,71,5.23,0,0
B4977,,KR,16.1,50,39,44,2.45,0,0
B4978,,KR,18.3,64,48,56,4.51,0,0
B4979,,KR,15.2,50,40,45,2.42,0,0
B4980,,KR,15,70,55,62,4.53,0,0
B4981,,KR,18.6,51,43,47,3.23,0,0
B4982,,KR,18.1,72,65,68,6.57,0,0
B4983,,KR,18.5,62,51,56,4.56,0,0
B4984,,KR,20.3,76,59,67,7.16,0,0
B4985,,KR,16.3,66,49,57,4.16,0,0
B4986,,KR,17.1,52,37,44,2.6,0,0
B4987,,KR,23.7,59,39,49,4.47,0,0
B4988,,MR,16.4,73,54,63,4.64,17,9.3
B4989,,MB,9,81,77,79,3.9,24,11.7
B4990,,KR,20.9,78,55,66,7.15,0,0
B4991,,KR,16.6,62,51,56,3.66,16,10.4
B4992,,MR,15.5,61,42,51,3.17,0,0
B4993,,MR,14.5,63,49,56,3.57,0,0
B4994,,KR,21.3,68,49,58,5.63,0,0
B4995,,KR,19.8,58,40,49,3.73,0,0
B4996,,KR,20.9,94,65,79,10.24,0,0
B4997,,KR,21.3,62,42,52,4.52,0,0
B4998,,KR,18.4,60,39,49,3.47,0,0
B4999,,KR,16.8,62,43,52,3.57,0,0
B5000,,KR,15.3,62,52,57,3.75,10,3.9
B5001,,KR,19.4,67,42,54,4.44,0,0
B5002,,KR,17.7,66,44,55,4.21,0,0
B5003,,KR,16.8,59,39,49,3.17,0,0
B5004,,KR,20.1,80,56,68,7.3,0,0
B5005,,KR,17.7,66,48,57,4.52,0,0
B5006,,KR,17.6,58,45,51,3.6,0,0
B5007,,KR,21.1,81,58,69,7.89,0,0
B5008,,KR,19.1,69,54,61,5.58,0,0
B5009,,KR,18.2,75,60,67,6.42,0,0
B5010,,MR,16.2,62,47,54,3.06,20,17.5
B5011,,KR,18.5,60,44,52,3.93,0,0
B5012,,MR,19.7,60,44,52,4.18,0,0
B5013,,MR,13.9,76,51,63,4.33,0,0
B5014,,MR,18,67,51,59,4.92,0,0
B5015,,BNS,16.2,55,42,48,2.93,0,0
B5016,,MR,11,70,59,64,3.54,0,0
B5017,,MR,16.5,60,44,52,3.27,12,6.8
B5018,,MR,9.3,87,73,80,4.67,0,0
B5019,,BNS,14.8,55,49,52,3.14,0,0
B5020,,KR,16.9,65,49,57,4.31,0,0
B5021,,KR,9.8,72,58,65,3.25,0,0
B5022,,KR,14.9,56,46,51,3.04,0,0
B5023,,MR,13.4,61,53,57,3.42,0,0
B5024,,MR,19,74,62,68,6.9,0,0
B5025,,MR,15.6,68,61,64,5.02,0,0
B5026,,MR,14,60,41,50,2.47,14,10
B5027,,KR,17.8,90,65,77,8.29,0,0
B5028,,KR,18.9,55,41,48,3.42,0,0
B5029,,KR,17.3,54,39,46,2.88,0,0
B5030,,KR,13,53,37,45,2.07,0,0
B5031,,KR,20.9,64,43,53,4.4,10,4.5
B5032,,KR,23.2,56,40,48,4.2,0,0
B5033,,KR,20.5,87,70,78,9.8,0,0
B5034,,KR,16.9,58,37,47,2.93,0,0
B5035,,KR,18,62,43,52,3.82,0,0
B5036,,KR,18.6,57,46,51,3.61,10,4.9
B5037,,KR,16.8,74,64,69,6.28,0,0
B5038,,MR,18.2,76,62,69,6.81,0,0
B5039,,MR,19.7,60,43,51,4.02,0,0
B5040,,MR,15.6,80,62,71,6.18,0,0
B5041,,MR,21.8,66,50,58,5.76,0,0
B5042,,KR,16.8,77,60,68,6.1,0,0
B5043,,MR,13.1,62,53,57,3.34,0,0
B5044,,MB,15.5,69,52,60,4.16,12,5.1
B5045,,MR,18.7,90,67,78,8.94,0,0
B5046,,KR,17.9,72,57,64,5.76,0,0
B5047,,BNS,14.6,64,48,56,2.75,24,23.4
B5048,,MR,19.9,63,41,52,4.23,0,0
B5049,,MR,19.8,75,59,67,6.98,0,0
B5050,,KR,19.8,80,55,67,6.98,0,0
B5051,,KR,17.5,62,46,54,4.01,0,0
B5052,,KR,19.3,66,50,58,5.1,0,0
B5053,,MR,15.8,85,69,77,6.72,20,8.6
B5054,,BNS,17.2,89,69,79,7.93,17,5.9
B5055,,BNS,18.8,63,48,55,4.47,0,0
B5056,,KR,18.4,54,38,46,3.06,0,0
B5057,,MR,22,60,44,52,4.67,0,0
B5058,,MR,20,65,49,57,5.1,0,0
B5059,,KR,18,75,56,65,5.97,0,0
B5060,,MR,17.3,61,49,55,3.27,22,20.4
B5061,,KR,22,71,52,61,6.43,0,0
B5062,,KR,16.5,51,37,44,2.51,0,0
B5063,,MR,23,71,49,60,6.5,0,0
B5064,,KR,19.6,67,45,56,4.83,0,0
B5065,,MR,19,89,68,78,8.32,20,8.4
B5066,,MR,18.6,78,57,67,6.56,0,0
B5067,,KR,13.5,54,45,49,2.55,0,0
B5068,,KR,18.9,72,50,61,5.52,0,0
B5069,,MR,19.1,77,60,68,6.94,0,0
B5070,,MR,19.6,63,51,57,5,0,0
B5071,,MR,19,70,54,62,5.74,0,0
B5072,,MR,21.8,83,66,74,9.38,0,0
B5073,,MR,22,62,42,52,4.67,0,0
B5074,,MR,21.9,60,51,55,5.2,0,0
B5075,,MR,22.9,113,91,102,18.71,0,0
B5076,,KR,20.5,63,51,57,4.57,18,12.7
B5077,,MR,15.8,70,54,62,4.77,0,0
B5078,,MR,17.7,72,58,65,5.7,10,3
B5079,,MR,19.8,66,44,55,4.7,0,0
B5080,,MR,18.7,72,60,66,6.4,0,0
B5081,,BNS,12.7,100,89,94,8.81,0,0
B5082,,MR,20.9,98,68,83,11.31,0,0
B5083,,MR,13.2,88,72,80,6.64,0,0
B5084,,MR,14.8,72,60,66,5.06,0,0
B5085,,MR,13.3,92,73,82,7.02,0,0
B5086,,MR,16.1,73,63,68,5.85,0,0
B5087,,BNS,17.5,103,86,94,11.05,25,9
B5088,,MR,17.8,82,58,70,6.85,0,0
B5089,,MR,14.6,77,67,72,5.94,0,0
B5090,,MR,17.8,62,50,56,4.38,0,0
B5091,,MR,22.8,79,61,70,8.77,0,0
B5092,,MR,22.2,62,45,53,4.9,0,0
B5093,,BNS,12.2,75,68,71,4.83,0,0
B5094,,MR,14.5,73,60,66,4.96,0,0
B5095,,MR,18.4,60,48,54,4.21,0,0
B5096,,MR,22.7,86,60,73,9.5,0,0
B5097,,MR,16.7,60,44,52,3.55,0,0
B5098,,KR,23.4,72,51,61,6.84,0,0
B5099,,KR,20.3,82,64,73,8.5,0,0
B5100,,KR,23.3,87,66,76,10.57,0,0
B5101,,KR,21,84,65,74,9.03,0,0
B5102,,KR,23.8,69,47,58,6.29,0,0
B5103,,KR,20.8,55,45,50,4.08,0,0
B5104,,KR,15.9,84,61,72,6.47,0,0
B5105,,KR,13.5,72,62,67,4.76,0,0
B5106,,KR,14.3,87,72,79,7.01,0,0
B5107,,MR,16,60,50,55,3.64,10,4.2
B5108,,KR,23.5,66,51,58,6.21,0,0
B5109,,KR,18.6,59,39,49,3.51,0,0
B5110,,KR,20.4,83,42,62,6.16,0,0
B5111,,KR,20.4,71,51,61,5.96,0,0
B5112,,BNS,19,92,70,81,9.79,0,0
B5113,,MR,11.5,62,57,59,3.14,0,0
B5114,,MR,20.6,64,45,54,4.72,0,0
B5115,,MR,17.9,64,44,54,4.1,0,0
B5116,,BNS,9.5,116,106,111,8.6,25,6.5
B5117,,MR,14.4,96,84,90,9.16,0,0
B5118,,KR,22.7,81,53,67,8,0,0
B5119,,KR,24.5,73,52,62,7.4,0,0
B5120,,KR,21.7,65,45,55,5.16,0,0
B5121,,KR,18,56,41,48,3.26,0,0
B5122,,KR,17.8,78,64,71,7.05,0,0
B5123,,KR,9.4,82,69,75,4.15,0,0
B5124,,KR,16.1,59,47,53,3.55,0,0
B5125,,KR,20.1,62,45,53,4.43,0,0
B5126,,KR,19.6,73,57,65,6.5,0,0
B5127,,MRS,19.4,62,41,51,3.96,0,0
B5128,,KR,20.9,60,46,53,4.61,0,0
B5129,,KR,20.1,74,57,65,6.67,0,0
B5130,,KR,20.5,70,58,64,6.59,0,0
B5131,,MR,17,60,42,51,2.98,17,14.1
B5132,,BNS,20.1,85,67,76,8.32,20,8.8
B5133,,MB,19.5,62,46,54,4.47,0,0
B5134,,MB,15.4,59,44,51,2.93,12,7
B5135,,KR,22.4,73,47,60,6.33,0,0
B5136,,KR,22.7,71,48,59,6.21,0,0
B5137,,KR,17.8,58,39,48,3.22,0,0
B5138,,KR,19.9,68,43,55,4.49,11,5.1
B5139,,KR,15.3,69,52,60,4.33,0,0
B5140,,KR,19.4,54,36,45,3.09,0,0
B5141,,KR,14.6,77,60,68,5.3,0,0
B5142,,MR,17.4,61,47,54,3.98,0,0
B5143,,MR,10.9,93,78,85,6.03,12,2.5
B5144,,MR,18.8,63,47,55,4.47,0,0
B5145,,MR,15.9,61,50,55,3.78,0,0
B5146,,MR,17.5,65,52,58,4.62,0,0
B5147,,BNS,16.4,66,55,60,4.36,13,6
B5148,,MR,16.2,61,52,56,3.99,0,0
B5149,,BNS,16,74,57,65,4.79,18,9.8
B5150,,MR,14.4,68,57,62,4.35,0,0
B5151,,MR,22,62,41,51,4.49,0,0
B5152,,KR,18,64,43,53,3.97,0,0
B5153,,KR,17,61,47,54,3.89,0,0
B5154,,KR,16,67,52,59,4.21,10,3.7
B5155,,KR,19.4,76,63,69,7.25,0,0
B5156,,KR,19.6,70,54,62,5.92,0,0
B5157,,KR,17.2,54,35,44,2.62,0,0
B5158,,KR,17.2,68,54,61,5.03,0,0
B5159,,KR,21.2,70,45,57,5.41,0,0
B5160,,KR,13.7,55,48,51,2.8,0,0
B5161,,KR,11.2,65,56,60,2.98,13,6
B5162,,KR,14.6,53,40,46,2.43,0,0
B5163,,KR,13.2,56,44,50,2.59,0,0
B5164,,KR,20,66,50,58,5.28,0,0
B5165,,KR,17,55,40,47,2.95,0,0
B5166,,MR,18.7,68,55,61,5.24,11,4.1
B5167,,KR,16.7,71,52,61,4.88,0,0
B5168,,KR,13.9,53,40,46,2.31,0,0
B5169,,KR,12.2,66,52,59,3.34,0,0
B5170,,KR,14.7,56,46,51,2.79,12,7
B5171,,BNS,14.6,63,48,55,3.47,0,0
B5172,,BNS,15.3,51,40,45,2.43,0,0
B5173,,MB,16,70,55,62,4.83,0,0
B5174,,KR,15.9,53,38,45,2.53,0,0
B5175,,KR,17.3,78,57,67,6.1,0,0
B5176,,KR,17.5,54,42,48,3.17,0,0
B5177,,KR,17.1,82,67,74,7.15,11,2.8
B5178,,MR,13.8,61,52,56,3.26,10,4.1
B5179,,MR,14.7,60,46,53,3.1,10,4.5
B5180,,KR,15.7,53,41,47,2.72,0,0
B5181,,KR,19.8,75,51,63,6.17,0,0
B5182,,KR,22.7,69,48,58,6,0,0
B5183,,KR,22.2,62,42,52,4.71,0,0
B5184,,KR,16.2,67,57,62,4.89,0,0
B5185,,KR,12.5,50,42,46,2.08,0,0
B5186,,KR,14.6,68,55,61,4.27,0,0
B5187,,KR,12.5,56,52,54,2.74,10,4.4
B5188,,MR,17.5,74,65,69,6.54,0,0
B5189,,MR,21.4,65,45,55,5.08,0,0
B5190,,KR,22.8,60,45,52,4.84,0,0
B5191,,KR,20.2,62,40,51,4.13,0,0
B5192,,KR,19.3,64,42,53,4.26,0,0
B5193,,KR,16.9,50,34,42,2.34,0,0
B5194,,KR,15.2,74,53,63,4.74,0,0
B5195,,KR,22.2,53,37,45,3.53,0,0
B5196,,MR,12.3,66,58,62,3.71,0,0
B5197,,KR,17.2,70,51,60,4.86,0,0
B5198,,KR,12.7,54,44,49,2.39,0,0
B5199,,MR,11.6,60,49,54,2.49,12,6.3
B5200,,KR,13.6,75,59,67,4.79,0,0
B5201,,KR,15,87,68,77,6.98,0,0
B5202,,MR,19.6,60,45,52,4.16,0,0
B5203,,MB,17.6,71,47,59,4.81,0,0
B5204,,MR,9.3,90,76,83,4.94,10,1.8
B5205,,KR,14.7,74,62,68,5.34,0,0
B5206,,KR,15.6,88,73,80,7.84,0,0
B5207,,KR,21.3,80,43,61,6.22,0,0
B5208,,KR,18.6,75,46,60,5.26,0,0
B5209,,MR,16.1,63,52,57,4.11,0,0
B5210,,MR,13.4,76,62,69,5.01,0,0
B5211,,MR,19.4,61,48,54,4.44,0,0
B5212,,KR,15.4,68,48,58,4.07,0,0
B5213,,KR,21.4,62,41,51,4.37,0,0
B5214,,KR,21.9,66,48,57,5.37,10,3.9
B5215,,KR,18.7,70,49,59,4.8,13,6.2
B5216,,MB,18.3,73,55,64,5.53,14,6.1
B5217,,MR,15.9,62,49,55,3.78,0,0
B5218,,KR,13.8,68,57,62,4.17,0,0
B5219,,KR,17.1,82,68,75,7.55,0,0
B5220,,MR,24.6,83,62,72,10.02,0,0
B5221,,MR,24.3,86,64,75,10.74,0,0
B5222,,BNS,16.9,62,46,54,3.87,0,0
B5223,,MR,13.1,73,58,65,4.35,0,0
B5224,,KR,16.7,50,35,42,2.31,0,0
B5225,,KR,17.1,50,37,43,2.48,0,0
B5226,,KR,23.2,60,40,50,4.56,0,0
B5227,,KR,20.9,65,48,56,5.15,0,0
B5228,,KR,16.8,55,47,51,3.43,0,0
B5229,,KR,19.4,56,47,51,3.96,0,0
B5230,,KR,9.9,70,60,65,3.29,0,0
B5231,,MR,10.6,66,60,63,3.2,10,3.2
B5232,,MR,13.5,67,51,59,3.53,11,4.4
B5233,,MR,13.7,63,51,57,3.3,12,5.6
B5234,,MR,15.8,68,52,60,3.84,20,14.1
B5235,,MB,14.6,80,65,72,5.52,17,7.1
B5236,,MR,11.5,61,50,55,2.44,16,10.8
B5237,,MR,9.4,67,61,64,2.93,10,3.1
B5238,,MR,10.3,60,47,53,2.27,0,0
B5239,,MR,20.8,69,41,55,4.59,13,7.1
B5240,,KR,22.3,78,53,65,7.4,0,0
B5241,,KR,17,60,43,51,3.47,0,0
B5242,,KR,21.6,68,49,58,5.71,0,0
B5243,,KR,23,62,43,52,4.88,0,0
B5244,,KR,18.1,67,57,62,5.46,0,0
B5245,,BNS,16.8,95,81,88,10.22,0,0
B5246,,MR,16.5,88,57,72,6.72,0,0
B5247,,MR,15.3,71,57,64,4.92,0,0
B5248,,MR,16.3,69,52,60,4.61,0,0
B5249,,MR,21.6,65,43,54,4.95,0,0
B5250,,BNS,14.3,68,57,62,3.49,24,19.1
B5251,,BNS,15.4,67,51,59,3.09,27,26.7
B5252,,KR,18.4,62,42,52,3.91,0,0
B5253,,KR,13.8,70,54,62,4.17,0,0
B5254,,KR,18,83,59,71,7.13,0,0
B5255,,KR,19.6,64,45,54,4.49,0,0
B5256,,KR,17.6,68,51,59,4.81,0,0
B5257,,KR,20,59,39,49,3.77,0,0
B5258,,KR,22.2,67,52,59,5.84,10,3.7
B5259,,KR,18.2,69,50,59,4.98,0,0
B5260,,KR,18.4,57,45,51,3.76,0,0
B5261,,MR,19.8,96,69,82,10.46,0,0
B5262,,KR,14.1,51,38,44,2.14,0,0
B5263,,KR,17,55,37,46,2.83,0,0
B5264,,KR,13.6,55,41,48,2.46,0,0
B5265,,KR,18,63,42,52,3.82,0,0
B5266,,KR,24.1,80,52,66,8.25,0,0
B5267,,KR,17.2,55,42,48,3.11,0,0
B5268,,KR,22.7,69,44,56,5.59,0,0
B5269,,KR,18.7,60,41,50,3.67,0,0
B5270,,KR,20.4,71,46,58,5.39,0,0
B5271,,MR,18.4,72,51,61,5.38,0,0
B5272,,MR,15.3,66,52,59,4.18,0,0
B5273,,MR,17.6,67,53,60,4.98,0,0
B5274,,MR,16,63,43,53,3.53,0,0
B5275,,MR,15.2,62,50,56,3.74,0,0
B5276,,MR,17.2,83,66,74,7.4,0,0
B5277,,KR,18,56,45,50,3.53,0,0
B5278,,KR,18.7,77,49,63,5.83,0,0
B5279,,KR,18,55,45,50,3.53,0,0
B5280,,KR,15.2,66,55,60,4.3,0,0
B5281,,KR,17.4,61,50,55,4.13,0,0
B5282,,MRS,20.4,79,56,67,7.19,0,0
B5283,,KR,21.1,77,58,67,7.44,0,0
B5284,,KR,21.8,68,48,58,5.76,0,0
B5285,,KR,16.6,65,46,55,3.94,0,0
B5286,,KR,15.6,81,59,70,6,0,0
B5287,,KR,17.8,63,40,51,3.64,0,0
B5288,,KR,17.4,67,49,58,4.6,0,0
B5289,,MR,10.1,63,52,57,2.17,20,15.7
B5290,,MR,15.4,79,60,69,5.76,0,0
B5291,,MR,16,60,49,54,3.5,10,4.4
B5292,,MR,10.4,92,81,86,5.89,12,2.5
B5293,,MR,19.1,60,46,53,4.21,0,0
B5294,,BNS,21.7,86,63,74,8.97,13,3.9
B5295,,MR,16.9,76,63,69,6.32,0,0
B5296,,MR,21,73,51,62,6.34,0,0
B5297,,MR,19.7,75,54,64,6.34,0,0
B5298,,MR,19.9,90,67,78,9.51,0,0
B5299,,MR,21,72,51,61,6.14,0,0
B5300,,MR,21.8,67,47,57,5.56,0,0
B5301,,MR,22.6,85,64,74,9.72,0,0
B5302,,MR,20.8,74,46,60,5.68,10,3.5
B5303,,MR,16,78,62,70,6.16,0,0
B5304,,MR,17.6,73,61,67,5.81,15,6.4
B5305,,MR,21.4,72,60,66,7.32,0,0
B5306,,MR,19.5,65,51,58,5.15,0,0
B5307,,MR,16.3,61,49,55,3.64,12,6.1
B5308,,MR,11.7,66,57,61,3.42,0,0
B5309,,MR,14.5,71,59,65,4.81,0,0
B5310,,BNS,14.4,54,44,49,2.39,15,11.9
B5311,,BNS,20.5,67,48,57,5.23,0,0
B5312,,KR,15.6,67,53,60,4.41,0,0
B5313,,KR,20.8,75,56,65,6.9,0,0
B5314,,KR,14.6,55,44,49,2.75,0,0
B5315,,KR,16.2,55,42,48,2.93,0,0
B5316,,KR,10.3,52,44,48,1.86,0,0
B5317,,MR,11.8,66,55,60,3,17,10.2
B5318,,KR,12.3,57,41,49,2.32,0,0
B5319,,MR,16.9,69,51,60,4.61,10,3.5
B5320,,MR,19.7,64,50,57,5.03,0,0
B5321,,KR,18.8,73,55,64,6.05,0,0
B5322,,KR,19.1,67,46,56,4.7,0,0
B5323,,KR,16.4,72,52,62,4.95,0,0
B5324,,BNS,16,66,53,59,4.02,15,8.2
B5325,,KR,17.4,65,44,54,3.98,0,0
B5326,,KR,14.9,63,41,52,3.16,0,0
B5327,,KR,13.6,50,38,44,2.07,0,0
B5328,,KR,15.5,52,40,46,2.58,0,0
B5329,,KR,15,51,38,44,2.28,0,0
B5330,,KR,17.5,60,42,51,3.57,0,0
B5331,,KR,14.7,52,37,44,2.24,0,0
B5332,,KR,14.1,55,46,50,2.77,0,0
B5333,,KR,11.7,53,43,48,2.12,0,0
B5334,,KR,11.9,52,36,44,1.81,0,0
B5335,,KR,22.2,63,43,53,4.9,0,0
B5336,,KR,20.2,77,53,65,6.7,0,0
B5337,,KR,18.2,62,41,51,3.72,0,0
B5338,,KR,17.3,59,48,53,3.82,0,0
B5339,,KR,13.2,53,41,47,2.29,0,0
B5340,,KR,13.2,61,53,57,3.37,0,0
B5341,,KR,14.2,53,43,48,2.57,0,0
B5342,,KR,16.6,60,45,52,3.53,0,0
B5343,,MR,14.3,60,42,51,2.78,10,4.9
B5344,,KR,17.7,60,46,53,3.9,0,0
B5345,,KR,15.2,56,44,50,2.98,0,0
B5346,,BNS,15.5,61,46,53,3.12,14,8.9
B5347,,MB,11.5,56,43,49,2.17,0,0
B5348,,MB,16.1,68,54,61,4.71,0,0
B5349,,MR,14.9,61,51,56,3.52,10,4.1
B5350,,KR,13.3,68,51,59,3.64,0,0
B5351,,KR,20.3,59,40,49,3.83,0,0
B5352,,MR,17.2,69,56,62,5.02,10,3.3
B5353,,MR,16,65,50,57,4.08,0,0
B5354,,MR,13.8,76,59,67,4.47,17,8.2
B5355,,KR,18.6,75,44,59,5.09,0,0
B5356,,BNS,23.1,70,55,62,6.97,0,0
B5357,,MR,21,93,68,80,10.56,0,0
B5358,,MR,24.2,87,60,73,10.13,0,0
B5359,,MR,18.7,104,84,94,12.43,17,4.2
B5360,,MR,10,88,81,84,5.14,20,7.2
B5361,,MR,15.7,107,88,97,10.98,20,5.4
B5362,,MR,14.1,78,66,72,5.74,0,0
B5363,,MR,12.3,66,57,61,3.59,0,0
B5364,,KR,21.8,79,62,70,8.39,0,0
B5365,,KR,23,93,62,77,10.71,0,0
B5366,,KR,19.2,68,50,59,5.25,0,0
B5367,,KR,21.3,65,47,56,4.94,12,5.8
B5368,,KR,19.8,64,48,56,4.88,0,0
B5369,,KR,15.6,62,45,53,3.44,0,0
B5370,,BNS,16.2,60,46,53,3.41,10,4.5
B5371,,MR,15.6,65,53,59,4.27,0,0
B5372,,BNS,13.6,97,91,94,8.59,25,9
B5373,,KR,18.1,62,49,55,4.3,0,0
B5374,,KR,14.9,52,38,45,2.37,0,0
B5375,,KR,12,78,63,70,4.62,0,0
B5376,,KR,13.9,63,54,58,3.67,0,0
B5377,,MR,14.9,62,48,55,3.54,0,0
B5378,,MR,17.6,87,77,82,9.08,11,2.3
B5379,,KR,17.5,74,65,69,6.54,0,0
B5380,,KR,19.4,71,51,61,5.67,0,0
B5381,,KR,15.8,55,43,49,2.98,0,0
B5382,,KR,17.7,63,45,54,4.05,0,0
B5383,,KR,20.3,61,43,52,4.31,0,0
B5384,,KR,16.5,78,52,65,5.48,0,0
B5385,,KR,20.9,67,53,60,5.91,0,0
B5386,,KR,14.4,71,58,64,4.63,0,0
B5387,,KR,15.1,76,61,68,5.48,0,0
B5388,,MR,22,90,67,78,10.02,15,4.7
B5389,,MR,14.8,71,60,65,4.91,0,0
B5390,,MR,18.3,63,50,56,4.51,0,0
B5391,,MR,16.4,71,53,62,4.63,14,6.5
B5392,,MR,18.3,69,52,60,5.17,0,0
B5393,,MR,16.5,60,44,52,3.5,0,0
B5394,,MR,12.6,60,47,53,2.78,0,0
B5395,,MR,16.1,73,56,64,5.18,0,0
B5396,,MR,14.1,62,47,54,2.66,20,17.5
B5397,,MR,16.5,60,42,51,3.37,0,0
B5398,,BNS,17.5,97,77,87,10.4,0,0
B5399,,KR,23.4,70,51,60,6.62,0,0
B5400,,KR,13.7,64,61,62,3.41,23,17.5
B5401,,KR,20,78,66,72,8.14,0,0
B5402,,KR,21,87,57,72,8.55,0,0
B5403,,BNS,12.3,144,112,128,15.59,14,1.5
B5404,,KR,17.7,67,43,55,3.99,11,5.1
B5405,,KR,20,59,46,52,4.25,0,0
B5406,,MR,16.5,63,55,59,4.51,0,0
B5407,,BNS,17.3,60,50,55,4.11,0,0
B5408,,MB,14.4,84,73,78,6.3,20,8.4
B5409,,MR,16,66,47,56,3.78,10,4.1
B5410,,MR,10.5,62,51,56,2.59,0,0
B5411,,MR,18.3,60,47,53,3.86,10,4.5
B5412,,MR,12.1,68,63,65,3.89,10,3
B5413,,MB,13.4,59,51,55,3.18,0,0
B5414,,MR,15.1,62,52,57,3.85,0,0
B5415,,KR,22,72,51,61,6.43,0,0
B5416,,KR,21,63,42,52,4.46,0,0
B5417,,KR,16.5,63,48,55,3.92,0,0
B5418,,BNS,18.4,63,45,54,4.21,0,0
B5419,,BNS,17.1,63,48,55,4.06,0,0
